solid ek_tm4c129exl_holder
  facet normal -1.000000 0.000000 0.000000
    outer loop
      vertex 0.000000 0.000000 0.000000
      vertex 0.000000 5.600000 0.000000
      vertex 0.000000 5.600000 3.000000
    endloop
  endfacet
  facet normal -1.000000 0.000000 0.000000
    outer loop
      vertex 0.000000 0.000000 0.000000
      vertex 0.000000 5.600000 3.000000
      vertex 0.000000 0.000000 3.000000
    endloop
  endfacet
  facet normal 0.000000 -1.000000 0.000000
    outer loop
      vertex 0.000000 0.000000 0.000000
      vertex 0.000000 0.000000 3.000000
      vertex 5.600000 0.000000 3.000000
    endloop
  endfacet
  facet normal 0.000000 -1.000000 0.000000
    outer loop
      vertex 0.000000 0.000000 0.000000
      vertex 5.600000 0.000000 3.000000
      vertex 5.600000 0.000000 0.000000
    endloop
  endfacet
  facet normal 0.000000 0.000000 -1.000000
    outer loop
      vertex 0.000000 0.000000 0.000000
      vertex 5.600000 0.000000 0.000000
      vertex 5.600000 5.600000 0.000000
    endloop
  endfacet
  facet normal 0.000000 0.000000 -1.000000
    outer loop
      vertex 0.000000 0.000000 0.000000
      vertex 5.600000 5.600000 0.000000
      vertex 0.000000 5.600000 0.000000
    endloop
  endfacet
  facet normal 0.000000 0.000000 1.000000
    outer loop
      vertex 0.000000 0.000000 3.000000
      vertex 0.000000 5.600000 3.000000
      vertex 5.600000 5.600000 3.000000
    endloop
  endfacet
  facet normal 0.000000 0.000000 1.000000
    outer loop
      vertex 0.000000 0.000000 3.000000
      vertex 5.600000 5.600000 3.000000
      vertex 5.600000 0.000000 3.000000
    endloop
  endfacet
  facet normal -1.000000 0.000000 0.000000
    outer loop
      vertex 0.000000 5.600000 0.000000
      vertex 0.000000 8.000000 0.000000
      vertex 0.000000 8.000000 3.000000
    endloop
  endfacet
  facet normal -1.000000 0.000000 0.000000
    outer loop
      vertex 0.000000 5.600000 0.000000
      vertex 0.000000 8.000000 3.000000
      vertex 0.000000 5.600000 3.000000
    endloop
  endfacet
  facet normal 0.000000 0.000000 -1.000000
    outer loop
      vertex 0.000000 5.600000 0.000000
      vertex 5.600000 5.600000 0.000000
      vertex 5.600000 8.000000 0.000000
    endloop
  endfacet
  facet normal 0.000000 0.000000 -1.000000
    outer loop
      vertex 0.000000 5.600000 0.000000
      vertex 5.600000 8.000000 0.000000
      vertex 0.000000 8.000000 0.000000
    endloop
  endfacet
  facet normal 0.000000 0.000000 1.000000
    outer loop
      vertex 0.000000 5.600000 3.000000
      vertex 0.000000 8.000000 3.000000
      vertex 5.600000 8.000000 3.000000
    endloop
  endfacet
  facet normal 0.000000 0.000000 1.000000
    outer loop
      vertex 0.000000 5.600000 3.000000
      vertex 5.600000 8.000000 3.000000
      vertex 5.600000 5.600000 3.000000
    endloop
  endfacet
  facet normal -1.000000 0.000000 0.000000
    outer loop
      vertex 0.000000 8.000000 0.000000
      vertex 0.000000 10.300000 0.000000
      vertex 0.000000 10.300000 3.000000
    endloop
  endfacet
  facet normal -1.000000 0.000000 0.000000
    outer loop
      vertex 0.000000 8.000000 0.000000
      vertex 0.000000 10.300000 3.000000
      vertex 0.000000 8.000000 3.000000
    endloop
  endfacet
  facet normal 0.000000 0.000000 -1.000000
    outer loop
      vertex 0.000000 8.000000 0.000000
      vertex 5.600000 8.000000 0.000000
      vertex 5.600000 10.300000 0.000000
    endloop
  endfacet
  facet normal 0.000000 0.000000 -1.000000
    outer loop
      vertex 0.000000 8.000000 0.000000
      vertex 5.600000 10.300000 0.000000
      vertex 0.000000 10.300000 0.000000
    endloop
  endfacet
  facet normal 0.000000 0.000000 1.000000
    outer loop
      vertex 0.000000 8.000000 3.000000
      vertex 0.000000 10.300000 3.000000
      vertex 5.600000 10.300000 3.000000
    endloop
  endfacet
  facet normal 0.000000 0.000000 1.000000
    outer loop
      vertex 0.000000 8.000000 3.000000
      vertex 5.600000 10.300000 3.000000
      vertex 5.600000 8.000000 3.000000
    endloop
  endfacet
  facet normal -1.000000 0.000000 0.000000
    outer loop
      vertex 0.000000 10.300000 0.000000
      vertex 0.000000 15.000000 0.000000
      vertex 0.000000 15.000000 3.000000
    endloop
  endfacet
  facet normal -1.000000 0.000000 0.000000
    outer loop
      vertex 0.000000 10.300000 0.000000
      vertex 0.000000 15.000000 3.000000
      vertex 0.000000 10.300000 3.000000
    endloop
  endfacet
  facet normal 0.000000 0.000000 -1.000000
    outer loop
      vertex 0.000000 10.300000 0.000000
      vertex 5.600000 10.300000 0.000000
      vertex 5.600000 15.000000 0.000000
    endloop
  endfacet
  facet normal 0.000000 0.000000 -1.000000
    outer loop
      vertex 0.000000 10.300000 0.000000
      vertex 5.600000 15.000000 0.000000
      vertex 0.000000 15.000000 0.000000
    endloop
  endfacet
  facet normal 0.000000 0.000000 1.000000
    outer loop
      vertex 0.000000 10.300000 3.000000
      vertex 0.000000 15.000000 3.000000
      vertex 5.600000 15.000000 3.000000
    endloop
  endfacet
  facet normal 0.000000 0.000000 1.000000
    outer loop
      vertex 0.000000 10.300000 3.000000
      vertex 5.600000 15.000000 3.000000
      vertex 5.600000 10.300000 3.000000
    endloop
  endfacet
  facet normal -1.000000 0.000000 0.000000
    outer loop
      vertex 0.000000 15.000000 0.000000
      vertex 0.000000 18.300000 0.000000
      vertex 0.000000 18.300000 3.000000
    endloop
  endfacet
  facet normal -1.000000 0.000000 0.000000
    outer loop
      vertex 0.000000 15.000000 0.000000
      vertex 0.000000 18.300000 3.000000
      vertex 0.000000 15.000000 3.000000
    endloop
  endfacet
  facet normal 0.000000 0.000000 -1.000000
    outer loop
      vertex 0.000000 15.000000 0.000000
      vertex 5.600000 15.000000 0.000000
      vertex 5.600000 18.300000 0.000000
    endloop
  endfacet
  facet normal 0.000000 0.000000 -1.000000
    outer loop
      vertex 0.000000 15.000000 0.000000
      vertex 5.600000 18.300000 0.000000
      vertex 0.000000 18.300000 0.000000
    endloop
  endfacet
  facet normal 0.000000 0.000000 1.000000
    outer loop
      vertex 0.000000 15.000000 3.000000
      vertex 0.000000 18.300000 3.000000
      vertex 5.600000 18.300000 3.000000
    endloop
  endfacet
  facet normal 0.000000 0.000000 1.000000
    outer loop
      vertex 0.000000 15.000000 3.000000
      vertex 5.600000 18.300000 3.000000
      vertex 5.600000 15.000000 3.000000
    endloop
  endfacet
  facet normal -1.000000 0.000000 0.000000
    outer loop
      vertex 0.000000 18.300000 0.000000
      vertex 0.000000 19.000000 0.000000
      vertex 0.000000 19.000000 3.000000
    endloop
  endfacet
  facet normal -1.000000 0.000000 0.000000
    outer loop
      vertex 0.000000 18.300000 0.000000
      vertex 0.000000 19.000000 3.000000
      vertex 0.000000 18.300000 3.000000
    endloop
  endfacet
  facet normal 0.000000 0.000000 -1.000000
    outer loop
      vertex 0.000000 18.300000 0.000000
      vertex 5.600000 18.300000 0.000000
      vertex 5.600000 19.000000 0.000000
    endloop
  endfacet
  facet normal 0.000000 0.000000 -1.000000
    outer loop
      vertex 0.000000 18.300000 0.000000
      vertex 5.600000 19.000000 0.000000
      vertex 0.000000 19.000000 0.000000
    endloop
  endfacet
  facet normal 0.000000 0.000000 1.000000
    outer loop
      vertex 0.000000 18.300000 3.000000
      vertex 0.000000 19.000000 3.000000
      vertex 5.600000 19.000000 3.000000
    endloop
  endfacet
  facet normal 0.000000 0.000000 1.000000
    outer loop
      vertex 0.000000 18.300000 3.000000
      vertex 5.600000 19.000000 3.000000
      vertex 5.600000 18.300000 3.000000
    endloop
  endfacet
  facet normal -1.000000 0.000000 0.000000
    outer loop
      vertex 0.000000 19.000000 0.000000
      vertex 0.000000 53.480000 0.000000
      vertex 0.000000 53.480000 3.000000
    endloop
  endfacet
  facet normal -1.000000 0.000000 0.000000
    outer loop
      vertex 0.000000 19.000000 0.000000
      vertex 0.000000 53.480000 3.000000
      vertex 0.000000 19.000000 3.000000
    endloop
  endfacet
  facet normal 0.000000 0.000000 -1.000000
    outer loop
      vertex 0.000000 19.000000 0.000000
      vertex 5.600000 19.000000 0.000000
      vertex 5.600000 53.480000 0.000000
    endloop
  endfacet
  facet normal 0.000000 0.000000 -1.000000
    outer loop
      vertex 0.000000 19.000000 0.000000
      vertex 5.600000 53.480000 0.000000
      vertex 0.000000 53.480000 0.000000
    endloop
  endfacet
  facet normal 0.000000 0.000000 1.000000
    outer loop
      vertex 0.000000 19.000000 3.000000
      vertex 0.000000 53.480000 3.000000
      vertex 5.600000 53.480000 3.000000
    endloop
  endfacet
  facet normal 0.000000 0.000000 1.000000
    outer loop
      vertex 0.000000 19.000000 3.000000
      vertex 5.600000 53.480000 3.000000
      vertex 5.600000 19.000000 3.000000
    endloop
  endfacet
  facet normal -1.000000 0.000000 0.000000
    outer loop
      vertex 0.000000 53.480000 0.000000
      vertex 0.000000 54.180000 0.000000
      vertex 0.000000 54.180000 3.000000
    endloop
  endfacet
  facet normal -1.000000 0.000000 0.000000
    outer loop
      vertex 0.000000 53.480000 0.000000
      vertex 0.000000 54.180000 3.000000
      vertex 0.000000 53.480000 3.000000
    endloop
  endfacet
  facet normal 0.000000 0.000000 -1.000000
    outer loop
      vertex 0.000000 53.480000 0.000000
      vertex 5.600000 53.480000 0.000000
      vertex 5.600000 54.180000 0.000000
    endloop
  endfacet
  facet normal 0.000000 0.000000 -1.000000
    outer loop
      vertex 0.000000 53.480000 0.000000
      vertex 5.600000 54.180000 0.000000
      vertex 0.000000 54.180000 0.000000
    endloop
  endfacet
  facet normal 0.000000 0.000000 1.000000
    outer loop
      vertex 0.000000 53.480000 3.000000
      vertex 0.000000 54.180000 3.000000
      vertex 5.600000 54.180000 3.000000
    endloop
  endfacet
  facet normal 0.000000 0.000000 1.000000
    outer loop
      vertex 0.000000 53.480000 3.000000
      vertex 5.600000 54.180000 3.000000
      vertex 5.600000 53.480000 3.000000
    endloop
  endfacet
  facet normal -1.000000 0.000000 0.000000
    outer loop
      vertex 0.000000 54.180000 0.000000
      vertex 0.000000 57.480000 0.000000
      vertex 0.000000 57.480000 3.000000
    endloop
  endfacet
  facet normal -1.000000 0.000000 0.000000
    outer loop
      vertex 0.000000 54.180000 0.000000
      vertex 0.000000 57.480000 3.000000
      vertex 0.000000 54.180000 3.000000
    endloop
  endfacet
  facet normal 0.000000 0.000000 -1.000000
    outer loop
      vertex 0.000000 54.180000 0.000000
      vertex 5.600000 54.180000 0.000000
      vertex 5.600000 57.480000 0.000000
    endloop
  endfacet
  facet normal 0.000000 0.000000 -1.000000
    outer loop
      vertex 0.000000 54.180000 0.000000
      vertex 5.600000 57.480000 0.000000
      vertex 0.000000 57.480000 0.000000
    endloop
  endfacet
  facet normal 0.000000 0.000000 1.000000
    outer loop
      vertex 0.000000 54.180000 3.000000
      vertex 0.000000 57.480000 3.000000
      vertex 5.600000 57.480000 3.000000
    endloop
  endfacet
  facet normal 0.000000 0.000000 1.000000
    outer loop
      vertex 0.000000 54.180000 3.000000
      vertex 5.600000 57.480000 3.000000
      vertex 5.600000 54.180000 3.000000
    endloop
  endfacet
  facet normal -1.000000 0.000000 0.000000
    outer loop
      vertex 0.000000 57.480000 0.000000
      vertex 0.000000 62.180000 0.000000
      vertex 0.000000 62.180000 3.000000
    endloop
  endfacet
  facet normal -1.000000 0.000000 0.000000
    outer loop
      vertex 0.000000 57.480000 0.000000
      vertex 0.000000 62.180000 3.000000
      vertex 0.000000 57.480000 3.000000
    endloop
  endfacet
  facet normal 0.000000 0.000000 -1.000000
    outer loop
      vertex 0.000000 57.480000 0.000000
      vertex 5.600000 57.480000 0.000000
      vertex 5.600000 62.180000 0.000000
    endloop
  endfacet
  facet normal 0.000000 0.000000 -1.000000
    outer loop
      vertex 0.000000 57.480000 0.000000
      vertex 5.600000 62.180000 0.000000
      vertex 0.000000 62.180000 0.000000
    endloop
  endfacet
  facet normal 0.000000 0.000000 1.000000
    outer loop
      vertex 0.000000 57.480000 3.000000
      vertex 0.000000 62.180000 3.000000
      vertex 5.600000 62.180000 3.000000
    endloop
  endfacet
  facet normal 0.000000 0.000000 1.000000
    outer loop
      vertex 0.000000 57.480000 3.000000
      vertex 5.600000 62.180000 3.000000
      vertex 5.600000 57.480000 3.000000
    endloop
  endfacet
  facet normal -1.000000 0.000000 0.000000
    outer loop
      vertex 0.000000 62.180000 0.000000
      vertex 0.000000 64.480000 0.000000
      vertex 0.000000 64.480000 3.000000
    endloop
  endfacet
  facet normal -1.000000 0.000000 0.000000
    outer loop
      vertex 0.000000 62.180000 0.000000
      vertex 0.000000 64.480000 3.000000
      vertex 0.000000 62.180000 3.000000
    endloop
  endfacet
  facet normal 0.000000 0.000000 -1.000000
    outer loop
      vertex 0.000000 62.180000 0.000000
      vertex 5.600000 62.180000 0.000000
      vertex 5.600000 64.480000 0.000000
    endloop
  endfacet
  facet normal 0.000000 0.000000 -1.000000
    outer loop
      vertex 0.000000 62.180000 0.000000
      vertex 5.600000 64.480000 0.000000
      vertex 0.000000 64.480000 0.000000
    endloop
  endfacet
  facet normal 0.000000 0.000000 1.000000
    outer loop
      vertex 0.000000 62.180000 3.000000
      vertex 0.000000 64.480000 3.000000
      vertex 5.600000 64.480000 3.000000
    endloop
  endfacet
  facet normal 0.000000 0.000000 1.000000
    outer loop
      vertex 0.000000 62.180000 3.000000
      vertex 5.600000 64.480000 3.000000
      vertex 5.600000 62.180000 3.000000
    endloop
  endfacet
  facet normal -1.000000 0.000000 0.000000
    outer loop
      vertex 0.000000 64.480000 0.000000
      vertex 0.000000 66.880000 0.000000
      vertex 0.000000 66.880000 3.000000
    endloop
  endfacet
  facet normal -1.000000 0.000000 0.000000
    outer loop
      vertex 0.000000 64.480000 0.000000
      vertex 0.000000 66.880000 3.000000
      vertex 0.000000 64.480000 3.000000
    endloop
  endfacet
  facet normal 0.000000 0.000000 -1.000000
    outer loop
      vertex 0.000000 64.480000 0.000000
      vertex 5.600000 64.480000 0.000000
      vertex 5.600000 66.880000 0.000000
    endloop
  endfacet
  facet normal 0.000000 0.000000 -1.000000
    outer loop
      vertex 0.000000 64.480000 0.000000
      vertex 5.600000 66.880000 0.000000
      vertex 0.000000 66.880000 0.000000
    endloop
  endfacet
  facet normal 0.000000 0.000000 1.000000
    outer loop
      vertex 0.000000 64.480000 3.000000
      vertex 0.000000 66.880000 3.000000
      vertex 5.600000 66.880000 3.000000
    endloop
  endfacet
  facet normal 0.000000 0.000000 1.000000
    outer loop
      vertex 0.000000 64.480000 3.000000
      vertex 5.600000 66.880000 3.000000
      vertex 5.600000 64.480000 3.000000
    endloop
  endfacet
  facet normal -1.000000 0.000000 0.000000
    outer loop
      vertex 0.000000 66.880000 0.000000
      vertex 0.000000 72.480000 0.000000
      vertex 0.000000 72.480000 3.000000
    endloop
  endfacet
  facet normal -1.000000 0.000000 0.000000
    outer loop
      vertex 0.000000 66.880000 0.000000
      vertex 0.000000 72.480000 3.000000
      vertex 0.000000 66.880000 3.000000
    endloop
  endfacet
  facet normal 0.000000 1.000000 0.000000
    outer loop
      vertex 0.000000 72.480000 0.000000
      vertex 5.600000 72.480000 0.000000
      vertex 5.600000 72.480000 3.000000
    endloop
  endfacet
  facet normal 0.000000 1.000000 0.000000
    outer loop
      vertex 0.000000 72.480000 0.000000
      vertex 5.600000 72.480000 3.000000
      vertex 0.000000 72.480000 3.000000
    endloop
  endfacet
  facet normal 0.000000 0.000000 -1.000000
    outer loop
      vertex 0.000000 66.880000 0.000000
      vertex 5.600000 66.880000 0.000000
      vertex 5.600000 72.480000 0.000000
    endloop
  endfacet
  facet normal 0.000000 0.000000 -1.000000
    outer loop
      vertex 0.000000 66.880000 0.000000
      vertex 5.600000 72.480000 0.000000
      vertex 0.000000 72.480000 0.000000
    endloop
  endfacet
  facet normal 0.000000 0.000000 1.000000
    outer loop
      vertex 0.000000 66.880000 3.000000
      vertex 0.000000 72.480000 3.000000
      vertex 5.600000 72.480000 3.000000
    endloop
  endfacet
  facet normal 0.000000 0.000000 1.000000
    outer loop
      vertex 0.000000 66.880000 3.000000
      vertex 5.600000 72.480000 3.000000
      vertex 5.600000 66.880000 3.000000
    endloop
  endfacet
  facet normal 0.000000 -1.000000 0.000000
    outer loop
      vertex 5.600000 0.000000 0.000000
      vertex 5.600000 0.000000 3.000000
      vertex 8.000000 0.000000 3.000000
    endloop
  endfacet
  facet normal 0.000000 -1.000000 0.000000
    outer loop
      vertex 5.600000 0.000000 0.000000
      vertex 8.000000 0.000000 3.000000
      vertex 8.000000 0.000000 0.000000
    endloop
  endfacet
  facet normal 0.000000 0.000000 -1.000000
    outer loop
      vertex 5.600000 0.000000 0.000000
      vertex 8.000000 0.000000 0.000000
      vertex 8.000000 5.600000 0.000000
    endloop
  endfacet
  facet normal 0.000000 0.000000 -1.000000
    outer loop
      vertex 5.600000 0.000000 0.000000
      vertex 8.000000 5.600000 0.000000
      vertex 5.600000 5.600000 0.000000
    endloop
  endfacet
  facet normal 0.000000 0.000000 1.000000
    outer loop
      vertex 5.600000 0.000000 3.000000
      vertex 5.600000 5.600000 3.000000
      vertex 8.000000 5.600000 3.000000
    endloop
  endfacet
  facet normal 0.000000 0.000000 1.000000
    outer loop
      vertex 5.600000 0.000000 3.000000
      vertex 8.000000 5.600000 3.000000
      vertex 8.000000 0.000000 3.000000
    endloop
  endfacet
  facet normal 0.000000 0.000000 -1.000000
    outer loop
      vertex 5.600000 5.600000 0.000000
      vertex 8.000000 5.600000 0.000000
      vertex 8.000000 8.000000 0.000000
    endloop
  endfacet
  facet normal 0.000000 0.000000 -1.000000
    outer loop
      vertex 5.600000 5.600000 0.000000
      vertex 8.000000 8.000000 0.000000
      vertex 5.600000 8.000000 0.000000
    endloop
  endfacet
  facet normal -1.000000 0.000000 0.000000
    outer loop
      vertex 5.600000 5.600000 3.000000
      vertex 5.600000 8.000000 3.000000
      vertex 5.600000 8.000000 7.000000
    endloop
  endfacet
  facet normal -1.000000 0.000000 0.000000
    outer loop
      vertex 5.600000 5.600000 3.000000
      vertex 5.600000 8.000000 7.000000
      vertex 5.600000 5.600000 7.000000
    endloop
  endfacet
  facet normal 0.000000 -1.000000 0.000000
    outer loop
      vertex 5.600000 5.600000 3.000000
      vertex 5.600000 5.600000 7.000000
      vertex 8.000000 5.600000 7.000000
    endloop
  endfacet
  facet normal 0.000000 -1.000000 0.000000
    outer loop
      vertex 5.600000 5.600000 3.000000
      vertex 8.000000 5.600000 7.000000
      vertex 8.000000 5.600000 3.000000
    endloop
  endfacet
  facet normal -1.000000 0.000000 0.000000
    outer loop
      vertex 5.600000 5.600000 7.000000
      vertex 5.600000 8.000000 7.000000
      vertex 5.600000 8.000000 9.600000
    endloop
  endfacet
  facet normal -1.000000 0.000000 0.000000
    outer loop
      vertex 5.600000 5.600000 7.000000
      vertex 5.600000 8.000000 9.600000
      vertex 5.600000 5.600000 9.600000
    endloop
  endfacet
  facet normal 0.000000 -1.000000 0.000000
    outer loop
      vertex 5.600000 5.600000 7.000000
      vertex 5.600000 5.600000 9.600000
      vertex 8.000000 5.600000 9.600000
    endloop
  endfacet
  facet normal 0.000000 -1.000000 0.000000
    outer loop
      vertex 5.600000 5.600000 7.000000
      vertex 8.000000 5.600000 9.600000
      vertex 8.000000 5.600000 7.000000
    endloop
  endfacet
  facet normal 0.000000 0.000000 1.000000
    outer loop
      vertex 5.600000 5.600000 9.600000
      vertex 5.600000 8.000000 9.600000
      vertex 8.000000 8.000000 9.600000
    endloop
  endfacet
  facet normal 0.000000 0.000000 1.000000
    outer loop
      vertex 5.600000 5.600000 9.600000
      vertex 8.000000 8.000000 9.600000
      vertex 8.000000 5.600000 9.600000
    endloop
  endfacet
  facet normal 0.000000 0.000000 -1.000000
    outer loop
      vertex 5.600000 8.000000 0.000000
      vertex 8.000000 8.000000 0.000000
      vertex 8.000000 10.300000 0.000000
    endloop
  endfacet
  facet normal 0.000000 0.000000 -1.000000
    outer loop
      vertex 5.600000 8.000000 0.000000
      vertex 8.000000 10.300000 0.000000
      vertex 5.600000 10.300000 0.000000
    endloop
  endfacet
  facet normal -1.000000 0.000000 0.000000
    outer loop
      vertex 5.600000 8.000000 3.000000
      vertex 5.600000 10.300000 3.000000
      vertex 5.600000 10.300000 7.000000
    endloop
  endfacet
  facet normal -1.000000 0.000000 0.000000
    outer loop
      vertex 5.600000 8.000000 3.000000
      vertex 5.600000 10.300000 7.000000
      vertex 5.600000 8.000000 7.000000
    endloop
  endfacet
  facet normal 1.000000 0.000000 0.000000
    outer loop
      vertex 8.000000 8.000000 3.000000
      vertex 8.000000 8.000000 7.000000
      vertex 8.000000 10.300000 7.000000
    endloop
  endfacet
  facet normal 1.000000 0.000000 0.000000
    outer loop
      vertex 8.000000 8.000000 3.000000
      vertex 8.000000 10.300000 7.000000
      vertex 8.000000 10.300000 3.000000
    endloop
  endfacet
  facet normal -1.000000 0.000000 0.000000
    outer loop
      vertex 5.600000 8.000000 7.000000
      vertex 5.600000 10.300000 7.000000
      vertex 5.600000 10.300000 9.600000
    endloop
  endfacet
  facet normal -1.000000 0.000000 0.000000
    outer loop
      vertex 5.600000 8.000000 7.000000
      vertex 5.600000 10.300000 9.600000
      vertex 5.600000 8.000000 9.600000
    endloop
  endfacet
  facet normal 1.000000 0.000000 0.000000
    outer loop
      vertex 8.000000 8.000000 7.000000
      vertex 8.000000 8.000000 9.600000
      vertex 8.000000 10.300000 9.600000
    endloop
  endfacet
  facet normal 1.000000 0.000000 0.000000
    outer loop
      vertex 8.000000 8.000000 7.000000
      vertex 8.000000 10.300000 9.600000
      vertex 8.000000 10.300000 7.000000
    endloop
  endfacet
  facet normal 0.000000 0.000000 1.000000
    outer loop
      vertex 5.600000 8.000000 9.600000
      vertex 5.600000 10.300000 9.600000
      vertex 8.000000 10.300000 9.600000
    endloop
  endfacet
  facet normal 0.000000 0.000000 1.000000
    outer loop
      vertex 5.600000 8.000000 9.600000
      vertex 8.000000 10.300000 9.600000
      vertex 8.000000 8.000000 9.600000
    endloop
  endfacet
  facet normal 0.000000 0.000000 -1.000000
    outer loop
      vertex 5.600000 10.300000 0.000000
      vertex 8.000000 10.300000 0.000000
      vertex 8.000000 15.000000 0.000000
    endloop
  endfacet
  facet normal 0.000000 0.000000 -1.000000
    outer loop
      vertex 5.600000 10.300000 0.000000
      vertex 8.000000 15.000000 0.000000
      vertex 5.600000 15.000000 0.000000
    endloop
  endfacet
  facet normal -1.000000 0.000000 0.000000
    outer loop
      vertex 5.600000 10.300000 3.000000
      vertex 5.600000 15.000000 3.000000
      vertex 5.600000 15.000000 7.000000
    endloop
  endfacet
  facet normal -1.000000 0.000000 0.000000
    outer loop
      vertex 5.600000 10.300000 3.000000
      vertex 5.600000 15.000000 7.000000
      vertex 5.600000 10.300000 7.000000
    endloop
  endfacet
  facet normal 1.000000 0.000000 0.000000
    outer loop
      vertex 8.000000 10.300000 3.000000
      vertex 8.000000 10.300000 7.000000
      vertex 8.000000 15.000000 7.000000
    endloop
  endfacet
  facet normal 1.000000 0.000000 0.000000
    outer loop
      vertex 8.000000 10.300000 3.000000
      vertex 8.000000 15.000000 7.000000
      vertex 8.000000 15.000000 3.000000
    endloop
  endfacet
  facet normal -1.000000 0.000000 0.000000
    outer loop
      vertex 5.600000 10.300000 7.000000
      vertex 5.600000 15.000000 7.000000
      vertex 5.600000 15.000000 9.600000
    endloop
  endfacet
  facet normal -1.000000 0.000000 0.000000
    outer loop
      vertex 5.600000 10.300000 7.000000
      vertex 5.600000 15.000000 9.600000
      vertex 5.600000 10.300000 9.600000
    endloop
  endfacet
  facet normal 1.000000 0.000000 0.000000
    outer loop
      vertex 8.000000 10.300000 7.000000
      vertex 8.000000 10.300000 9.600000
      vertex 8.000000 15.000000 9.600000
    endloop
  endfacet
  facet normal 1.000000 0.000000 0.000000
    outer loop
      vertex 8.000000 10.300000 7.000000
      vertex 8.000000 15.000000 9.600000
      vertex 8.000000 15.000000 7.000000
    endloop
  endfacet
  facet normal 0.000000 0.000000 1.000000
    outer loop
      vertex 5.600000 10.300000 9.600000
      vertex 5.600000 15.000000 9.600000
      vertex 8.000000 15.000000 9.600000
    endloop
  endfacet
  facet normal 0.000000 0.000000 1.000000
    outer loop
      vertex 5.600000 10.300000 9.600000
      vertex 8.000000 15.000000 9.600000
      vertex 8.000000 10.300000 9.600000
    endloop
  endfacet
  facet normal 0.000000 0.000000 -1.000000
    outer loop
      vertex 5.600000 15.000000 0.000000
      vertex 8.000000 15.000000 0.000000
      vertex 8.000000 18.300000 0.000000
    endloop
  endfacet
  facet normal 0.000000 0.000000 -1.000000
    outer loop
      vertex 5.600000 15.000000 0.000000
      vertex 8.000000 18.300000 0.000000
      vertex 5.600000 18.300000 0.000000
    endloop
  endfacet
  facet normal -1.000000 0.000000 0.000000
    outer loop
      vertex 5.600000 15.000000 3.000000
      vertex 5.600000 18.300000 3.000000
      vertex 5.600000 18.300000 7.000000
    endloop
  endfacet
  facet normal -1.000000 0.000000 0.000000
    outer loop
      vertex 5.600000 15.000000 3.000000
      vertex 5.600000 18.300000 7.000000
      vertex 5.600000 15.000000 7.000000
    endloop
  endfacet
  facet normal 1.000000 0.000000 0.000000
    outer loop
      vertex 8.000000 15.000000 3.000000
      vertex 8.000000 15.000000 7.000000
      vertex 8.000000 18.300000 7.000000
    endloop
  endfacet
  facet normal 1.000000 0.000000 0.000000
    outer loop
      vertex 8.000000 15.000000 3.000000
      vertex 8.000000 18.300000 7.000000
      vertex 8.000000 18.300000 3.000000
    endloop
  endfacet
  facet normal -1.000000 0.000000 0.000000
    outer loop
      vertex 5.600000 15.000000 7.000000
      vertex 5.600000 18.300000 7.000000
      vertex 5.600000 18.300000 9.600000
    endloop
  endfacet
  facet normal -1.000000 0.000000 0.000000
    outer loop
      vertex 5.600000 15.000000 7.000000
      vertex 5.600000 18.300000 9.600000
      vertex 5.600000 15.000000 9.600000
    endloop
  endfacet
  facet normal 1.000000 0.000000 0.000000
    outer loop
      vertex 8.000000 15.000000 7.000000
      vertex 8.000000 15.000000 9.600000
      vertex 8.000000 18.300000 9.600000
    endloop
  endfacet
  facet normal 1.000000 0.000000 0.000000
    outer loop
      vertex 8.000000 15.000000 7.000000
      vertex 8.000000 18.300000 9.600000
      vertex 8.000000 18.300000 7.000000
    endloop
  endfacet
  facet normal 0.000000 0.000000 1.000000
    outer loop
      vertex 5.600000 15.000000 9.600000
      vertex 5.600000 18.300000 9.600000
      vertex 8.000000 18.300000 9.600000
    endloop
  endfacet
  facet normal 0.000000 0.000000 1.000000
    outer loop
      vertex 5.600000 15.000000 9.600000
      vertex 8.000000 18.300000 9.600000
      vertex 8.000000 15.000000 9.600000
    endloop
  endfacet
  facet normal 0.000000 0.000000 -1.000000
    outer loop
      vertex 5.600000 18.300000 0.000000
      vertex 8.000000 18.300000 0.000000
      vertex 8.000000 19.000000 0.000000
    endloop
  endfacet
  facet normal 0.000000 0.000000 -1.000000
    outer loop
      vertex 5.600000 18.300000 0.000000
      vertex 8.000000 19.000000 0.000000
      vertex 5.600000 19.000000 0.000000
    endloop
  endfacet
  facet normal -1.000000 0.000000 0.000000
    outer loop
      vertex 5.600000 18.300000 3.000000
      vertex 5.600000 19.000000 3.000000
      vertex 5.600000 19.000000 7.000000
    endloop
  endfacet
  facet normal -1.000000 0.000000 0.000000
    outer loop
      vertex 5.600000 18.300000 3.000000
      vertex 5.600000 19.000000 7.000000
      vertex 5.600000 18.300000 7.000000
    endloop
  endfacet
  facet normal 1.000000 0.000000 0.000000
    outer loop
      vertex 8.000000 18.300000 3.000000
      vertex 8.000000 18.300000 7.000000
      vertex 8.000000 19.000000 7.000000
    endloop
  endfacet
  facet normal 1.000000 0.000000 0.000000
    outer loop
      vertex 8.000000 18.300000 3.000000
      vertex 8.000000 19.000000 7.000000
      vertex 8.000000 19.000000 3.000000
    endloop
  endfacet
  facet normal 0.000000 1.000000 0.000000
    outer loop
      vertex 5.600000 19.000000 3.000000
      vertex 8.000000 19.000000 3.000000
      vertex 8.000000 19.000000 7.000000
    endloop
  endfacet
  facet normal 0.000000 1.000000 0.000000
    outer loop
      vertex 5.600000 19.000000 3.000000
      vertex 8.000000 19.000000 7.000000
      vertex 5.600000 19.000000 7.000000
    endloop
  endfacet
  facet normal -1.000000 0.000000 0.000000
    outer loop
      vertex 5.600000 18.300000 7.000000
      vertex 5.600000 19.000000 7.000000
      vertex 5.600000 19.000000 9.600000
    endloop
  endfacet
  facet normal -1.000000 0.000000 0.000000
    outer loop
      vertex 5.600000 18.300000 7.000000
      vertex 5.600000 19.000000 9.600000
      vertex 5.600000 18.300000 9.600000
    endloop
  endfacet
  facet normal 1.000000 0.000000 0.000000
    outer loop
      vertex 8.000000 18.300000 7.000000
      vertex 8.000000 18.300000 9.600000
      vertex 8.000000 19.000000 9.600000
    endloop
  endfacet
  facet normal 1.000000 0.000000 0.000000
    outer loop
      vertex 8.000000 18.300000 7.000000
      vertex 8.000000 19.000000 9.600000
      vertex 8.000000 19.000000 7.000000
    endloop
  endfacet
  facet normal 0.000000 1.000000 0.000000
    outer loop
      vertex 5.600000 19.000000 7.000000
      vertex 8.000000 19.000000 7.000000
      vertex 8.000000 19.000000 9.600000
    endloop
  endfacet
  facet normal 0.000000 1.000000 0.000000
    outer loop
      vertex 5.600000 19.000000 7.000000
      vertex 8.000000 19.000000 9.600000
      vertex 5.600000 19.000000 9.600000
    endloop
  endfacet
  facet normal 0.000000 0.000000 1.000000
    outer loop
      vertex 5.600000 18.300000 9.600000
      vertex 5.600000 19.000000 9.600000
      vertex 8.000000 19.000000 9.600000
    endloop
  endfacet
  facet normal 0.000000 0.000000 1.000000
    outer loop
      vertex 5.600000 18.300000 9.600000
      vertex 8.000000 19.000000 9.600000
      vertex 8.000000 18.300000 9.600000
    endloop
  endfacet
  facet normal 0.000000 0.000000 -1.000000
    outer loop
      vertex 5.600000 19.000000 0.000000
      vertex 8.000000 19.000000 0.000000
      vertex 8.000000 53.480000 0.000000
    endloop
  endfacet
  facet normal 0.000000 0.000000 -1.000000
    outer loop
      vertex 5.600000 19.000000 0.000000
      vertex 8.000000 53.480000 0.000000
      vertex 5.600000 53.480000 0.000000
    endloop
  endfacet
  facet normal 0.000000 0.000000 1.000000
    outer loop
      vertex 5.600000 19.000000 3.000000
      vertex 5.600000 53.480000 3.000000
      vertex 8.000000 53.480000 3.000000
    endloop
  endfacet
  facet normal 0.000000 0.000000 1.000000
    outer loop
      vertex 5.600000 19.000000 3.000000
      vertex 8.000000 53.480000 3.000000
      vertex 8.000000 19.000000 3.000000
    endloop
  endfacet
  facet normal 0.000000 0.000000 -1.000000
    outer loop
      vertex 5.600000 53.480000 0.000000
      vertex 8.000000 53.480000 0.000000
      vertex 8.000000 54.180000 0.000000
    endloop
  endfacet
  facet normal 0.000000 0.000000 -1.000000
    outer loop
      vertex 5.600000 53.480000 0.000000
      vertex 8.000000 54.180000 0.000000
      vertex 5.600000 54.180000 0.000000
    endloop
  endfacet
  facet normal -1.000000 0.000000 0.000000
    outer loop
      vertex 5.600000 53.480000 3.000000
      vertex 5.600000 54.180000 3.000000
      vertex 5.600000 54.180000 7.000000
    endloop
  endfacet
  facet normal -1.000000 0.000000 0.000000
    outer loop
      vertex 5.600000 53.480000 3.000000
      vertex 5.600000 54.180000 7.000000
      vertex 5.600000 53.480000 7.000000
    endloop
  endfacet
  facet normal 1.000000 0.000000 0.000000
    outer loop
      vertex 8.000000 53.480000 3.000000
      vertex 8.000000 53.480000 7.000000
      vertex 8.000000 54.180000 7.000000
    endloop
  endfacet
  facet normal 1.000000 0.000000 0.000000
    outer loop
      vertex 8.000000 53.480000 3.000000
      vertex 8.000000 54.180000 7.000000
      vertex 8.000000 54.180000 3.000000
    endloop
  endfacet
  facet normal 0.000000 -1.000000 0.000000
    outer loop
      vertex 5.600000 53.480000 3.000000
      vertex 5.600000 53.480000 7.000000
      vertex 8.000000 53.480000 7.000000
    endloop
  endfacet
  facet normal 0.000000 -1.000000 0.000000
    outer loop
      vertex 5.600000 53.480000 3.000000
      vertex 8.000000 53.480000 7.000000
      vertex 8.000000 53.480000 3.000000
    endloop
  endfacet
  facet normal -1.000000 0.000000 0.000000
    outer loop
      vertex 5.600000 53.480000 7.000000
      vertex 5.600000 54.180000 7.000000
      vertex 5.600000 54.180000 9.600000
    endloop
  endfacet
  facet normal -1.000000 0.000000 0.000000
    outer loop
      vertex 5.600000 53.480000 7.000000
      vertex 5.600000 54.180000 9.600000
      vertex 5.600000 53.480000 9.600000
    endloop
  endfacet
  facet normal 1.000000 0.000000 0.000000
    outer loop
      vertex 8.000000 53.480000 7.000000
      vertex 8.000000 53.480000 9.600000
      vertex 8.000000 54.180000 9.600000
    endloop
  endfacet
  facet normal 1.000000 0.000000 0.000000
    outer loop
      vertex 8.000000 53.480000 7.000000
      vertex 8.000000 54.180000 9.600000
      vertex 8.000000 54.180000 7.000000
    endloop
  endfacet
  facet normal 0.000000 -1.000000 0.000000
    outer loop
      vertex 5.600000 53.480000 7.000000
      vertex 5.600000 53.480000 9.600000
      vertex 8.000000 53.480000 9.600000
    endloop
  endfacet
  facet normal 0.000000 -1.000000 0.000000
    outer loop
      vertex 5.600000 53.480000 7.000000
      vertex 8.000000 53.480000 9.600000
      vertex 8.000000 53.480000 7.000000
    endloop
  endfacet
  facet normal 0.000000 0.000000 1.000000
    outer loop
      vertex 5.600000 53.480000 9.600000
      vertex 5.600000 54.180000 9.600000
      vertex 8.000000 54.180000 9.600000
    endloop
  endfacet
  facet normal 0.000000 0.000000 1.000000
    outer loop
      vertex 5.600000 53.480000 9.600000
      vertex 8.000000 54.180000 9.600000
      vertex 8.000000 53.480000 9.600000
    endloop
  endfacet
  facet normal 0.000000 0.000000 -1.000000
    outer loop
      vertex 5.600000 54.180000 0.000000
      vertex 8.000000 54.180000 0.000000
      vertex 8.000000 57.480000 0.000000
    endloop
  endfacet
  facet normal 0.000000 0.000000 -1.000000
    outer loop
      vertex 5.600000 54.180000 0.000000
      vertex 8.000000 57.480000 0.000000
      vertex 5.600000 57.480000 0.000000
    endloop
  endfacet
  facet normal -1.000000 0.000000 0.000000
    outer loop
      vertex 5.600000 54.180000 3.000000
      vertex 5.600000 57.480000 3.000000
      vertex 5.600000 57.480000 7.000000
    endloop
  endfacet
  facet normal -1.000000 0.000000 0.000000
    outer loop
      vertex 5.600000 54.180000 3.000000
      vertex 5.600000 57.480000 7.000000
      vertex 5.600000 54.180000 7.000000
    endloop
  endfacet
  facet normal 1.000000 0.000000 0.000000
    outer loop
      vertex 8.000000 54.180000 3.000000
      vertex 8.000000 54.180000 7.000000
      vertex 8.000000 57.480000 7.000000
    endloop
  endfacet
  facet normal 1.000000 0.000000 0.000000
    outer loop
      vertex 8.000000 54.180000 3.000000
      vertex 8.000000 57.480000 7.000000
      vertex 8.000000 57.480000 3.000000
    endloop
  endfacet
  facet normal -1.000000 0.000000 0.000000
    outer loop
      vertex 5.600000 54.180000 7.000000
      vertex 5.600000 57.480000 7.000000
      vertex 5.600000 57.480000 9.600000
    endloop
  endfacet
  facet normal -1.000000 0.000000 0.000000
    outer loop
      vertex 5.600000 54.180000 7.000000
      vertex 5.600000 57.480000 9.600000
      vertex 5.600000 54.180000 9.600000
    endloop
  endfacet
  facet normal 1.000000 0.000000 0.000000
    outer loop
      vertex 8.000000 54.180000 7.000000
      vertex 8.000000 54.180000 9.600000
      vertex 8.000000 57.480000 9.600000
    endloop
  endfacet
  facet normal 1.000000 0.000000 0.000000
    outer loop
      vertex 8.000000 54.180000 7.000000
      vertex 8.000000 57.480000 9.600000
      vertex 8.000000 57.480000 7.000000
    endloop
  endfacet
  facet normal 0.000000 0.000000 1.000000
    outer loop
      vertex 5.600000 54.180000 9.600000
      vertex 5.600000 57.480000 9.600000
      vertex 8.000000 57.480000 9.600000
    endloop
  endfacet
  facet normal 0.000000 0.000000 1.000000
    outer loop
      vertex 5.600000 54.180000 9.600000
      vertex 8.000000 57.480000 9.600000
      vertex 8.000000 54.180000 9.600000
    endloop
  endfacet
  facet normal 0.000000 0.000000 -1.000000
    outer loop
      vertex 5.600000 57.480000 0.000000
      vertex 8.000000 57.480000 0.000000
      vertex 8.000000 62.180000 0.000000
    endloop
  endfacet
  facet normal 0.000000 0.000000 -1.000000
    outer loop
      vertex 5.600000 57.480000 0.000000
      vertex 8.000000 62.180000 0.000000
      vertex 5.600000 62.180000 0.000000
    endloop
  endfacet
  facet normal -1.000000 0.000000 0.000000
    outer loop
      vertex 5.600000 57.480000 3.000000
      vertex 5.600000 62.180000 3.000000
      vertex 5.600000 62.180000 7.000000
    endloop
  endfacet
  facet normal -1.000000 0.000000 0.000000
    outer loop
      vertex 5.600000 57.480000 3.000000
      vertex 5.600000 62.180000 7.000000
      vertex 5.600000 57.480000 7.000000
    endloop
  endfacet
  facet normal 1.000000 0.000000 0.000000
    outer loop
      vertex 8.000000 57.480000 3.000000
      vertex 8.000000 57.480000 7.000000
      vertex 8.000000 62.180000 7.000000
    endloop
  endfacet
  facet normal 1.000000 0.000000 0.000000
    outer loop
      vertex 8.000000 57.480000 3.000000
      vertex 8.000000 62.180000 7.000000
      vertex 8.000000 62.180000 3.000000
    endloop
  endfacet
  facet normal -1.000000 0.000000 0.000000
    outer loop
      vertex 5.600000 57.480000 7.000000
      vertex 5.600000 62.180000 7.000000
      vertex 5.600000 62.180000 9.600000
    endloop
  endfacet
  facet normal -1.000000 0.000000 0.000000
    outer loop
      vertex 5.600000 57.480000 7.000000
      vertex 5.600000 62.180000 9.600000
      vertex 5.600000 57.480000 9.600000
    endloop
  endfacet
  facet normal 1.000000 0.000000 0.000000
    outer loop
      vertex 8.000000 57.480000 7.000000
      vertex 8.000000 57.480000 9.600000
      vertex 8.000000 62.180000 9.600000
    endloop
  endfacet
  facet normal 1.000000 0.000000 0.000000
    outer loop
      vertex 8.000000 57.480000 7.000000
      vertex 8.000000 62.180000 9.600000
      vertex 8.000000 62.180000 7.000000
    endloop
  endfacet
  facet normal 0.000000 0.000000 1.000000
    outer loop
      vertex 5.600000 57.480000 9.600000
      vertex 5.600000 62.180000 9.600000
      vertex 8.000000 62.180000 9.600000
    endloop
  endfacet
  facet normal 0.000000 0.000000 1.000000
    outer loop
      vertex 5.600000 57.480000 9.600000
      vertex 8.000000 62.180000 9.600000
      vertex 8.000000 57.480000 9.600000
    endloop
  endfacet
  facet normal 0.000000 0.000000 -1.000000
    outer loop
      vertex 5.600000 62.180000 0.000000
      vertex 8.000000 62.180000 0.000000
      vertex 8.000000 64.480000 0.000000
    endloop
  endfacet
  facet normal 0.000000 0.000000 -1.000000
    outer loop
      vertex 5.600000 62.180000 0.000000
      vertex 8.000000 64.480000 0.000000
      vertex 5.600000 64.480000 0.000000
    endloop
  endfacet
  facet normal -1.000000 0.000000 0.000000
    outer loop
      vertex 5.600000 62.180000 3.000000
      vertex 5.600000 64.480000 3.000000
      vertex 5.600000 64.480000 7.000000
    endloop
  endfacet
  facet normal -1.000000 0.000000 0.000000
    outer loop
      vertex 5.600000 62.180000 3.000000
      vertex 5.600000 64.480000 7.000000
      vertex 5.600000 62.180000 7.000000
    endloop
  endfacet
  facet normal 1.000000 0.000000 0.000000
    outer loop
      vertex 8.000000 62.180000 3.000000
      vertex 8.000000 62.180000 7.000000
      vertex 8.000000 64.480000 7.000000
    endloop
  endfacet
  facet normal 1.000000 0.000000 0.000000
    outer loop
      vertex 8.000000 62.180000 3.000000
      vertex 8.000000 64.480000 7.000000
      vertex 8.000000 64.480000 3.000000
    endloop
  endfacet
  facet normal -1.000000 0.000000 0.000000
    outer loop
      vertex 5.600000 62.180000 7.000000
      vertex 5.600000 64.480000 7.000000
      vertex 5.600000 64.480000 9.600000
    endloop
  endfacet
  facet normal -1.000000 0.000000 0.000000
    outer loop
      vertex 5.600000 62.180000 7.000000
      vertex 5.600000 64.480000 9.600000
      vertex 5.600000 62.180000 9.600000
    endloop
  endfacet
  facet normal 1.000000 0.000000 0.000000
    outer loop
      vertex 8.000000 62.180000 7.000000
      vertex 8.000000 62.180000 9.600000
      vertex 8.000000 64.480000 9.600000
    endloop
  endfacet
  facet normal 1.000000 0.000000 0.000000
    outer loop
      vertex 8.000000 62.180000 7.000000
      vertex 8.000000 64.480000 9.600000
      vertex 8.000000 64.480000 7.000000
    endloop
  endfacet
  facet normal 0.000000 0.000000 1.000000
    outer loop
      vertex 5.600000 62.180000 9.600000
      vertex 5.600000 64.480000 9.600000
      vertex 8.000000 64.480000 9.600000
    endloop
  endfacet
  facet normal 0.000000 0.000000 1.000000
    outer loop
      vertex 5.600000 62.180000 9.600000
      vertex 8.000000 64.480000 9.600000
      vertex 8.000000 62.180000 9.600000
    endloop
  endfacet
  facet normal 0.000000 0.000000 -1.000000
    outer loop
      vertex 5.600000 64.480000 0.000000
      vertex 8.000000 64.480000 0.000000
      vertex 8.000000 66.880000 0.000000
    endloop
  endfacet
  facet normal 0.000000 0.000000 -1.000000
    outer loop
      vertex 5.600000 64.480000 0.000000
      vertex 8.000000 66.880000 0.000000
      vertex 5.600000 66.880000 0.000000
    endloop
  endfacet
  facet normal -1.000000 0.000000 0.000000
    outer loop
      vertex 5.600000 64.480000 3.000000
      vertex 5.600000 66.880000 3.000000
      vertex 5.600000 66.880000 7.000000
    endloop
  endfacet
  facet normal -1.000000 0.000000 0.000000
    outer loop
      vertex 5.600000 64.480000 3.000000
      vertex 5.600000 66.880000 7.000000
      vertex 5.600000 64.480000 7.000000
    endloop
  endfacet
  facet normal 0.000000 1.000000 0.000000
    outer loop
      vertex 5.600000 66.880000 3.000000
      vertex 8.000000 66.880000 3.000000
      vertex 8.000000 66.880000 7.000000
    endloop
  endfacet
  facet normal 0.000000 1.000000 0.000000
    outer loop
      vertex 5.600000 66.880000 3.000000
      vertex 8.000000 66.880000 7.000000
      vertex 5.600000 66.880000 7.000000
    endloop
  endfacet
  facet normal -1.000000 0.000000 0.000000
    outer loop
      vertex 5.600000 64.480000 7.000000
      vertex 5.600000 66.880000 7.000000
      vertex 5.600000 66.880000 9.600000
    endloop
  endfacet
  facet normal -1.000000 0.000000 0.000000
    outer loop
      vertex 5.600000 64.480000 7.000000
      vertex 5.600000 66.880000 9.600000
      vertex 5.600000 64.480000 9.600000
    endloop
  endfacet
  facet normal 0.000000 1.000000 0.000000
    outer loop
      vertex 5.600000 66.880000 7.000000
      vertex 8.000000 66.880000 7.000000
      vertex 8.000000 66.880000 9.600000
    endloop
  endfacet
  facet normal 0.000000 1.000000 0.000000
    outer loop
      vertex 5.600000 66.880000 7.000000
      vertex 8.000000 66.880000 9.600000
      vertex 5.600000 66.880000 9.600000
    endloop
  endfacet
  facet normal 0.000000 0.000000 1.000000
    outer loop
      vertex 5.600000 64.480000 9.600000
      vertex 5.600000 66.880000 9.600000
      vertex 8.000000 66.880000 9.600000
    endloop
  endfacet
  facet normal 0.000000 0.000000 1.000000
    outer loop
      vertex 5.600000 64.480000 9.600000
      vertex 8.000000 66.880000 9.600000
      vertex 8.000000 64.480000 9.600000
    endloop
  endfacet
  facet normal 0.000000 1.000000 0.000000
    outer loop
      vertex 5.600000 72.480000 0.000000
      vertex 8.000000 72.480000 0.000000
      vertex 8.000000 72.480000 3.000000
    endloop
  endfacet
  facet normal 0.000000 1.000000 0.000000
    outer loop
      vertex 5.600000 72.480000 0.000000
      vertex 8.000000 72.480000 3.000000
      vertex 5.600000 72.480000 3.000000
    endloop
  endfacet
  facet normal 0.000000 0.000000 -1.000000
    outer loop
      vertex 5.600000 66.880000 0.000000
      vertex 8.000000 66.880000 0.000000
      vertex 8.000000 72.480000 0.000000
    endloop
  endfacet
  facet normal 0.000000 0.000000 -1.000000
    outer loop
      vertex 5.600000 66.880000 0.000000
      vertex 8.000000 72.480000 0.000000
      vertex 5.600000 72.480000 0.000000
    endloop
  endfacet
  facet normal 0.000000 0.000000 1.000000
    outer loop
      vertex 5.600000 66.880000 3.000000
      vertex 5.600000 72.480000 3.000000
      vertex 8.000000 72.480000 3.000000
    endloop
  endfacet
  facet normal 0.000000 0.000000 1.000000
    outer loop
      vertex 5.600000 66.880000 3.000000
      vertex 8.000000 72.480000 3.000000
      vertex 8.000000 66.880000 3.000000
    endloop
  endfacet
  facet normal 0.000000 -1.000000 0.000000
    outer loop
      vertex 8.000000 0.000000 0.000000
      vertex 8.000000 0.000000 3.000000
      vertex 10.300000 0.000000 3.000000
    endloop
  endfacet
  facet normal 0.000000 -1.000000 0.000000
    outer loop
      vertex 8.000000 0.000000 0.000000
      vertex 10.300000 0.000000 3.000000
      vertex 10.300000 0.000000 0.000000
    endloop
  endfacet
  facet normal 0.000000 0.000000 -1.000000
    outer loop
      vertex 8.000000 0.000000 0.000000
      vertex 10.300000 0.000000 0.000000
      vertex 10.300000 5.600000 0.000000
    endloop
  endfacet
  facet normal 0.000000 0.000000 -1.000000
    outer loop
      vertex 8.000000 0.000000 0.000000
      vertex 10.300000 5.600000 0.000000
      vertex 8.000000 5.600000 0.000000
    endloop
  endfacet
  facet normal 0.000000 0.000000 1.000000
    outer loop
      vertex 8.000000 0.000000 3.000000
      vertex 8.000000 5.600000 3.000000
      vertex 10.300000 5.600000 3.000000
    endloop
  endfacet
  facet normal 0.000000 0.000000 1.000000
    outer loop
      vertex 8.000000 0.000000 3.000000
      vertex 10.300000 5.600000 3.000000
      vertex 10.300000 0.000000 3.000000
    endloop
  endfacet
  facet normal 0.000000 0.000000 -1.000000
    outer loop
      vertex 8.000000 5.600000 0.000000
      vertex 10.300000 5.600000 0.000000
      vertex 10.300000 8.000000 0.000000
    endloop
  endfacet
  facet normal 0.000000 0.000000 -1.000000
    outer loop
      vertex 8.000000 5.600000 0.000000
      vertex 10.300000 8.000000 0.000000
      vertex 8.000000 8.000000 0.000000
    endloop
  endfacet
  facet normal 0.000000 -1.000000 0.000000
    outer loop
      vertex 8.000000 5.600000 3.000000
      vertex 8.000000 5.600000 7.000000
      vertex 10.300000 5.600000 7.000000
    endloop
  endfacet
  facet normal 0.000000 -1.000000 0.000000
    outer loop
      vertex 8.000000 5.600000 3.000000
      vertex 10.300000 5.600000 7.000000
      vertex 10.300000 5.600000 3.000000
    endloop
  endfacet
  facet normal 0.000000 1.000000 0.000000
    outer loop
      vertex 8.000000 8.000000 3.000000
      vertex 10.300000 8.000000 3.000000
      vertex 10.300000 8.000000 7.000000
    endloop
  endfacet
  facet normal 0.000000 1.000000 0.000000
    outer loop
      vertex 8.000000 8.000000 3.000000
      vertex 10.300000 8.000000 7.000000
      vertex 8.000000 8.000000 7.000000
    endloop
  endfacet
  facet normal 0.000000 -1.000000 0.000000
    outer loop
      vertex 8.000000 5.600000 7.000000
      vertex 8.000000 5.600000 9.600000
      vertex 10.300000 5.600000 9.600000
    endloop
  endfacet
  facet normal 0.000000 -1.000000 0.000000
    outer loop
      vertex 8.000000 5.600000 7.000000
      vertex 10.300000 5.600000 9.600000
      vertex 10.300000 5.600000 7.000000
    endloop
  endfacet
  facet normal 0.000000 1.000000 0.000000
    outer loop
      vertex 8.000000 8.000000 7.000000
      vertex 10.300000 8.000000 7.000000
      vertex 10.300000 8.000000 9.600000
    endloop
  endfacet
  facet normal 0.000000 1.000000 0.000000
    outer loop
      vertex 8.000000 8.000000 7.000000
      vertex 10.300000 8.000000 9.600000
      vertex 8.000000 8.000000 9.600000
    endloop
  endfacet
  facet normal 0.000000 0.000000 1.000000
    outer loop
      vertex 8.000000 5.600000 9.600000
      vertex 8.000000 8.000000 9.600000
      vertex 10.300000 8.000000 9.600000
    endloop
  endfacet
  facet normal 0.000000 0.000000 1.000000
    outer loop
      vertex 8.000000 5.600000 9.600000
      vertex 10.300000 8.000000 9.600000
      vertex 10.300000 5.600000 9.600000
    endloop
  endfacet
  facet normal 0.000000 0.000000 -1.000000
    outer loop
      vertex 8.000000 8.000000 0.000000
      vertex 10.300000 8.000000 0.000000
      vertex 10.300000 10.300000 0.000000
    endloop
  endfacet
  facet normal 0.000000 0.000000 -1.000000
    outer loop
      vertex 8.000000 8.000000 0.000000
      vertex 10.300000 10.300000 0.000000
      vertex 8.000000 10.300000 0.000000
    endloop
  endfacet
  facet normal 0.000000 0.000000 1.000000
    outer loop
      vertex 8.000000 8.000000 3.000000
      vertex 8.000000 10.300000 3.000000
      vertex 10.300000 10.300000 3.000000
    endloop
  endfacet
  facet normal 0.000000 0.000000 1.000000
    outer loop
      vertex 8.000000 8.000000 3.000000
      vertex 10.300000 10.300000 3.000000
      vertex 10.300000 8.000000 3.000000
    endloop
  endfacet
  facet normal 0.000000 0.000000 -1.000000
    outer loop
      vertex 8.000000 10.300000 0.000000
      vertex 10.300000 10.300000 0.000000
      vertex 10.300000 15.000000 0.000000
    endloop
  endfacet
  facet normal 0.000000 0.000000 -1.000000
    outer loop
      vertex 8.000000 10.300000 0.000000
      vertex 10.300000 15.000000 0.000000
      vertex 8.000000 15.000000 0.000000
    endloop
  endfacet
  facet normal 0.000000 0.000000 1.000000
    outer loop
      vertex 8.000000 10.300000 3.000000
      vertex 8.000000 15.000000 3.000000
      vertex 10.300000 15.000000 3.000000
    endloop
  endfacet
  facet normal 0.000000 0.000000 1.000000
    outer loop
      vertex 8.000000 10.300000 3.000000
      vertex 10.300000 15.000000 3.000000
      vertex 10.300000 10.300000 3.000000
    endloop
  endfacet
  facet normal 0.000000 0.000000 -1.000000
    outer loop
      vertex 8.000000 15.000000 0.000000
      vertex 10.300000 15.000000 0.000000
      vertex 10.300000 18.300000 0.000000
    endloop
  endfacet
  facet normal 0.000000 0.000000 -1.000000
    outer loop
      vertex 8.000000 15.000000 0.000000
      vertex 10.300000 18.300000 0.000000
      vertex 8.000000 18.300000 0.000000
    endloop
  endfacet
  facet normal 0.000000 0.000000 1.000000
    outer loop
      vertex 8.000000 15.000000 3.000000
      vertex 8.000000 18.300000 3.000000
      vertex 10.300000 18.300000 3.000000
    endloop
  endfacet
  facet normal 0.000000 0.000000 1.000000
    outer loop
      vertex 8.000000 15.000000 3.000000
      vertex 10.300000 18.300000 3.000000
      vertex 10.300000 15.000000 3.000000
    endloop
  endfacet
  facet normal 0.000000 0.000000 -1.000000
    outer loop
      vertex 8.000000 18.300000 0.000000
      vertex 10.300000 18.300000 0.000000
      vertex 10.300000 19.000000 0.000000
    endloop
  endfacet
  facet normal 0.000000 0.000000 -1.000000
    outer loop
      vertex 8.000000 18.300000 0.000000
      vertex 10.300000 19.000000 0.000000
      vertex 8.000000 19.000000 0.000000
    endloop
  endfacet
  facet normal 0.000000 0.000000 1.000000
    outer loop
      vertex 8.000000 18.300000 3.000000
      vertex 8.000000 19.000000 3.000000
      vertex 10.300000 19.000000 3.000000
    endloop
  endfacet
  facet normal 0.000000 0.000000 1.000000
    outer loop
      vertex 8.000000 18.300000 3.000000
      vertex 10.300000 19.000000 3.000000
      vertex 10.300000 18.300000 3.000000
    endloop
  endfacet
  facet normal 0.000000 0.000000 -1.000000
    outer loop
      vertex 8.000000 19.000000 0.000000
      vertex 10.300000 19.000000 0.000000
      vertex 10.300000 53.480000 0.000000
    endloop
  endfacet
  facet normal 0.000000 0.000000 -1.000000
    outer loop
      vertex 8.000000 19.000000 0.000000
      vertex 10.300000 53.480000 0.000000
      vertex 8.000000 53.480000 0.000000
    endloop
  endfacet
  facet normal 0.000000 0.000000 1.000000
    outer loop
      vertex 8.000000 19.000000 3.000000
      vertex 8.000000 53.480000 3.000000
      vertex 10.300000 53.480000 3.000000
    endloop
  endfacet
  facet normal 0.000000 0.000000 1.000000
    outer loop
      vertex 8.000000 19.000000 3.000000
      vertex 10.300000 53.480000 3.000000
      vertex 10.300000 19.000000 3.000000
    endloop
  endfacet
  facet normal 0.000000 0.000000 -1.000000
    outer loop
      vertex 8.000000 53.480000 0.000000
      vertex 10.300000 53.480000 0.000000
      vertex 10.300000 54.180000 0.000000
    endloop
  endfacet
  facet normal 0.000000 0.000000 -1.000000
    outer loop
      vertex 8.000000 53.480000 0.000000
      vertex 10.300000 54.180000 0.000000
      vertex 8.000000 54.180000 0.000000
    endloop
  endfacet
  facet normal 0.000000 0.000000 1.000000
    outer loop
      vertex 8.000000 53.480000 3.000000
      vertex 8.000000 54.180000 3.000000
      vertex 10.300000 54.180000 3.000000
    endloop
  endfacet
  facet normal 0.000000 0.000000 1.000000
    outer loop
      vertex 8.000000 53.480000 3.000000
      vertex 10.300000 54.180000 3.000000
      vertex 10.300000 53.480000 3.000000
    endloop
  endfacet
  facet normal 0.000000 0.000000 -1.000000
    outer loop
      vertex 8.000000 54.180000 0.000000
      vertex 10.300000 54.180000 0.000000
      vertex 10.300000 57.480000 0.000000
    endloop
  endfacet
  facet normal 0.000000 0.000000 -1.000000
    outer loop
      vertex 8.000000 54.180000 0.000000
      vertex 10.300000 57.480000 0.000000
      vertex 8.000000 57.480000 0.000000
    endloop
  endfacet
  facet normal 0.000000 0.000000 1.000000
    outer loop
      vertex 8.000000 54.180000 3.000000
      vertex 8.000000 57.480000 3.000000
      vertex 10.300000 57.480000 3.000000
    endloop
  endfacet
  facet normal 0.000000 0.000000 1.000000
    outer loop
      vertex 8.000000 54.180000 3.000000
      vertex 10.300000 57.480000 3.000000
      vertex 10.300000 54.180000 3.000000
    endloop
  endfacet
  facet normal 0.000000 0.000000 -1.000000
    outer loop
      vertex 8.000000 57.480000 0.000000
      vertex 10.300000 57.480000 0.000000
      vertex 10.300000 62.180000 0.000000
    endloop
  endfacet
  facet normal 0.000000 0.000000 -1.000000
    outer loop
      vertex 8.000000 57.480000 0.000000
      vertex 10.300000 62.180000 0.000000
      vertex 8.000000 62.180000 0.000000
    endloop
  endfacet
  facet normal 0.000000 0.000000 1.000000
    outer loop
      vertex 8.000000 57.480000 3.000000
      vertex 8.000000 62.180000 3.000000
      vertex 10.300000 62.180000 3.000000
    endloop
  endfacet
  facet normal 0.000000 0.000000 1.000000
    outer loop
      vertex 8.000000 57.480000 3.000000
      vertex 10.300000 62.180000 3.000000
      vertex 10.300000 57.480000 3.000000
    endloop
  endfacet
  facet normal 0.000000 0.000000 -1.000000
    outer loop
      vertex 8.000000 62.180000 0.000000
      vertex 10.300000 62.180000 0.000000
      vertex 10.300000 64.480000 0.000000
    endloop
  endfacet
  facet normal 0.000000 0.000000 -1.000000
    outer loop
      vertex 8.000000 62.180000 0.000000
      vertex 10.300000 64.480000 0.000000
      vertex 8.000000 64.480000 0.000000
    endloop
  endfacet
  facet normal 0.000000 0.000000 1.000000
    outer loop
      vertex 8.000000 62.180000 3.000000
      vertex 8.000000 64.480000 3.000000
      vertex 10.300000 64.480000 3.000000
    endloop
  endfacet
  facet normal 0.000000 0.000000 1.000000
    outer loop
      vertex 8.000000 62.180000 3.000000
      vertex 10.300000 64.480000 3.000000
      vertex 10.300000 62.180000 3.000000
    endloop
  endfacet
  facet normal 0.000000 0.000000 -1.000000
    outer loop
      vertex 8.000000 64.480000 0.000000
      vertex 10.300000 64.480000 0.000000
      vertex 10.300000 66.880000 0.000000
    endloop
  endfacet
  facet normal 0.000000 0.000000 -1.000000
    outer loop
      vertex 8.000000 64.480000 0.000000
      vertex 10.300000 66.880000 0.000000
      vertex 8.000000 66.880000 0.000000
    endloop
  endfacet
  facet normal 0.000000 -1.000000 0.000000
    outer loop
      vertex 8.000000 64.480000 3.000000
      vertex 8.000000 64.480000 7.000000
      vertex 10.300000 64.480000 7.000000
    endloop
  endfacet
  facet normal 0.000000 -1.000000 0.000000
    outer loop
      vertex 8.000000 64.480000 3.000000
      vertex 10.300000 64.480000 7.000000
      vertex 10.300000 64.480000 3.000000
    endloop
  endfacet
  facet normal 0.000000 1.000000 0.000000
    outer loop
      vertex 8.000000 66.880000 3.000000
      vertex 10.300000 66.880000 3.000000
      vertex 10.300000 66.880000 7.000000
    endloop
  endfacet
  facet normal 0.000000 1.000000 0.000000
    outer loop
      vertex 8.000000 66.880000 3.000000
      vertex 10.300000 66.880000 7.000000
      vertex 8.000000 66.880000 7.000000
    endloop
  endfacet
  facet normal 0.000000 -1.000000 0.000000
    outer loop
      vertex 8.000000 64.480000 7.000000
      vertex 8.000000 64.480000 9.600000
      vertex 10.300000 64.480000 9.600000
    endloop
  endfacet
  facet normal 0.000000 -1.000000 0.000000
    outer loop
      vertex 8.000000 64.480000 7.000000
      vertex 10.300000 64.480000 9.600000
      vertex 10.300000 64.480000 7.000000
    endloop
  endfacet
  facet normal 0.000000 1.000000 0.000000
    outer loop
      vertex 8.000000 66.880000 7.000000
      vertex 10.300000 66.880000 7.000000
      vertex 10.300000 66.880000 9.600000
    endloop
  endfacet
  facet normal 0.000000 1.000000 0.000000
    outer loop
      vertex 8.000000 66.880000 7.000000
      vertex 10.300000 66.880000 9.600000
      vertex 8.000000 66.880000 9.600000
    endloop
  endfacet
  facet normal 0.000000 0.000000 1.000000
    outer loop
      vertex 8.000000 64.480000 9.600000
      vertex 8.000000 66.880000 9.600000
      vertex 10.300000 66.880000 9.600000
    endloop
  endfacet
  facet normal 0.000000 0.000000 1.000000
    outer loop
      vertex 8.000000 64.480000 9.600000
      vertex 10.300000 66.880000 9.600000
      vertex 10.300000 64.480000 9.600000
    endloop
  endfacet
  facet normal 0.000000 1.000000 0.000000
    outer loop
      vertex 8.000000 72.480000 0.000000
      vertex 10.300000 72.480000 0.000000
      vertex 10.300000 72.480000 3.000000
    endloop
  endfacet
  facet normal 0.000000 1.000000 0.000000
    outer loop
      vertex 8.000000 72.480000 0.000000
      vertex 10.300000 72.480000 3.000000
      vertex 8.000000 72.480000 3.000000
    endloop
  endfacet
  facet normal 0.000000 0.000000 -1.000000
    outer loop
      vertex 8.000000 66.880000 0.000000
      vertex 10.300000 66.880000 0.000000
      vertex 10.300000 72.480000 0.000000
    endloop
  endfacet
  facet normal 0.000000 0.000000 -1.000000
    outer loop
      vertex 8.000000 66.880000 0.000000
      vertex 10.300000 72.480000 0.000000
      vertex 8.000000 72.480000 0.000000
    endloop
  endfacet
  facet normal 0.000000 0.000000 1.000000
    outer loop
      vertex 8.000000 66.880000 3.000000
      vertex 8.000000 72.480000 3.000000
      vertex 10.300000 72.480000 3.000000
    endloop
  endfacet
  facet normal 0.000000 0.000000 1.000000
    outer loop
      vertex 8.000000 66.880000 3.000000
      vertex 10.300000 72.480000 3.000000
      vertex 10.300000 66.880000 3.000000
    endloop
  endfacet
  facet normal 0.000000 -1.000000 0.000000
    outer loop
      vertex 10.300000 0.000000 0.000000
      vertex 10.300000 0.000000 3.000000
      vertex 18.300000 0.000000 3.000000
    endloop
  endfacet
  facet normal 0.000000 -1.000000 0.000000
    outer loop
      vertex 10.300000 0.000000 0.000000
      vertex 18.300000 0.000000 3.000000
      vertex 18.300000 0.000000 0.000000
    endloop
  endfacet
  facet normal 0.000000 0.000000 -1.000000
    outer loop
      vertex 10.300000 0.000000 0.000000
      vertex 18.300000 0.000000 0.000000
      vertex 18.300000 5.600000 0.000000
    endloop
  endfacet
  facet normal 0.000000 0.000000 -1.000000
    outer loop
      vertex 10.300000 0.000000 0.000000
      vertex 18.300000 5.600000 0.000000
      vertex 10.300000 5.600000 0.000000
    endloop
  endfacet
  facet normal 0.000000 0.000000 1.000000
    outer loop
      vertex 10.300000 0.000000 3.000000
      vertex 10.300000 5.600000 3.000000
      vertex 18.300000 5.600000 3.000000
    endloop
  endfacet
  facet normal 0.000000 0.000000 1.000000
    outer loop
      vertex 10.300000 0.000000 3.000000
      vertex 18.300000 5.600000 3.000000
      vertex 18.300000 0.000000 3.000000
    endloop
  endfacet
  facet normal 0.000000 0.000000 -1.000000
    outer loop
      vertex 10.300000 5.600000 0.000000
      vertex 18.300000 5.600000 0.000000
      vertex 18.300000 8.000000 0.000000
    endloop
  endfacet
  facet normal 0.000000 0.000000 -1.000000
    outer loop
      vertex 10.300000 5.600000 0.000000
      vertex 18.300000 8.000000 0.000000
      vertex 10.300000 8.000000 0.000000
    endloop
  endfacet
  facet normal 0.000000 -1.000000 0.000000
    outer loop
      vertex 10.300000 5.600000 3.000000
      vertex 10.300000 5.600000 7.000000
      vertex 18.300000 5.600000 7.000000
    endloop
  endfacet
  facet normal 0.000000 -1.000000 0.000000
    outer loop
      vertex 10.300000 5.600000 3.000000
      vertex 18.300000 5.600000 7.000000
      vertex 18.300000 5.600000 3.000000
    endloop
  endfacet
  facet normal 0.000000 1.000000 0.000000
    outer loop
      vertex 10.300000 8.000000 3.000000
      vertex 18.300000 8.000000 3.000000
      vertex 18.300000 8.000000 7.000000
    endloop
  endfacet
  facet normal 0.000000 1.000000 0.000000
    outer loop
      vertex 10.300000 8.000000 3.000000
      vertex 18.300000 8.000000 7.000000
      vertex 10.300000 8.000000 7.000000
    endloop
  endfacet
  facet normal 0.000000 -1.000000 0.000000
    outer loop
      vertex 10.300000 5.600000 7.000000
      vertex 10.300000 5.600000 9.600000
      vertex 18.300000 5.600000 9.600000
    endloop
  endfacet
  facet normal 0.000000 -1.000000 0.000000
    outer loop
      vertex 10.300000 5.600000 7.000000
      vertex 18.300000 5.600000 9.600000
      vertex 18.300000 5.600000 7.000000
    endloop
  endfacet
  facet normal 0.000000 1.000000 0.000000
    outer loop
      vertex 10.300000 8.000000 7.000000
      vertex 18.300000 8.000000 7.000000
      vertex 18.300000 8.000000 9.600000
    endloop
  endfacet
  facet normal 0.000000 1.000000 0.000000
    outer loop
      vertex 10.300000 8.000000 7.000000
      vertex 18.300000 8.000000 9.600000
      vertex 10.300000 8.000000 9.600000
    endloop
  endfacet
  facet normal 0.000000 0.000000 1.000000
    outer loop
      vertex 10.300000 5.600000 9.600000
      vertex 10.300000 8.000000 9.600000
      vertex 18.300000 8.000000 9.600000
    endloop
  endfacet
  facet normal 0.000000 0.000000 1.000000
    outer loop
      vertex 10.300000 5.600000 9.600000
      vertex 18.300000 8.000000 9.600000
      vertex 18.300000 5.600000 9.600000
    endloop
  endfacet
  facet normal 0.000000 0.000000 -1.000000
    outer loop
      vertex 10.300000 8.000000 0.000000
      vertex 18.300000 8.000000 0.000000
      vertex 18.300000 10.300000 0.000000
    endloop
  endfacet
  facet normal 0.000000 0.000000 -1.000000
    outer loop
      vertex 10.300000 8.000000 0.000000
      vertex 18.300000 10.300000 0.000000
      vertex 10.300000 10.300000 0.000000
    endloop
  endfacet
  facet normal 0.000000 0.000000 1.000000
    outer loop
      vertex 10.300000 8.000000 3.000000
      vertex 10.300000 10.300000 3.000000
      vertex 18.300000 10.300000 3.000000
    endloop
  endfacet
  facet normal 0.000000 0.000000 1.000000
    outer loop
      vertex 10.300000 8.000000 3.000000
      vertex 18.300000 10.300000 3.000000
      vertex 18.300000 8.000000 3.000000
    endloop
  endfacet
  facet normal 0.000000 0.000000 -1.000000
    outer loop
      vertex 10.300000 10.300000 0.000000
      vertex 18.300000 10.300000 0.000000
      vertex 18.300000 15.000000 0.000000
    endloop
  endfacet
  facet normal 0.000000 0.000000 -1.000000
    outer loop
      vertex 10.300000 10.300000 0.000000
      vertex 18.300000 15.000000 0.000000
      vertex 10.300000 15.000000 0.000000
    endloop
  endfacet
  facet normal -1.000000 0.000000 0.000000
    outer loop
      vertex 10.300000 10.300000 3.000000
      vertex 10.300000 15.000000 3.000000
      vertex 10.300000 15.000000 7.000000
    endloop
  endfacet
  facet normal -1.000000 0.000000 0.000000
    outer loop
      vertex 10.300000 10.300000 3.000000
      vertex 10.300000 15.000000 7.000000
      vertex 10.300000 10.300000 7.000000
    endloop
  endfacet
  facet normal 1.000000 0.000000 0.000000
    outer loop
      vertex 18.300000 10.300000 3.000000
      vertex 18.300000 10.300000 7.000000
      vertex 18.300000 15.000000 7.000000
    endloop
  endfacet
  facet normal 1.000000 0.000000 0.000000
    outer loop
      vertex 18.300000 10.300000 3.000000
      vertex 18.300000 15.000000 7.000000
      vertex 18.300000 15.000000 3.000000
    endloop
  endfacet
  facet normal 0.000000 -1.000000 0.000000
    outer loop
      vertex 10.300000 10.300000 3.000000
      vertex 10.300000 10.300000 7.000000
      vertex 18.300000 10.300000 7.000000
    endloop
  endfacet
  facet normal 0.000000 -1.000000 0.000000
    outer loop
      vertex 10.300000 10.300000 3.000000
      vertex 18.300000 10.300000 7.000000
      vertex 18.300000 10.300000 3.000000
    endloop
  endfacet
  facet normal 0.000000 0.000000 1.000000
    outer loop
      vertex 10.300000 10.300000 7.000000
      vertex 10.300000 15.000000 7.000000
      vertex 18.300000 15.000000 7.000000
    endloop
  endfacet
  facet normal 0.000000 0.000000 1.000000
    outer loop
      vertex 10.300000 10.300000 7.000000
      vertex 18.300000 15.000000 7.000000
      vertex 18.300000 10.300000 7.000000
    endloop
  endfacet
  facet normal 0.000000 0.000000 -1.000000
    outer loop
      vertex 10.300000 15.000000 0.000000
      vertex 18.300000 15.000000 0.000000
      vertex 18.300000 18.300000 0.000000
    endloop
  endfacet
  facet normal 0.000000 0.000000 -1.000000
    outer loop
      vertex 10.300000 15.000000 0.000000
      vertex 18.300000 18.300000 0.000000
      vertex 10.300000 18.300000 0.000000
    endloop
  endfacet
  facet normal -1.000000 0.000000 0.000000
    outer loop
      vertex 10.300000 15.000000 3.000000
      vertex 10.300000 18.300000 3.000000
      vertex 10.300000 18.300000 7.000000
    endloop
  endfacet
  facet normal -1.000000 0.000000 0.000000
    outer loop
      vertex 10.300000 15.000000 3.000000
      vertex 10.300000 18.300000 7.000000
      vertex 10.300000 15.000000 7.000000
    endloop
  endfacet
  facet normal 1.000000 0.000000 0.000000
    outer loop
      vertex 18.300000 15.000000 3.000000
      vertex 18.300000 15.000000 7.000000
      vertex 18.300000 18.300000 7.000000
    endloop
  endfacet
  facet normal 1.000000 0.000000 0.000000
    outer loop
      vertex 18.300000 15.000000 3.000000
      vertex 18.300000 18.300000 7.000000
      vertex 18.300000 18.300000 3.000000
    endloop
  endfacet
  facet normal 0.000000 1.000000 0.000000
    outer loop
      vertex 10.300000 18.300000 3.000000
      vertex 18.300000 18.300000 3.000000
      vertex 18.300000 18.300000 7.000000
    endloop
  endfacet
  facet normal 0.000000 1.000000 0.000000
    outer loop
      vertex 10.300000 18.300000 3.000000
      vertex 18.300000 18.300000 7.000000
      vertex 10.300000 18.300000 7.000000
    endloop
  endfacet
  facet normal 0.000000 0.000000 1.000000
    outer loop
      vertex 10.300000 15.000000 7.000000
      vertex 10.300000 18.300000 7.000000
      vertex 18.300000 18.300000 7.000000
    endloop
  endfacet
  facet normal 0.000000 0.000000 1.000000
    outer loop
      vertex 10.300000 15.000000 7.000000
      vertex 18.300000 18.300000 7.000000
      vertex 18.300000 15.000000 7.000000
    endloop
  endfacet
  facet normal 0.000000 0.000000 -1.000000
    outer loop
      vertex 10.300000 18.300000 0.000000
      vertex 18.300000 18.300000 0.000000
      vertex 18.300000 19.000000 0.000000
    endloop
  endfacet
  facet normal 0.000000 0.000000 -1.000000
    outer loop
      vertex 10.300000 18.300000 0.000000
      vertex 18.300000 19.000000 0.000000
      vertex 10.300000 19.000000 0.000000
    endloop
  endfacet
  facet normal 0.000000 0.000000 1.000000
    outer loop
      vertex 10.300000 18.300000 3.000000
      vertex 10.300000 19.000000 3.000000
      vertex 18.300000 19.000000 3.000000
    endloop
  endfacet
  facet normal 0.000000 0.000000 1.000000
    outer loop
      vertex 10.300000 18.300000 3.000000
      vertex 18.300000 19.000000 3.000000
      vertex 18.300000 18.300000 3.000000
    endloop
  endfacet
  facet normal 0.000000 0.000000 -1.000000
    outer loop
      vertex 10.300000 19.000000 0.000000
      vertex 18.300000 19.000000 0.000000
      vertex 18.300000 53.480000 0.000000
    endloop
  endfacet
  facet normal 0.000000 0.000000 -1.000000
    outer loop
      vertex 10.300000 19.000000 0.000000
      vertex 18.300000 53.480000 0.000000
      vertex 10.300000 53.480000 0.000000
    endloop
  endfacet
  facet normal 0.000000 0.000000 1.000000
    outer loop
      vertex 10.300000 19.000000 3.000000
      vertex 10.300000 53.480000 3.000000
      vertex 18.300000 53.480000 3.000000
    endloop
  endfacet
  facet normal 0.000000 0.000000 1.000000
    outer loop
      vertex 10.300000 19.000000 3.000000
      vertex 18.300000 53.480000 3.000000
      vertex 18.300000 19.000000 3.000000
    endloop
  endfacet
  facet normal 0.000000 0.000000 -1.000000
    outer loop
      vertex 10.300000 53.480000 0.000000
      vertex 18.300000 53.480000 0.000000
      vertex 18.300000 54.180000 0.000000
    endloop
  endfacet
  facet normal 0.000000 0.000000 -1.000000
    outer loop
      vertex 10.300000 53.480000 0.000000
      vertex 18.300000 54.180000 0.000000
      vertex 10.300000 54.180000 0.000000
    endloop
  endfacet
  facet normal 0.000000 0.000000 1.000000
    outer loop
      vertex 10.300000 53.480000 3.000000
      vertex 10.300000 54.180000 3.000000
      vertex 18.300000 54.180000 3.000000
    endloop
  endfacet
  facet normal 0.000000 0.000000 1.000000
    outer loop
      vertex 10.300000 53.480000 3.000000
      vertex 18.300000 54.180000 3.000000
      vertex 18.300000 53.480000 3.000000
    endloop
  endfacet
  facet normal 0.000000 0.000000 -1.000000
    outer loop
      vertex 10.300000 54.180000 0.000000
      vertex 18.300000 54.180000 0.000000
      vertex 18.300000 57.480000 0.000000
    endloop
  endfacet
  facet normal 0.000000 0.000000 -1.000000
    outer loop
      vertex 10.300000 54.180000 0.000000
      vertex 18.300000 57.480000 0.000000
      vertex 10.300000 57.480000 0.000000
    endloop
  endfacet
  facet normal -1.000000 0.000000 0.000000
    outer loop
      vertex 10.300000 54.180000 3.000000
      vertex 10.300000 57.480000 3.000000
      vertex 10.300000 57.480000 7.000000
    endloop
  endfacet
  facet normal -1.000000 0.000000 0.000000
    outer loop
      vertex 10.300000 54.180000 3.000000
      vertex 10.300000 57.480000 7.000000
      vertex 10.300000 54.180000 7.000000
    endloop
  endfacet
  facet normal 1.000000 0.000000 0.000000
    outer loop
      vertex 18.300000 54.180000 3.000000
      vertex 18.300000 54.180000 7.000000
      vertex 18.300000 57.480000 7.000000
    endloop
  endfacet
  facet normal 1.000000 0.000000 0.000000
    outer loop
      vertex 18.300000 54.180000 3.000000
      vertex 18.300000 57.480000 7.000000
      vertex 18.300000 57.480000 3.000000
    endloop
  endfacet
  facet normal 0.000000 -1.000000 0.000000
    outer loop
      vertex 10.300000 54.180000 3.000000
      vertex 10.300000 54.180000 7.000000
      vertex 18.300000 54.180000 7.000000
    endloop
  endfacet
  facet normal 0.000000 -1.000000 0.000000
    outer loop
      vertex 10.300000 54.180000 3.000000
      vertex 18.300000 54.180000 7.000000
      vertex 18.300000 54.180000 3.000000
    endloop
  endfacet
  facet normal 0.000000 0.000000 1.000000
    outer loop
      vertex 10.300000 54.180000 7.000000
      vertex 10.300000 57.480000 7.000000
      vertex 18.300000 57.480000 7.000000
    endloop
  endfacet
  facet normal 0.000000 0.000000 1.000000
    outer loop
      vertex 10.300000 54.180000 7.000000
      vertex 18.300000 57.480000 7.000000
      vertex 18.300000 54.180000 7.000000
    endloop
  endfacet
  facet normal 0.000000 0.000000 -1.000000
    outer loop
      vertex 10.300000 57.480000 0.000000
      vertex 18.300000 57.480000 0.000000
      vertex 18.300000 62.180000 0.000000
    endloop
  endfacet
  facet normal 0.000000 0.000000 -1.000000
    outer loop
      vertex 10.300000 57.480000 0.000000
      vertex 18.300000 62.180000 0.000000
      vertex 10.300000 62.180000 0.000000
    endloop
  endfacet
  facet normal -1.000000 0.000000 0.000000
    outer loop
      vertex 10.300000 57.480000 3.000000
      vertex 10.300000 62.180000 3.000000
      vertex 10.300000 62.180000 7.000000
    endloop
  endfacet
  facet normal -1.000000 0.000000 0.000000
    outer loop
      vertex 10.300000 57.480000 3.000000
      vertex 10.300000 62.180000 7.000000
      vertex 10.300000 57.480000 7.000000
    endloop
  endfacet
  facet normal 1.000000 0.000000 0.000000
    outer loop
      vertex 18.300000 57.480000 3.000000
      vertex 18.300000 57.480000 7.000000
      vertex 18.300000 62.180000 7.000000
    endloop
  endfacet
  facet normal 1.000000 0.000000 0.000000
    outer loop
      vertex 18.300000 57.480000 3.000000
      vertex 18.300000 62.180000 7.000000
      vertex 18.300000 62.180000 3.000000
    endloop
  endfacet
  facet normal 0.000000 1.000000 0.000000
    outer loop
      vertex 10.300000 62.180000 3.000000
      vertex 18.300000 62.180000 3.000000
      vertex 18.300000 62.180000 7.000000
    endloop
  endfacet
  facet normal 0.000000 1.000000 0.000000
    outer loop
      vertex 10.300000 62.180000 3.000000
      vertex 18.300000 62.180000 7.000000
      vertex 10.300000 62.180000 7.000000
    endloop
  endfacet
  facet normal 0.000000 0.000000 1.000000
    outer loop
      vertex 10.300000 57.480000 7.000000
      vertex 10.300000 62.180000 7.000000
      vertex 18.300000 62.180000 7.000000
    endloop
  endfacet
  facet normal 0.000000 0.000000 1.000000
    outer loop
      vertex 10.300000 57.480000 7.000000
      vertex 18.300000 62.180000 7.000000
      vertex 18.300000 57.480000 7.000000
    endloop
  endfacet
  facet normal 0.000000 0.000000 -1.000000
    outer loop
      vertex 10.300000 62.180000 0.000000
      vertex 18.300000 62.180000 0.000000
      vertex 18.300000 64.480000 0.000000
    endloop
  endfacet
  facet normal 0.000000 0.000000 -1.000000
    outer loop
      vertex 10.300000 62.180000 0.000000
      vertex 18.300000 64.480000 0.000000
      vertex 10.300000 64.480000 0.000000
    endloop
  endfacet
  facet normal 0.000000 0.000000 1.000000
    outer loop
      vertex 10.300000 62.180000 3.000000
      vertex 10.300000 64.480000 3.000000
      vertex 18.300000 64.480000 3.000000
    endloop
  endfacet
  facet normal 0.000000 0.000000 1.000000
    outer loop
      vertex 10.300000 62.180000 3.000000
      vertex 18.300000 64.480000 3.000000
      vertex 18.300000 62.180000 3.000000
    endloop
  endfacet
  facet normal 0.000000 0.000000 -1.000000
    outer loop
      vertex 10.300000 64.480000 0.000000
      vertex 18.300000 64.480000 0.000000
      vertex 18.300000 66.880000 0.000000
    endloop
  endfacet
  facet normal 0.000000 0.000000 -1.000000
    outer loop
      vertex 10.300000 64.480000 0.000000
      vertex 18.300000 66.880000 0.000000
      vertex 10.300000 66.880000 0.000000
    endloop
  endfacet
  facet normal 0.000000 -1.000000 0.000000
    outer loop
      vertex 10.300000 64.480000 3.000000
      vertex 10.300000 64.480000 7.000000
      vertex 18.300000 64.480000 7.000000
    endloop
  endfacet
  facet normal 0.000000 -1.000000 0.000000
    outer loop
      vertex 10.300000 64.480000 3.000000
      vertex 18.300000 64.480000 7.000000
      vertex 18.300000 64.480000 3.000000
    endloop
  endfacet
  facet normal 0.000000 1.000000 0.000000
    outer loop
      vertex 10.300000 66.880000 3.000000
      vertex 18.300000 66.880000 3.000000
      vertex 18.300000 66.880000 7.000000
    endloop
  endfacet
  facet normal 0.000000 1.000000 0.000000
    outer loop
      vertex 10.300000 66.880000 3.000000
      vertex 18.300000 66.880000 7.000000
      vertex 10.300000 66.880000 7.000000
    endloop
  endfacet
  facet normal 0.000000 -1.000000 0.000000
    outer loop
      vertex 10.300000 64.480000 7.000000
      vertex 10.300000 64.480000 9.600000
      vertex 18.300000 64.480000 9.600000
    endloop
  endfacet
  facet normal 0.000000 -1.000000 0.000000
    outer loop
      vertex 10.300000 64.480000 7.000000
      vertex 18.300000 64.480000 9.600000
      vertex 18.300000 64.480000 7.000000
    endloop
  endfacet
  facet normal 0.000000 1.000000 0.000000
    outer loop
      vertex 10.300000 66.880000 7.000000
      vertex 18.300000 66.880000 7.000000
      vertex 18.300000 66.880000 9.600000
    endloop
  endfacet
  facet normal 0.000000 1.000000 0.000000
    outer loop
      vertex 10.300000 66.880000 7.000000
      vertex 18.300000 66.880000 9.600000
      vertex 10.300000 66.880000 9.600000
    endloop
  endfacet
  facet normal 0.000000 0.000000 1.000000
    outer loop
      vertex 10.300000 64.480000 9.600000
      vertex 10.300000 66.880000 9.600000
      vertex 18.300000 66.880000 9.600000
    endloop
  endfacet
  facet normal 0.000000 0.000000 1.000000
    outer loop
      vertex 10.300000 64.480000 9.600000
      vertex 18.300000 66.880000 9.600000
      vertex 18.300000 64.480000 9.600000
    endloop
  endfacet
  facet normal 0.000000 1.000000 0.000000
    outer loop
      vertex 10.300000 72.480000 0.000000
      vertex 18.300000 72.480000 0.000000
      vertex 18.300000 72.480000 3.000000
    endloop
  endfacet
  facet normal 0.000000 1.000000 0.000000
    outer loop
      vertex 10.300000 72.480000 0.000000
      vertex 18.300000 72.480000 3.000000
      vertex 10.300000 72.480000 3.000000
    endloop
  endfacet
  facet normal 0.000000 0.000000 -1.000000
    outer loop
      vertex 10.300000 66.880000 0.000000
      vertex 18.300000 66.880000 0.000000
      vertex 18.300000 72.480000 0.000000
    endloop
  endfacet
  facet normal 0.000000 0.000000 -1.000000
    outer loop
      vertex 10.300000 66.880000 0.000000
      vertex 18.300000 72.480000 0.000000
      vertex 10.300000 72.480000 0.000000
    endloop
  endfacet
  facet normal 0.000000 0.000000 1.000000
    outer loop
      vertex 10.300000 66.880000 3.000000
      vertex 10.300000 72.480000 3.000000
      vertex 18.300000 72.480000 3.000000
    endloop
  endfacet
  facet normal 0.000000 0.000000 1.000000
    outer loop
      vertex 10.300000 66.880000 3.000000
      vertex 18.300000 72.480000 3.000000
      vertex 18.300000 66.880000 3.000000
    endloop
  endfacet
  facet normal 0.000000 -1.000000 0.000000
    outer loop
      vertex 18.300000 0.000000 0.000000
      vertex 18.300000 0.000000 3.000000
      vertex 19.000000 0.000000 3.000000
    endloop
  endfacet
  facet normal 0.000000 -1.000000 0.000000
    outer loop
      vertex 18.300000 0.000000 0.000000
      vertex 19.000000 0.000000 3.000000
      vertex 19.000000 0.000000 0.000000
    endloop
  endfacet
  facet normal 0.000000 0.000000 -1.000000
    outer loop
      vertex 18.300000 0.000000 0.000000
      vertex 19.000000 0.000000 0.000000
      vertex 19.000000 5.600000 0.000000
    endloop
  endfacet
  facet normal 0.000000 0.000000 -1.000000
    outer loop
      vertex 18.300000 0.000000 0.000000
      vertex 19.000000 5.600000 0.000000
      vertex 18.300000 5.600000 0.000000
    endloop
  endfacet
  facet normal 0.000000 0.000000 1.000000
    outer loop
      vertex 18.300000 0.000000 3.000000
      vertex 18.300000 5.600000 3.000000
      vertex 19.000000 5.600000 3.000000
    endloop
  endfacet
  facet normal 0.000000 0.000000 1.000000
    outer loop
      vertex 18.300000 0.000000 3.000000
      vertex 19.000000 5.600000 3.000000
      vertex 19.000000 0.000000 3.000000
    endloop
  endfacet
  facet normal 0.000000 0.000000 -1.000000
    outer loop
      vertex 18.300000 5.600000 0.000000
      vertex 19.000000 5.600000 0.000000
      vertex 19.000000 8.000000 0.000000
    endloop
  endfacet
  facet normal 0.000000 0.000000 -1.000000
    outer loop
      vertex 18.300000 5.600000 0.000000
      vertex 19.000000 8.000000 0.000000
      vertex 18.300000 8.000000 0.000000
    endloop
  endfacet
  facet normal 1.000000 0.000000 0.000000
    outer loop
      vertex 19.000000 5.600000 3.000000
      vertex 19.000000 5.600000 7.000000
      vertex 19.000000 8.000000 7.000000
    endloop
  endfacet
  facet normal 1.000000 0.000000 0.000000
    outer loop
      vertex 19.000000 5.600000 3.000000
      vertex 19.000000 8.000000 7.000000
      vertex 19.000000 8.000000 3.000000
    endloop
  endfacet
  facet normal 0.000000 -1.000000 0.000000
    outer loop
      vertex 18.300000 5.600000 3.000000
      vertex 18.300000 5.600000 7.000000
      vertex 19.000000 5.600000 7.000000
    endloop
  endfacet
  facet normal 0.000000 -1.000000 0.000000
    outer loop
      vertex 18.300000 5.600000 3.000000
      vertex 19.000000 5.600000 7.000000
      vertex 19.000000 5.600000 3.000000
    endloop
  endfacet
  facet normal 0.000000 1.000000 0.000000
    outer loop
      vertex 18.300000 8.000000 3.000000
      vertex 19.000000 8.000000 3.000000
      vertex 19.000000 8.000000 7.000000
    endloop
  endfacet
  facet normal 0.000000 1.000000 0.000000
    outer loop
      vertex 18.300000 8.000000 3.000000
      vertex 19.000000 8.000000 7.000000
      vertex 18.300000 8.000000 7.000000
    endloop
  endfacet
  facet normal 1.000000 0.000000 0.000000
    outer loop
      vertex 19.000000 5.600000 7.000000
      vertex 19.000000 5.600000 9.600000
      vertex 19.000000 8.000000 9.600000
    endloop
  endfacet
  facet normal 1.000000 0.000000 0.000000
    outer loop
      vertex 19.000000 5.600000 7.000000
      vertex 19.000000 8.000000 9.600000
      vertex 19.000000 8.000000 7.000000
    endloop
  endfacet
  facet normal 0.000000 -1.000000 0.000000
    outer loop
      vertex 18.300000 5.600000 7.000000
      vertex 18.300000 5.600000 9.600000
      vertex 19.000000 5.600000 9.600000
    endloop
  endfacet
  facet normal 0.000000 -1.000000 0.000000
    outer loop
      vertex 18.300000 5.600000 7.000000
      vertex 19.000000 5.600000 9.600000
      vertex 19.000000 5.600000 7.000000
    endloop
  endfacet
  facet normal 0.000000 1.000000 0.000000
    outer loop
      vertex 18.300000 8.000000 7.000000
      vertex 19.000000 8.000000 7.000000
      vertex 19.000000 8.000000 9.600000
    endloop
  endfacet
  facet normal 0.000000 1.000000 0.000000
    outer loop
      vertex 18.300000 8.000000 7.000000
      vertex 19.000000 8.000000 9.600000
      vertex 18.300000 8.000000 9.600000
    endloop
  endfacet
  facet normal 0.000000 0.000000 1.000000
    outer loop
      vertex 18.300000 5.600000 9.600000
      vertex 18.300000 8.000000 9.600000
      vertex 19.000000 8.000000 9.600000
    endloop
  endfacet
  facet normal 0.000000 0.000000 1.000000
    outer loop
      vertex 18.300000 5.600000 9.600000
      vertex 19.000000 8.000000 9.600000
      vertex 19.000000 5.600000 9.600000
    endloop
  endfacet
  facet normal 0.000000 0.000000 -1.000000
    outer loop
      vertex 18.300000 8.000000 0.000000
      vertex 19.000000 8.000000 0.000000
      vertex 19.000000 10.300000 0.000000
    endloop
  endfacet
  facet normal 0.000000 0.000000 -1.000000
    outer loop
      vertex 18.300000 8.000000 0.000000
      vertex 19.000000 10.300000 0.000000
      vertex 18.300000 10.300000 0.000000
    endloop
  endfacet
  facet normal 0.000000 0.000000 1.000000
    outer loop
      vertex 18.300000 8.000000 3.000000
      vertex 18.300000 10.300000 3.000000
      vertex 19.000000 10.300000 3.000000
    endloop
  endfacet
  facet normal 0.000000 0.000000 1.000000
    outer loop
      vertex 18.300000 8.000000 3.000000
      vertex 19.000000 10.300000 3.000000
      vertex 19.000000 8.000000 3.000000
    endloop
  endfacet
  facet normal 0.000000 0.000000 -1.000000
    outer loop
      vertex 18.300000 10.300000 0.000000
      vertex 19.000000 10.300000 0.000000
      vertex 19.000000 15.000000 0.000000
    endloop
  endfacet
  facet normal 0.000000 0.000000 -1.000000
    outer loop
      vertex 18.300000 10.300000 0.000000
      vertex 19.000000 15.000000 0.000000
      vertex 18.300000 15.000000 0.000000
    endloop
  endfacet
  facet normal 0.000000 0.000000 1.000000
    outer loop
      vertex 18.300000 10.300000 3.000000
      vertex 18.300000 15.000000 3.000000
      vertex 19.000000 15.000000 3.000000
    endloop
  endfacet
  facet normal 0.000000 0.000000 1.000000
    outer loop
      vertex 18.300000 10.300000 3.000000
      vertex 19.000000 15.000000 3.000000
      vertex 19.000000 10.300000 3.000000
    endloop
  endfacet
  facet normal 0.000000 0.000000 -1.000000
    outer loop
      vertex 18.300000 15.000000 0.000000
      vertex 19.000000 15.000000 0.000000
      vertex 19.000000 18.300000 0.000000
    endloop
  endfacet
  facet normal 0.000000 0.000000 -1.000000
    outer loop
      vertex 18.300000 15.000000 0.000000
      vertex 19.000000 18.300000 0.000000
      vertex 18.300000 18.300000 0.000000
    endloop
  endfacet
  facet normal 0.000000 0.000000 1.000000
    outer loop
      vertex 18.300000 15.000000 3.000000
      vertex 18.300000 18.300000 3.000000
      vertex 19.000000 18.300000 3.000000
    endloop
  endfacet
  facet normal 0.000000 0.000000 1.000000
    outer loop
      vertex 18.300000 15.000000 3.000000
      vertex 19.000000 18.300000 3.000000
      vertex 19.000000 15.000000 3.000000
    endloop
  endfacet
  facet normal 0.000000 0.000000 -1.000000
    outer loop
      vertex 18.300000 18.300000 0.000000
      vertex 19.000000 18.300000 0.000000
      vertex 19.000000 19.000000 0.000000
    endloop
  endfacet
  facet normal 0.000000 0.000000 -1.000000
    outer loop
      vertex 18.300000 18.300000 0.000000
      vertex 19.000000 19.000000 0.000000
      vertex 18.300000 19.000000 0.000000
    endloop
  endfacet
  facet normal 0.000000 0.000000 1.000000
    outer loop
      vertex 18.300000 18.300000 3.000000
      vertex 18.300000 19.000000 3.000000
      vertex 19.000000 19.000000 3.000000
    endloop
  endfacet
  facet normal 0.000000 0.000000 1.000000
    outer loop
      vertex 18.300000 18.300000 3.000000
      vertex 19.000000 19.000000 3.000000
      vertex 19.000000 18.300000 3.000000
    endloop
  endfacet
  facet normal 0.000000 0.000000 -1.000000
    outer loop
      vertex 18.300000 19.000000 0.000000
      vertex 19.000000 19.000000 0.000000
      vertex 19.000000 53.480000 0.000000
    endloop
  endfacet
  facet normal 0.000000 0.000000 -1.000000
    outer loop
      vertex 18.300000 19.000000 0.000000
      vertex 19.000000 53.480000 0.000000
      vertex 18.300000 53.480000 0.000000
    endloop
  endfacet
  facet normal 0.000000 0.000000 1.000000
    outer loop
      vertex 18.300000 19.000000 3.000000
      vertex 18.300000 53.480000 3.000000
      vertex 19.000000 53.480000 3.000000
    endloop
  endfacet
  facet normal 0.000000 0.000000 1.000000
    outer loop
      vertex 18.300000 19.000000 3.000000
      vertex 19.000000 53.480000 3.000000
      vertex 19.000000 19.000000 3.000000
    endloop
  endfacet
  facet normal 0.000000 0.000000 -1.000000
    outer loop
      vertex 18.300000 53.480000 0.000000
      vertex 19.000000 53.480000 0.000000
      vertex 19.000000 54.180000 0.000000
    endloop
  endfacet
  facet normal 0.000000 0.000000 -1.000000
    outer loop
      vertex 18.300000 53.480000 0.000000
      vertex 19.000000 54.180000 0.000000
      vertex 18.300000 54.180000 0.000000
    endloop
  endfacet
  facet normal 0.000000 0.000000 1.000000
    outer loop
      vertex 18.300000 53.480000 3.000000
      vertex 18.300000 54.180000 3.000000
      vertex 19.000000 54.180000 3.000000
    endloop
  endfacet
  facet normal 0.000000 0.000000 1.000000
    outer loop
      vertex 18.300000 53.480000 3.000000
      vertex 19.000000 54.180000 3.000000
      vertex 19.000000 53.480000 3.000000
    endloop
  endfacet
  facet normal 0.000000 0.000000 -1.000000
    outer loop
      vertex 18.300000 54.180000 0.000000
      vertex 19.000000 54.180000 0.000000
      vertex 19.000000 57.480000 0.000000
    endloop
  endfacet
  facet normal 0.000000 0.000000 -1.000000
    outer loop
      vertex 18.300000 54.180000 0.000000
      vertex 19.000000 57.480000 0.000000
      vertex 18.300000 57.480000 0.000000
    endloop
  endfacet
  facet normal 0.000000 0.000000 1.000000
    outer loop
      vertex 18.300000 54.180000 3.000000
      vertex 18.300000 57.480000 3.000000
      vertex 19.000000 57.480000 3.000000
    endloop
  endfacet
  facet normal 0.000000 0.000000 1.000000
    outer loop
      vertex 18.300000 54.180000 3.000000
      vertex 19.000000 57.480000 3.000000
      vertex 19.000000 54.180000 3.000000
    endloop
  endfacet
  facet normal 0.000000 0.000000 -1.000000
    outer loop
      vertex 18.300000 57.480000 0.000000
      vertex 19.000000 57.480000 0.000000
      vertex 19.000000 62.180000 0.000000
    endloop
  endfacet
  facet normal 0.000000 0.000000 -1.000000
    outer loop
      vertex 18.300000 57.480000 0.000000
      vertex 19.000000 62.180000 0.000000
      vertex 18.300000 62.180000 0.000000
    endloop
  endfacet
  facet normal 0.000000 0.000000 1.000000
    outer loop
      vertex 18.300000 57.480000 3.000000
      vertex 18.300000 62.180000 3.000000
      vertex 19.000000 62.180000 3.000000
    endloop
  endfacet
  facet normal 0.000000 0.000000 1.000000
    outer loop
      vertex 18.300000 57.480000 3.000000
      vertex 19.000000 62.180000 3.000000
      vertex 19.000000 57.480000 3.000000
    endloop
  endfacet
  facet normal 0.000000 0.000000 -1.000000
    outer loop
      vertex 18.300000 62.180000 0.000000
      vertex 19.000000 62.180000 0.000000
      vertex 19.000000 64.480000 0.000000
    endloop
  endfacet
  facet normal 0.000000 0.000000 -1.000000
    outer loop
      vertex 18.300000 62.180000 0.000000
      vertex 19.000000 64.480000 0.000000
      vertex 18.300000 64.480000 0.000000
    endloop
  endfacet
  facet normal 0.000000 0.000000 1.000000
    outer loop
      vertex 18.300000 62.180000 3.000000
      vertex 18.300000 64.480000 3.000000
      vertex 19.000000 64.480000 3.000000
    endloop
  endfacet
  facet normal 0.000000 0.000000 1.000000
    outer loop
      vertex 18.300000 62.180000 3.000000
      vertex 19.000000 64.480000 3.000000
      vertex 19.000000 62.180000 3.000000
    endloop
  endfacet
  facet normal 0.000000 0.000000 -1.000000
    outer loop
      vertex 18.300000 64.480000 0.000000
      vertex 19.000000 64.480000 0.000000
      vertex 19.000000 66.880000 0.000000
    endloop
  endfacet
  facet normal 0.000000 0.000000 -1.000000
    outer loop
      vertex 18.300000 64.480000 0.000000
      vertex 19.000000 66.880000 0.000000
      vertex 18.300000 66.880000 0.000000
    endloop
  endfacet
  facet normal 1.000000 0.000000 0.000000
    outer loop
      vertex 19.000000 64.480000 3.000000
      vertex 19.000000 64.480000 7.000000
      vertex 19.000000 66.880000 7.000000
    endloop
  endfacet
  facet normal 1.000000 0.000000 0.000000
    outer loop
      vertex 19.000000 64.480000 3.000000
      vertex 19.000000 66.880000 7.000000
      vertex 19.000000 66.880000 3.000000
    endloop
  endfacet
  facet normal 0.000000 -1.000000 0.000000
    outer loop
      vertex 18.300000 64.480000 3.000000
      vertex 18.300000 64.480000 7.000000
      vertex 19.000000 64.480000 7.000000
    endloop
  endfacet
  facet normal 0.000000 -1.000000 0.000000
    outer loop
      vertex 18.300000 64.480000 3.000000
      vertex 19.000000 64.480000 7.000000
      vertex 19.000000 64.480000 3.000000
    endloop
  endfacet
  facet normal 0.000000 1.000000 0.000000
    outer loop
      vertex 18.300000 66.880000 3.000000
      vertex 19.000000 66.880000 3.000000
      vertex 19.000000 66.880000 7.000000
    endloop
  endfacet
  facet normal 0.000000 1.000000 0.000000
    outer loop
      vertex 18.300000 66.880000 3.000000
      vertex 19.000000 66.880000 7.000000
      vertex 18.300000 66.880000 7.000000
    endloop
  endfacet
  facet normal 1.000000 0.000000 0.000000
    outer loop
      vertex 19.000000 64.480000 7.000000
      vertex 19.000000 64.480000 9.600000
      vertex 19.000000 66.880000 9.600000
    endloop
  endfacet
  facet normal 1.000000 0.000000 0.000000
    outer loop
      vertex 19.000000 64.480000 7.000000
      vertex 19.000000 66.880000 9.600000
      vertex 19.000000 66.880000 7.000000
    endloop
  endfacet
  facet normal 0.000000 -1.000000 0.000000
    outer loop
      vertex 18.300000 64.480000 7.000000
      vertex 18.300000 64.480000 9.600000
      vertex 19.000000 64.480000 9.600000
    endloop
  endfacet
  facet normal 0.000000 -1.000000 0.000000
    outer loop
      vertex 18.300000 64.480000 7.000000
      vertex 19.000000 64.480000 9.600000
      vertex 19.000000 64.480000 7.000000
    endloop
  endfacet
  facet normal 0.000000 1.000000 0.000000
    outer loop
      vertex 18.300000 66.880000 7.000000
      vertex 19.000000 66.880000 7.000000
      vertex 19.000000 66.880000 9.600000
    endloop
  endfacet
  facet normal 0.000000 1.000000 0.000000
    outer loop
      vertex 18.300000 66.880000 7.000000
      vertex 19.000000 66.880000 9.600000
      vertex 18.300000 66.880000 9.600000
    endloop
  endfacet
  facet normal 0.000000 0.000000 1.000000
    outer loop
      vertex 18.300000 64.480000 9.600000
      vertex 18.300000 66.880000 9.600000
      vertex 19.000000 66.880000 9.600000
    endloop
  endfacet
  facet normal 0.000000 0.000000 1.000000
    outer loop
      vertex 18.300000 64.480000 9.600000
      vertex 19.000000 66.880000 9.600000
      vertex 19.000000 64.480000 9.600000
    endloop
  endfacet
  facet normal 0.000000 1.000000 0.000000
    outer loop
      vertex 18.300000 72.480000 0.000000
      vertex 19.000000 72.480000 0.000000
      vertex 19.000000 72.480000 3.000000
    endloop
  endfacet
  facet normal 0.000000 1.000000 0.000000
    outer loop
      vertex 18.300000 72.480000 0.000000
      vertex 19.000000 72.480000 3.000000
      vertex 18.300000 72.480000 3.000000
    endloop
  endfacet
  facet normal 0.000000 0.000000 -1.000000
    outer loop
      vertex 18.300000 66.880000 0.000000
      vertex 19.000000 66.880000 0.000000
      vertex 19.000000 72.480000 0.000000
    endloop
  endfacet
  facet normal 0.000000 0.000000 -1.000000
    outer loop
      vertex 18.300000 66.880000 0.000000
      vertex 19.000000 72.480000 0.000000
      vertex 18.300000 72.480000 0.000000
    endloop
  endfacet
  facet normal 0.000000 0.000000 1.000000
    outer loop
      vertex 18.300000 66.880000 3.000000
      vertex 18.300000 72.480000 3.000000
      vertex 19.000000 72.480000 3.000000
    endloop
  endfacet
  facet normal 0.000000 0.000000 1.000000
    outer loop
      vertex 18.300000 66.880000 3.000000
      vertex 19.000000 72.480000 3.000000
      vertex 19.000000 66.880000 3.000000
    endloop
  endfacet
  facet normal 0.000000 -1.000000 0.000000
    outer loop
      vertex 19.000000 0.000000 0.000000
      vertex 19.000000 0.000000 3.000000
      vertex 22.000000 0.000000 3.000000
    endloop
  endfacet
  facet normal 0.000000 -1.000000 0.000000
    outer loop
      vertex 19.000000 0.000000 0.000000
      vertex 22.000000 0.000000 3.000000
      vertex 22.000000 0.000000 0.000000
    endloop
  endfacet
  facet normal 0.000000 0.000000 -1.000000
    outer loop
      vertex 19.000000 0.000000 0.000000
      vertex 22.000000 0.000000 0.000000
      vertex 22.000000 5.600000 0.000000
    endloop
  endfacet
  facet normal 0.000000 0.000000 -1.000000
    outer loop
      vertex 19.000000 0.000000 0.000000
      vertex 22.000000 5.600000 0.000000
      vertex 19.000000 5.600000 0.000000
    endloop
  endfacet
  facet normal 0.000000 0.000000 1.000000
    outer loop
      vertex 19.000000 0.000000 3.000000
      vertex 19.000000 5.600000 3.000000
      vertex 22.000000 5.600000 3.000000
    endloop
  endfacet
  facet normal 0.000000 0.000000 1.000000
    outer loop
      vertex 19.000000 0.000000 3.000000
      vertex 22.000000 5.600000 3.000000
      vertex 22.000000 0.000000 3.000000
    endloop
  endfacet
  facet normal 0.000000 0.000000 -1.000000
    outer loop
      vertex 19.000000 5.600000 0.000000
      vertex 22.000000 5.600000 0.000000
      vertex 22.000000 8.000000 0.000000
    endloop
  endfacet
  facet normal 0.000000 0.000000 -1.000000
    outer loop
      vertex 19.000000 5.600000 0.000000
      vertex 22.000000 8.000000 0.000000
      vertex 19.000000 8.000000 0.000000
    endloop
  endfacet
  facet normal 0.000000 0.000000 1.000000
    outer loop
      vertex 19.000000 5.600000 3.000000
      vertex 19.000000 8.000000 3.000000
      vertex 22.000000 8.000000 3.000000
    endloop
  endfacet
  facet normal 0.000000 0.000000 1.000000
    outer loop
      vertex 19.000000 5.600000 3.000000
      vertex 22.000000 8.000000 3.000000
      vertex 22.000000 5.600000 3.000000
    endloop
  endfacet
  facet normal 0.000000 0.000000 -1.000000
    outer loop
      vertex 19.000000 8.000000 0.000000
      vertex 22.000000 8.000000 0.000000
      vertex 22.000000 10.300000 0.000000
    endloop
  endfacet
  facet normal 0.000000 0.000000 -1.000000
    outer loop
      vertex 19.000000 8.000000 0.000000
      vertex 22.000000 10.300000 0.000000
      vertex 19.000000 10.300000 0.000000
    endloop
  endfacet
  facet normal 0.000000 0.000000 1.000000
    outer loop
      vertex 19.000000 8.000000 3.000000
      vertex 19.000000 10.300000 3.000000
      vertex 22.000000 10.300000 3.000000
    endloop
  endfacet
  facet normal 0.000000 0.000000 1.000000
    outer loop
      vertex 19.000000 8.000000 3.000000
      vertex 22.000000 10.300000 3.000000
      vertex 22.000000 8.000000 3.000000
    endloop
  endfacet
  facet normal 0.000000 0.000000 -1.000000
    outer loop
      vertex 19.000000 10.300000 0.000000
      vertex 22.000000 10.300000 0.000000
      vertex 22.000000 15.000000 0.000000
    endloop
  endfacet
  facet normal 0.000000 0.000000 -1.000000
    outer loop
      vertex 19.000000 10.300000 0.000000
      vertex 22.000000 15.000000 0.000000
      vertex 19.000000 15.000000 0.000000
    endloop
  endfacet
  facet normal 0.000000 0.000000 1.000000
    outer loop
      vertex 19.000000 10.300000 3.000000
      vertex 19.000000 15.000000 3.000000
      vertex 22.000000 15.000000 3.000000
    endloop
  endfacet
  facet normal 0.000000 0.000000 1.000000
    outer loop
      vertex 19.000000 10.300000 3.000000
      vertex 22.000000 15.000000 3.000000
      vertex 22.000000 10.300000 3.000000
    endloop
  endfacet
  facet normal 1.000000 0.000000 0.000000
    outer loop
      vertex 22.000000 15.000000 0.000000
      vertex 22.000000 15.000000 3.000000
      vertex 22.000000 18.300000 3.000000
    endloop
  endfacet
  facet normal 1.000000 0.000000 0.000000
    outer loop
      vertex 22.000000 15.000000 0.000000
      vertex 22.000000 18.300000 3.000000
      vertex 22.000000 18.300000 0.000000
    endloop
  endfacet
  facet normal 0.000000 0.000000 -1.000000
    outer loop
      vertex 19.000000 15.000000 0.000000
      vertex 22.000000 15.000000 0.000000
      vertex 22.000000 18.300000 0.000000
    endloop
  endfacet
  facet normal 0.000000 0.000000 -1.000000
    outer loop
      vertex 19.000000 15.000000 0.000000
      vertex 22.000000 18.300000 0.000000
      vertex 19.000000 18.300000 0.000000
    endloop
  endfacet
  facet normal 0.000000 0.000000 1.000000
    outer loop
      vertex 19.000000 15.000000 3.000000
      vertex 19.000000 18.300000 3.000000
      vertex 22.000000 18.300000 3.000000
    endloop
  endfacet
  facet normal 0.000000 0.000000 1.000000
    outer loop
      vertex 19.000000 15.000000 3.000000
      vertex 22.000000 18.300000 3.000000
      vertex 22.000000 15.000000 3.000000
    endloop
  endfacet
  facet normal 1.000000 0.000000 0.000000
    outer loop
      vertex 22.000000 18.300000 0.000000
      vertex 22.000000 18.300000 3.000000
      vertex 22.000000 19.000000 3.000000
    endloop
  endfacet
  facet normal 1.000000 0.000000 0.000000
    outer loop
      vertex 22.000000 18.300000 0.000000
      vertex 22.000000 19.000000 3.000000
      vertex 22.000000 19.000000 0.000000
    endloop
  endfacet
  facet normal 0.000000 0.000000 -1.000000
    outer loop
      vertex 19.000000 18.300000 0.000000
      vertex 22.000000 18.300000 0.000000
      vertex 22.000000 19.000000 0.000000
    endloop
  endfacet
  facet normal 0.000000 0.000000 -1.000000
    outer loop
      vertex 19.000000 18.300000 0.000000
      vertex 22.000000 19.000000 0.000000
      vertex 19.000000 19.000000 0.000000
    endloop
  endfacet
  facet normal 0.000000 0.000000 1.000000
    outer loop
      vertex 19.000000 18.300000 3.000000
      vertex 19.000000 19.000000 3.000000
      vertex 22.000000 19.000000 3.000000
    endloop
  endfacet
  facet normal 0.000000 0.000000 1.000000
    outer loop
      vertex 19.000000 18.300000 3.000000
      vertex 22.000000 19.000000 3.000000
      vertex 22.000000 18.300000 3.000000
    endloop
  endfacet
  facet normal 1.000000 0.000000 0.000000
    outer loop
      vertex 22.000000 19.000000 0.000000
      vertex 22.000000 19.000000 3.000000
      vertex 22.000000 53.480000 3.000000
    endloop
  endfacet
  facet normal 1.000000 0.000000 0.000000
    outer loop
      vertex 22.000000 19.000000 0.000000
      vertex 22.000000 53.480000 3.000000
      vertex 22.000000 53.480000 0.000000
    endloop
  endfacet
  facet normal 0.000000 0.000000 -1.000000
    outer loop
      vertex 19.000000 19.000000 0.000000
      vertex 22.000000 19.000000 0.000000
      vertex 22.000000 53.480000 0.000000
    endloop
  endfacet
  facet normal 0.000000 0.000000 -1.000000
    outer loop
      vertex 19.000000 19.000000 0.000000
      vertex 22.000000 53.480000 0.000000
      vertex 19.000000 53.480000 0.000000
    endloop
  endfacet
  facet normal 0.000000 0.000000 1.000000
    outer loop
      vertex 19.000000 19.000000 3.000000
      vertex 19.000000 53.480000 3.000000
      vertex 22.000000 53.480000 3.000000
    endloop
  endfacet
  facet normal 0.000000 0.000000 1.000000
    outer loop
      vertex 19.000000 19.000000 3.000000
      vertex 22.000000 53.480000 3.000000
      vertex 22.000000 19.000000 3.000000
    endloop
  endfacet
  facet normal 1.000000 0.000000 0.000000
    outer loop
      vertex 22.000000 53.480000 0.000000
      vertex 22.000000 53.480000 3.000000
      vertex 22.000000 54.180000 3.000000
    endloop
  endfacet
  facet normal 1.000000 0.000000 0.000000
    outer loop
      vertex 22.000000 53.480000 0.000000
      vertex 22.000000 54.180000 3.000000
      vertex 22.000000 54.180000 0.000000
    endloop
  endfacet
  facet normal 0.000000 0.000000 -1.000000
    outer loop
      vertex 19.000000 53.480000 0.000000
      vertex 22.000000 53.480000 0.000000
      vertex 22.000000 54.180000 0.000000
    endloop
  endfacet
  facet normal 0.000000 0.000000 -1.000000
    outer loop
      vertex 19.000000 53.480000 0.000000
      vertex 22.000000 54.180000 0.000000
      vertex 19.000000 54.180000 0.000000
    endloop
  endfacet
  facet normal 0.000000 0.000000 1.000000
    outer loop
      vertex 19.000000 53.480000 3.000000
      vertex 19.000000 54.180000 3.000000
      vertex 22.000000 54.180000 3.000000
    endloop
  endfacet
  facet normal 0.000000 0.000000 1.000000
    outer loop
      vertex 19.000000 53.480000 3.000000
      vertex 22.000000 54.180000 3.000000
      vertex 22.000000 53.480000 3.000000
    endloop
  endfacet
  facet normal 1.000000 0.000000 0.000000
    outer loop
      vertex 22.000000 54.180000 0.000000
      vertex 22.000000 54.180000 3.000000
      vertex 22.000000 57.480000 3.000000
    endloop
  endfacet
  facet normal 1.000000 0.000000 0.000000
    outer loop
      vertex 22.000000 54.180000 0.000000
      vertex 22.000000 57.480000 3.000000
      vertex 22.000000 57.480000 0.000000
    endloop
  endfacet
  facet normal 0.000000 0.000000 -1.000000
    outer loop
      vertex 19.000000 54.180000 0.000000
      vertex 22.000000 54.180000 0.000000
      vertex 22.000000 57.480000 0.000000
    endloop
  endfacet
  facet normal 0.000000 0.000000 -1.000000
    outer loop
      vertex 19.000000 54.180000 0.000000
      vertex 22.000000 57.480000 0.000000
      vertex 19.000000 57.480000 0.000000
    endloop
  endfacet
  facet normal 0.000000 0.000000 1.000000
    outer loop
      vertex 19.000000 54.180000 3.000000
      vertex 19.000000 57.480000 3.000000
      vertex 22.000000 57.480000 3.000000
    endloop
  endfacet
  facet normal 0.000000 0.000000 1.000000
    outer loop
      vertex 19.000000 54.180000 3.000000
      vertex 22.000000 57.480000 3.000000
      vertex 22.000000 54.180000 3.000000
    endloop
  endfacet
  facet normal 0.000000 0.000000 -1.000000
    outer loop
      vertex 19.000000 57.480000 0.000000
      vertex 22.000000 57.480000 0.000000
      vertex 22.000000 62.180000 0.000000
    endloop
  endfacet
  facet normal 0.000000 0.000000 -1.000000
    outer loop
      vertex 19.000000 57.480000 0.000000
      vertex 22.000000 62.180000 0.000000
      vertex 19.000000 62.180000 0.000000
    endloop
  endfacet
  facet normal 0.000000 0.000000 1.000000
    outer loop
      vertex 19.000000 57.480000 3.000000
      vertex 19.000000 62.180000 3.000000
      vertex 22.000000 62.180000 3.000000
    endloop
  endfacet
  facet normal 0.000000 0.000000 1.000000
    outer loop
      vertex 19.000000 57.480000 3.000000
      vertex 22.000000 62.180000 3.000000
      vertex 22.000000 57.480000 3.000000
    endloop
  endfacet
  facet normal 0.000000 0.000000 -1.000000
    outer loop
      vertex 19.000000 62.180000 0.000000
      vertex 22.000000 62.180000 0.000000
      vertex 22.000000 64.480000 0.000000
    endloop
  endfacet
  facet normal 0.000000 0.000000 -1.000000
    outer loop
      vertex 19.000000 62.180000 0.000000
      vertex 22.000000 64.480000 0.000000
      vertex 19.000000 64.480000 0.000000
    endloop
  endfacet
  facet normal 0.000000 0.000000 1.000000
    outer loop
      vertex 19.000000 62.180000 3.000000
      vertex 19.000000 64.480000 3.000000
      vertex 22.000000 64.480000 3.000000
    endloop
  endfacet
  facet normal 0.000000 0.000000 1.000000
    outer loop
      vertex 19.000000 62.180000 3.000000
      vertex 22.000000 64.480000 3.000000
      vertex 22.000000 62.180000 3.000000
    endloop
  endfacet
  facet normal 0.000000 0.000000 -1.000000
    outer loop
      vertex 19.000000 64.480000 0.000000
      vertex 22.000000 64.480000 0.000000
      vertex 22.000000 66.880000 0.000000
    endloop
  endfacet
  facet normal 0.000000 0.000000 -1.000000
    outer loop
      vertex 19.000000 64.480000 0.000000
      vertex 22.000000 66.880000 0.000000
      vertex 19.000000 66.880000 0.000000
    endloop
  endfacet
  facet normal 0.000000 0.000000 1.000000
    outer loop
      vertex 19.000000 64.480000 3.000000
      vertex 19.000000 66.880000 3.000000
      vertex 22.000000 66.880000 3.000000
    endloop
  endfacet
  facet normal 0.000000 0.000000 1.000000
    outer loop
      vertex 19.000000 64.480000 3.000000
      vertex 22.000000 66.880000 3.000000
      vertex 22.000000 64.480000 3.000000
    endloop
  endfacet
  facet normal 0.000000 1.000000 0.000000
    outer loop
      vertex 19.000000 72.480000 0.000000
      vertex 22.000000 72.480000 0.000000
      vertex 22.000000 72.480000 3.000000
    endloop
  endfacet
  facet normal 0.000000 1.000000 0.000000
    outer loop
      vertex 19.000000 72.480000 0.000000
      vertex 22.000000 72.480000 3.000000
      vertex 19.000000 72.480000 3.000000
    endloop
  endfacet
  facet normal 0.000000 0.000000 -1.000000
    outer loop
      vertex 19.000000 66.880000 0.000000
      vertex 22.000000 66.880000 0.000000
      vertex 22.000000 72.480000 0.000000
    endloop
  endfacet
  facet normal 0.000000 0.000000 -1.000000
    outer loop
      vertex 19.000000 66.880000 0.000000
      vertex 22.000000 72.480000 0.000000
      vertex 19.000000 72.480000 0.000000
    endloop
  endfacet
  facet normal 0.000000 0.000000 1.000000
    outer loop
      vertex 19.000000 66.880000 3.000000
      vertex 19.000000 72.480000 3.000000
      vertex 22.000000 72.480000 3.000000
    endloop
  endfacet
  facet normal 0.000000 0.000000 1.000000
    outer loop
      vertex 19.000000 66.880000 3.000000
      vertex 22.000000 72.480000 3.000000
      vertex 22.000000 66.880000 3.000000
    endloop
  endfacet
  facet normal 0.000000 -1.000000 0.000000
    outer loop
      vertex 22.000000 0.000000 0.000000
      vertex 22.000000 0.000000 3.000000
      vertex 119.060000 0.000000 3.000000
    endloop
  endfacet
  facet normal 0.000000 -1.000000 0.000000
    outer loop
      vertex 22.000000 0.000000 0.000000
      vertex 119.060000 0.000000 3.000000
      vertex 119.060000 0.000000 0.000000
    endloop
  endfacet
  facet normal 0.000000 0.000000 -1.000000
    outer loop
      vertex 22.000000 0.000000 0.000000
      vertex 119.060000 0.000000 0.000000
      vertex 119.060000 5.600000 0.000000
    endloop
  endfacet
  facet normal 0.000000 0.000000 -1.000000
    outer loop
      vertex 22.000000 0.000000 0.000000
      vertex 119.060000 5.600000 0.000000
      vertex 22.000000 5.600000 0.000000
    endloop
  endfacet
  facet normal 0.000000 0.000000 1.000000
    outer loop
      vertex 22.000000 0.000000 3.000000
      vertex 22.000000 5.600000 3.000000
      vertex 119.060000 5.600000 3.000000
    endloop
  endfacet
  facet normal 0.000000 0.000000 1.000000
    outer loop
      vertex 22.000000 0.000000 3.000000
      vertex 119.060000 5.600000 3.000000
      vertex 119.060000 0.000000 3.000000
    endloop
  endfacet
  facet normal 0.000000 0.000000 -1.000000
    outer loop
      vertex 22.000000 5.600000 0.000000
      vertex 119.060000 5.600000 0.000000
      vertex 119.060000 8.000000 0.000000
    endloop
  endfacet
  facet normal 0.000000 0.000000 -1.000000
    outer loop
      vertex 22.000000 5.600000 0.000000
      vertex 119.060000 8.000000 0.000000
      vertex 22.000000 8.000000 0.000000
    endloop
  endfacet
  facet normal 0.000000 0.000000 1.000000
    outer loop
      vertex 22.000000 5.600000 3.000000
      vertex 22.000000 8.000000 3.000000
      vertex 119.060000 8.000000 3.000000
    endloop
  endfacet
  facet normal 0.000000 0.000000 1.000000
    outer loop
      vertex 22.000000 5.600000 3.000000
      vertex 119.060000 8.000000 3.000000
      vertex 119.060000 5.600000 3.000000
    endloop
  endfacet
  facet normal 0.000000 0.000000 -1.000000
    outer loop
      vertex 22.000000 8.000000 0.000000
      vertex 119.060000 8.000000 0.000000
      vertex 119.060000 10.300000 0.000000
    endloop
  endfacet
  facet normal 0.000000 0.000000 -1.000000
    outer loop
      vertex 22.000000 8.000000 0.000000
      vertex 119.060000 10.300000 0.000000
      vertex 22.000000 10.300000 0.000000
    endloop
  endfacet
  facet normal 0.000000 0.000000 1.000000
    outer loop
      vertex 22.000000 8.000000 3.000000
      vertex 22.000000 10.300000 3.000000
      vertex 119.060000 10.300000 3.000000
    endloop
  endfacet
  facet normal 0.000000 0.000000 1.000000
    outer loop
      vertex 22.000000 8.000000 3.000000
      vertex 119.060000 10.300000 3.000000
      vertex 119.060000 8.000000 3.000000
    endloop
  endfacet
  facet normal 0.000000 1.000000 0.000000
    outer loop
      vertex 22.000000 15.000000 0.000000
      vertex 119.060000 15.000000 0.000000
      vertex 119.060000 15.000000 3.000000
    endloop
  endfacet
  facet normal 0.000000 1.000000 0.000000
    outer loop
      vertex 22.000000 15.000000 0.000000
      vertex 119.060000 15.000000 3.000000
      vertex 22.000000 15.000000 3.000000
    endloop
  endfacet
  facet normal 0.000000 0.000000 -1.000000
    outer loop
      vertex 22.000000 10.300000 0.000000
      vertex 119.060000 10.300000 0.000000
      vertex 119.060000 15.000000 0.000000
    endloop
  endfacet
  facet normal 0.000000 0.000000 -1.000000
    outer loop
      vertex 22.000000 10.300000 0.000000
      vertex 119.060000 15.000000 0.000000
      vertex 22.000000 15.000000 0.000000
    endloop
  endfacet
  facet normal 0.000000 0.000000 1.000000
    outer loop
      vertex 22.000000 10.300000 3.000000
      vertex 22.000000 15.000000 3.000000
      vertex 119.060000 15.000000 3.000000
    endloop
  endfacet
  facet normal 0.000000 0.000000 1.000000
    outer loop
      vertex 22.000000 10.300000 3.000000
      vertex 119.060000 15.000000 3.000000
      vertex 119.060000 10.300000 3.000000
    endloop
  endfacet
  facet normal 0.000000 -1.000000 0.000000
    outer loop
      vertex 22.000000 57.480000 0.000000
      vertex 22.000000 57.480000 3.000000
      vertex 119.060000 57.480000 3.000000
    endloop
  endfacet
  facet normal 0.000000 -1.000000 0.000000
    outer loop
      vertex 22.000000 57.480000 0.000000
      vertex 119.060000 57.480000 3.000000
      vertex 119.060000 57.480000 0.000000
    endloop
  endfacet
  facet normal 0.000000 0.000000 -1.000000
    outer loop
      vertex 22.000000 57.480000 0.000000
      vertex 119.060000 57.480000 0.000000
      vertex 119.060000 62.180000 0.000000
    endloop
  endfacet
  facet normal 0.000000 0.000000 -1.000000
    outer loop
      vertex 22.000000 57.480000 0.000000
      vertex 119.060000 62.180000 0.000000
      vertex 22.000000 62.180000 0.000000
    endloop
  endfacet
  facet normal 0.000000 0.000000 1.000000
    outer loop
      vertex 22.000000 57.480000 3.000000
      vertex 22.000000 62.180000 3.000000
      vertex 119.060000 62.180000 3.000000
    endloop
  endfacet
  facet normal 0.000000 0.000000 1.000000
    outer loop
      vertex 22.000000 57.480000 3.000000
      vertex 119.060000 62.180000 3.000000
      vertex 119.060000 57.480000 3.000000
    endloop
  endfacet
  facet normal 0.000000 0.000000 -1.000000
    outer loop
      vertex 22.000000 62.180000 0.000000
      vertex 119.060000 62.180000 0.000000
      vertex 119.060000 64.480000 0.000000
    endloop
  endfacet
  facet normal 0.000000 0.000000 -1.000000
    outer loop
      vertex 22.000000 62.180000 0.000000
      vertex 119.060000 64.480000 0.000000
      vertex 22.000000 64.480000 0.000000
    endloop
  endfacet
  facet normal 0.000000 0.000000 1.000000
    outer loop
      vertex 22.000000 62.180000 3.000000
      vertex 22.000000 64.480000 3.000000
      vertex 119.060000 64.480000 3.000000
    endloop
  endfacet
  facet normal 0.000000 0.000000 1.000000
    outer loop
      vertex 22.000000 62.180000 3.000000
      vertex 119.060000 64.480000 3.000000
      vertex 119.060000 62.180000 3.000000
    endloop
  endfacet
  facet normal 0.000000 0.000000 -1.000000
    outer loop
      vertex 22.000000 64.480000 0.000000
      vertex 119.060000 64.480000 0.000000
      vertex 119.060000 66.880000 0.000000
    endloop
  endfacet
  facet normal 0.000000 0.000000 -1.000000
    outer loop
      vertex 22.000000 64.480000 0.000000
      vertex 119.060000 66.880000 0.000000
      vertex 22.000000 66.880000 0.000000
    endloop
  endfacet
  facet normal 0.000000 0.000000 1.000000
    outer loop
      vertex 22.000000 64.480000 3.000000
      vertex 22.000000 66.880000 3.000000
      vertex 119.060000 66.880000 3.000000
    endloop
  endfacet
  facet normal 0.000000 0.000000 1.000000
    outer loop
      vertex 22.000000 64.480000 3.000000
      vertex 119.060000 66.880000 3.000000
      vertex 119.060000 64.480000 3.000000
    endloop
  endfacet
  facet normal 0.000000 1.000000 0.000000
    outer loop
      vertex 22.000000 72.480000 0.000000
      vertex 119.060000 72.480000 0.000000
      vertex 119.060000 72.480000 3.000000
    endloop
  endfacet
  facet normal 0.000000 1.000000 0.000000
    outer loop
      vertex 22.000000 72.480000 0.000000
      vertex 119.060000 72.480000 3.000000
      vertex 22.000000 72.480000 3.000000
    endloop
  endfacet
  facet normal 0.000000 0.000000 -1.000000
    outer loop
      vertex 22.000000 66.880000 0.000000
      vertex 119.060000 66.880000 0.000000
      vertex 119.060000 72.480000 0.000000
    endloop
  endfacet
  facet normal 0.000000 0.000000 -1.000000
    outer loop
      vertex 22.000000 66.880000 0.000000
      vertex 119.060000 72.480000 0.000000
      vertex 22.000000 72.480000 0.000000
    endloop
  endfacet
  facet normal 0.000000 0.000000 1.000000
    outer loop
      vertex 22.000000 66.880000 3.000000
      vertex 22.000000 72.480000 3.000000
      vertex 119.060000 72.480000 3.000000
    endloop
  endfacet
  facet normal 0.000000 0.000000 1.000000
    outer loop
      vertex 22.000000 66.880000 3.000000
      vertex 119.060000 72.480000 3.000000
      vertex 119.060000 66.880000 3.000000
    endloop
  endfacet
  facet normal 0.000000 -1.000000 0.000000
    outer loop
      vertex 119.060000 0.000000 0.000000
      vertex 119.060000 0.000000 3.000000
      vertex 122.060000 0.000000 3.000000
    endloop
  endfacet
  facet normal 0.000000 -1.000000 0.000000
    outer loop
      vertex 119.060000 0.000000 0.000000
      vertex 122.060000 0.000000 3.000000
      vertex 122.060000 0.000000 0.000000
    endloop
  endfacet
  facet normal 0.000000 0.000000 -1.000000
    outer loop
      vertex 119.060000 0.000000 0.000000
      vertex 122.060000 0.000000 0.000000
      vertex 122.060000 5.600000 0.000000
    endloop
  endfacet
  facet normal 0.000000 0.000000 -1.000000
    outer loop
      vertex 119.060000 0.000000 0.000000
      vertex 122.060000 5.600000 0.000000
      vertex 119.060000 5.600000 0.000000
    endloop
  endfacet
  facet normal 0.000000 0.000000 1.000000
    outer loop
      vertex 119.060000 0.000000 3.000000
      vertex 119.060000 5.600000 3.000000
      vertex 122.060000 5.600000 3.000000
    endloop
  endfacet
  facet normal 0.000000 0.000000 1.000000
    outer loop
      vertex 119.060000 0.000000 3.000000
      vertex 122.060000 5.600000 3.000000
      vertex 122.060000 0.000000 3.000000
    endloop
  endfacet
  facet normal 0.000000 0.000000 -1.000000
    outer loop
      vertex 119.060000 5.600000 0.000000
      vertex 122.060000 5.600000 0.000000
      vertex 122.060000 8.000000 0.000000
    endloop
  endfacet
  facet normal 0.000000 0.000000 -1.000000
    outer loop
      vertex 119.060000 5.600000 0.000000
      vertex 122.060000 8.000000 0.000000
      vertex 119.060000 8.000000 0.000000
    endloop
  endfacet
  facet normal 0.000000 0.000000 1.000000
    outer loop
      vertex 119.060000 5.600000 3.000000
      vertex 119.060000 8.000000 3.000000
      vertex 122.060000 8.000000 3.000000
    endloop
  endfacet
  facet normal 0.000000 0.000000 1.000000
    outer loop
      vertex 119.060000 5.600000 3.000000
      vertex 122.060000 8.000000 3.000000
      vertex 122.060000 5.600000 3.000000
    endloop
  endfacet
  facet normal 0.000000 0.000000 -1.000000
    outer loop
      vertex 119.060000 8.000000 0.000000
      vertex 122.060000 8.000000 0.000000
      vertex 122.060000 10.300000 0.000000
    endloop
  endfacet
  facet normal 0.000000 0.000000 -1.000000
    outer loop
      vertex 119.060000 8.000000 0.000000
      vertex 122.060000 10.300000 0.000000
      vertex 119.060000 10.300000 0.000000
    endloop
  endfacet
  facet normal 0.000000 0.000000 1.000000
    outer loop
      vertex 119.060000 8.000000 3.000000
      vertex 119.060000 10.300000 3.000000
      vertex 122.060000 10.300000 3.000000
    endloop
  endfacet
  facet normal 0.000000 0.000000 1.000000
    outer loop
      vertex 119.060000 8.000000 3.000000
      vertex 122.060000 10.300000 3.000000
      vertex 122.060000 8.000000 3.000000
    endloop
  endfacet
  facet normal 0.000000 0.000000 -1.000000
    outer loop
      vertex 119.060000 10.300000 0.000000
      vertex 122.060000 10.300000 0.000000
      vertex 122.060000 15.000000 0.000000
    endloop
  endfacet
  facet normal 0.000000 0.000000 -1.000000
    outer loop
      vertex 119.060000 10.300000 0.000000
      vertex 122.060000 15.000000 0.000000
      vertex 119.060000 15.000000 0.000000
    endloop
  endfacet
  facet normal 0.000000 0.000000 1.000000
    outer loop
      vertex 119.060000 10.300000 3.000000
      vertex 119.060000 15.000000 3.000000
      vertex 122.060000 15.000000 3.000000
    endloop
  endfacet
  facet normal 0.000000 0.000000 1.000000
    outer loop
      vertex 119.060000 10.300000 3.000000
      vertex 122.060000 15.000000 3.000000
      vertex 122.060000 10.300000 3.000000
    endloop
  endfacet
  facet normal -1.000000 0.000000 0.000000
    outer loop
      vertex 119.060000 15.000000 0.000000
      vertex 119.060000 18.300000 0.000000
      vertex 119.060000 18.300000 3.000000
    endloop
  endfacet
  facet normal -1.000000 0.000000 0.000000
    outer loop
      vertex 119.060000 15.000000 0.000000
      vertex 119.060000 18.300000 3.000000
      vertex 119.060000 15.000000 3.000000
    endloop
  endfacet
  facet normal 0.000000 0.000000 -1.000000
    outer loop
      vertex 119.060000 15.000000 0.000000
      vertex 122.060000 15.000000 0.000000
      vertex 122.060000 18.300000 0.000000
    endloop
  endfacet
  facet normal 0.000000 0.000000 -1.000000
    outer loop
      vertex 119.060000 15.000000 0.000000
      vertex 122.060000 18.300000 0.000000
      vertex 119.060000 18.300000 0.000000
    endloop
  endfacet
  facet normal 0.000000 0.000000 1.000000
    outer loop
      vertex 119.060000 15.000000 3.000000
      vertex 119.060000 18.300000 3.000000
      vertex 122.060000 18.300000 3.000000
    endloop
  endfacet
  facet normal 0.000000 0.000000 1.000000
    outer loop
      vertex 119.060000 15.000000 3.000000
      vertex 122.060000 18.300000 3.000000
      vertex 122.060000 15.000000 3.000000
    endloop
  endfacet
  facet normal -1.000000 0.000000 0.000000
    outer loop
      vertex 119.060000 18.300000 0.000000
      vertex 119.060000 19.000000 0.000000
      vertex 119.060000 19.000000 3.000000
    endloop
  endfacet
  facet normal -1.000000 0.000000 0.000000
    outer loop
      vertex 119.060000 18.300000 0.000000
      vertex 119.060000 19.000000 3.000000
      vertex 119.060000 18.300000 3.000000
    endloop
  endfacet
  facet normal 0.000000 0.000000 -1.000000
    outer loop
      vertex 119.060000 18.300000 0.000000
      vertex 122.060000 18.300000 0.000000
      vertex 122.060000 19.000000 0.000000
    endloop
  endfacet
  facet normal 0.000000 0.000000 -1.000000
    outer loop
      vertex 119.060000 18.300000 0.000000
      vertex 122.060000 19.000000 0.000000
      vertex 119.060000 19.000000 0.000000
    endloop
  endfacet
  facet normal 0.000000 0.000000 1.000000
    outer loop
      vertex 119.060000 18.300000 3.000000
      vertex 119.060000 19.000000 3.000000
      vertex 122.060000 19.000000 3.000000
    endloop
  endfacet
  facet normal 0.000000 0.000000 1.000000
    outer loop
      vertex 119.060000 18.300000 3.000000
      vertex 122.060000 19.000000 3.000000
      vertex 122.060000 18.300000 3.000000
    endloop
  endfacet
  facet normal -1.000000 0.000000 0.000000
    outer loop
      vertex 119.060000 19.000000 0.000000
      vertex 119.060000 53.480000 0.000000
      vertex 119.060000 53.480000 3.000000
    endloop
  endfacet
  facet normal -1.000000 0.000000 0.000000
    outer loop
      vertex 119.060000 19.000000 0.000000
      vertex 119.060000 53.480000 3.000000
      vertex 119.060000 19.000000 3.000000
    endloop
  endfacet
  facet normal 0.000000 0.000000 -1.000000
    outer loop
      vertex 119.060000 19.000000 0.000000
      vertex 122.060000 19.000000 0.000000
      vertex 122.060000 53.480000 0.000000
    endloop
  endfacet
  facet normal 0.000000 0.000000 -1.000000
    outer loop
      vertex 119.060000 19.000000 0.000000
      vertex 122.060000 53.480000 0.000000
      vertex 119.060000 53.480000 0.000000
    endloop
  endfacet
  facet normal 0.000000 0.000000 1.000000
    outer loop
      vertex 119.060000 19.000000 3.000000
      vertex 119.060000 53.480000 3.000000
      vertex 122.060000 53.480000 3.000000
    endloop
  endfacet
  facet normal 0.000000 0.000000 1.000000
    outer loop
      vertex 119.060000 19.000000 3.000000
      vertex 122.060000 53.480000 3.000000
      vertex 122.060000 19.000000 3.000000
    endloop
  endfacet
  facet normal -1.000000 0.000000 0.000000
    outer loop
      vertex 119.060000 53.480000 0.000000
      vertex 119.060000 54.180000 0.000000
      vertex 119.060000 54.180000 3.000000
    endloop
  endfacet
  facet normal -1.000000 0.000000 0.000000
    outer loop
      vertex 119.060000 53.480000 0.000000
      vertex 119.060000 54.180000 3.000000
      vertex 119.060000 53.480000 3.000000
    endloop
  endfacet
  facet normal 0.000000 0.000000 -1.000000
    outer loop
      vertex 119.060000 53.480000 0.000000
      vertex 122.060000 53.480000 0.000000
      vertex 122.060000 54.180000 0.000000
    endloop
  endfacet
  facet normal 0.000000 0.000000 -1.000000
    outer loop
      vertex 119.060000 53.480000 0.000000
      vertex 122.060000 54.180000 0.000000
      vertex 119.060000 54.180000 0.000000
    endloop
  endfacet
  facet normal 0.000000 0.000000 1.000000
    outer loop
      vertex 119.060000 53.480000 3.000000
      vertex 119.060000 54.180000 3.000000
      vertex 122.060000 54.180000 3.000000
    endloop
  endfacet
  facet normal 0.000000 0.000000 1.000000
    outer loop
      vertex 119.060000 53.480000 3.000000
      vertex 122.060000 54.180000 3.000000
      vertex 122.060000 53.480000 3.000000
    endloop
  endfacet
  facet normal -1.000000 0.000000 0.000000
    outer loop
      vertex 119.060000 54.180000 0.000000
      vertex 119.060000 57.480000 0.000000
      vertex 119.060000 57.480000 3.000000
    endloop
  endfacet
  facet normal -1.000000 0.000000 0.000000
    outer loop
      vertex 119.060000 54.180000 0.000000
      vertex 119.060000 57.480000 3.000000
      vertex 119.060000 54.180000 3.000000
    endloop
  endfacet
  facet normal 0.000000 0.000000 -1.000000
    outer loop
      vertex 119.060000 54.180000 0.000000
      vertex 122.060000 54.180000 0.000000
      vertex 122.060000 57.480000 0.000000
    endloop
  endfacet
  facet normal 0.000000 0.000000 -1.000000
    outer loop
      vertex 119.060000 54.180000 0.000000
      vertex 122.060000 57.480000 0.000000
      vertex 119.060000 57.480000 0.000000
    endloop
  endfacet
  facet normal 0.000000 0.000000 1.000000
    outer loop
      vertex 119.060000 54.180000 3.000000
      vertex 119.060000 57.480000 3.000000
      vertex 122.060000 57.480000 3.000000
    endloop
  endfacet
  facet normal 0.000000 0.000000 1.000000
    outer loop
      vertex 119.060000 54.180000 3.000000
      vertex 122.060000 57.480000 3.000000
      vertex 122.060000 54.180000 3.000000
    endloop
  endfacet
  facet normal 0.000000 0.000000 -1.000000
    outer loop
      vertex 119.060000 57.480000 0.000000
      vertex 122.060000 57.480000 0.000000
      vertex 122.060000 62.180000 0.000000
    endloop
  endfacet
  facet normal 0.000000 0.000000 -1.000000
    outer loop
      vertex 119.060000 57.480000 0.000000
      vertex 122.060000 62.180000 0.000000
      vertex 119.060000 62.180000 0.000000
    endloop
  endfacet
  facet normal 0.000000 0.000000 1.000000
    outer loop
      vertex 119.060000 57.480000 3.000000
      vertex 119.060000 62.180000 3.000000
      vertex 122.060000 62.180000 3.000000
    endloop
  endfacet
  facet normal 0.000000 0.000000 1.000000
    outer loop
      vertex 119.060000 57.480000 3.000000
      vertex 122.060000 62.180000 3.000000
      vertex 122.060000 57.480000 3.000000
    endloop
  endfacet
  facet normal 0.000000 0.000000 -1.000000
    outer loop
      vertex 119.060000 62.180000 0.000000
      vertex 122.060000 62.180000 0.000000
      vertex 122.060000 64.480000 0.000000
    endloop
  endfacet
  facet normal 0.000000 0.000000 -1.000000
    outer loop
      vertex 119.060000 62.180000 0.000000
      vertex 122.060000 64.480000 0.000000
      vertex 119.060000 64.480000 0.000000
    endloop
  endfacet
  facet normal 0.000000 0.000000 1.000000
    outer loop
      vertex 119.060000 62.180000 3.000000
      vertex 119.060000 64.480000 3.000000
      vertex 122.060000 64.480000 3.000000
    endloop
  endfacet
  facet normal 0.000000 0.000000 1.000000
    outer loop
      vertex 119.060000 62.180000 3.000000
      vertex 122.060000 64.480000 3.000000
      vertex 122.060000 62.180000 3.000000
    endloop
  endfacet
  facet normal 0.000000 0.000000 -1.000000
    outer loop
      vertex 119.060000 64.480000 0.000000
      vertex 122.060000 64.480000 0.000000
      vertex 122.060000 66.880000 0.000000
    endloop
  endfacet
  facet normal 0.000000 0.000000 -1.000000
    outer loop
      vertex 119.060000 64.480000 0.000000
      vertex 122.060000 66.880000 0.000000
      vertex 119.060000 66.880000 0.000000
    endloop
  endfacet
  facet normal 0.000000 0.000000 1.000000
    outer loop
      vertex 119.060000 64.480000 3.000000
      vertex 119.060000 66.880000 3.000000
      vertex 122.060000 66.880000 3.000000
    endloop
  endfacet
  facet normal 0.000000 0.000000 1.000000
    outer loop
      vertex 119.060000 64.480000 3.000000
      vertex 122.060000 66.880000 3.000000
      vertex 122.060000 64.480000 3.000000
    endloop
  endfacet
  facet normal 0.000000 1.000000 0.000000
    outer loop
      vertex 119.060000 72.480000 0.000000
      vertex 122.060000 72.480000 0.000000
      vertex 122.060000 72.480000 3.000000
    endloop
  endfacet
  facet normal 0.000000 1.000000 0.000000
    outer loop
      vertex 119.060000 72.480000 0.000000
      vertex 122.060000 72.480000 3.000000
      vertex 119.060000 72.480000 3.000000
    endloop
  endfacet
  facet normal 0.000000 0.000000 -1.000000
    outer loop
      vertex 119.060000 66.880000 0.000000
      vertex 122.060000 66.880000 0.000000
      vertex 122.060000 72.480000 0.000000
    endloop
  endfacet
  facet normal 0.000000 0.000000 -1.000000
    outer loop
      vertex 119.060000 66.880000 0.000000
      vertex 122.060000 72.480000 0.000000
      vertex 119.060000 72.480000 0.000000
    endloop
  endfacet
  facet normal 0.000000 0.000000 1.000000
    outer loop
      vertex 119.060000 66.880000 3.000000
      vertex 119.060000 72.480000 3.000000
      vertex 122.060000 72.480000 3.000000
    endloop
  endfacet
  facet normal 0.000000 0.000000 1.000000
    outer loop
      vertex 119.060000 66.880000 3.000000
      vertex 122.060000 72.480000 3.000000
      vertex 122.060000 66.880000 3.000000
    endloop
  endfacet
  facet normal 0.000000 -1.000000 0.000000
    outer loop
      vertex 122.060000 0.000000 0.000000
      vertex 122.060000 0.000000 3.000000
      vertex 122.760000 0.000000 3.000000
    endloop
  endfacet
  facet normal 0.000000 -1.000000 0.000000
    outer loop
      vertex 122.060000 0.000000 0.000000
      vertex 122.760000 0.000000 3.000000
      vertex 122.760000 0.000000 0.000000
    endloop
  endfacet
  facet normal 0.000000 0.000000 -1.000000
    outer loop
      vertex 122.060000 0.000000 0.000000
      vertex 122.760000 0.000000 0.000000
      vertex 122.760000 5.600000 0.000000
    endloop
  endfacet
  facet normal 0.000000 0.000000 -1.000000
    outer loop
      vertex 122.060000 0.000000 0.000000
      vertex 122.760000 5.600000 0.000000
      vertex 122.060000 5.600000 0.000000
    endloop
  endfacet
  facet normal 0.000000 0.000000 1.000000
    outer loop
      vertex 122.060000 0.000000 3.000000
      vertex 122.060000 5.600000 3.000000
      vertex 122.760000 5.600000 3.000000
    endloop
  endfacet
  facet normal 0.000000 0.000000 1.000000
    outer loop
      vertex 122.060000 0.000000 3.000000
      vertex 122.760000 5.600000 3.000000
      vertex 122.760000 0.000000 3.000000
    endloop
  endfacet
  facet normal 0.000000 0.000000 -1.000000
    outer loop
      vertex 122.060000 5.600000 0.000000
      vertex 122.760000 5.600000 0.000000
      vertex 122.760000 8.000000 0.000000
    endloop
  endfacet
  facet normal 0.000000 0.000000 -1.000000
    outer loop
      vertex 122.060000 5.600000 0.000000
      vertex 122.760000 8.000000 0.000000
      vertex 122.060000 8.000000 0.000000
    endloop
  endfacet
  facet normal -1.000000 0.000000 0.000000
    outer loop
      vertex 122.060000 5.600000 3.000000
      vertex 122.060000 8.000000 3.000000
      vertex 122.060000 8.000000 7.000000
    endloop
  endfacet
  facet normal -1.000000 0.000000 0.000000
    outer loop
      vertex 122.060000 5.600000 3.000000
      vertex 122.060000 8.000000 7.000000
      vertex 122.060000 5.600000 7.000000
    endloop
  endfacet
  facet normal 0.000000 -1.000000 0.000000
    outer loop
      vertex 122.060000 5.600000 3.000000
      vertex 122.060000 5.600000 7.000000
      vertex 122.760000 5.600000 7.000000
    endloop
  endfacet
  facet normal 0.000000 -1.000000 0.000000
    outer loop
      vertex 122.060000 5.600000 3.000000
      vertex 122.760000 5.600000 7.000000
      vertex 122.760000 5.600000 3.000000
    endloop
  endfacet
  facet normal 0.000000 1.000000 0.000000
    outer loop
      vertex 122.060000 8.000000 3.000000
      vertex 122.760000 8.000000 3.000000
      vertex 122.760000 8.000000 7.000000
    endloop
  endfacet
  facet normal 0.000000 1.000000 0.000000
    outer loop
      vertex 122.060000 8.000000 3.000000
      vertex 122.760000 8.000000 7.000000
      vertex 122.060000 8.000000 7.000000
    endloop
  endfacet
  facet normal -1.000000 0.000000 0.000000
    outer loop
      vertex 122.060000 5.600000 7.000000
      vertex 122.060000 8.000000 7.000000
      vertex 122.060000 8.000000 9.600000
    endloop
  endfacet
  facet normal -1.000000 0.000000 0.000000
    outer loop
      vertex 122.060000 5.600000 7.000000
      vertex 122.060000 8.000000 9.600000
      vertex 122.060000 5.600000 9.600000
    endloop
  endfacet
  facet normal 0.000000 -1.000000 0.000000
    outer loop
      vertex 122.060000 5.600000 7.000000
      vertex 122.060000 5.600000 9.600000
      vertex 122.760000 5.600000 9.600000
    endloop
  endfacet
  facet normal 0.000000 -1.000000 0.000000
    outer loop
      vertex 122.060000 5.600000 7.000000
      vertex 122.760000 5.600000 9.600000
      vertex 122.760000 5.600000 7.000000
    endloop
  endfacet
  facet normal 0.000000 1.000000 0.000000
    outer loop
      vertex 122.060000 8.000000 7.000000
      vertex 122.760000 8.000000 7.000000
      vertex 122.760000 8.000000 9.600000
    endloop
  endfacet
  facet normal 0.000000 1.000000 0.000000
    outer loop
      vertex 122.060000 8.000000 7.000000
      vertex 122.760000 8.000000 9.600000
      vertex 122.060000 8.000000 9.600000
    endloop
  endfacet
  facet normal 0.000000 0.000000 1.000000
    outer loop
      vertex 122.060000 5.600000 9.600000
      vertex 122.060000 8.000000 9.600000
      vertex 122.760000 8.000000 9.600000
    endloop
  endfacet
  facet normal 0.000000 0.000000 1.000000
    outer loop
      vertex 122.060000 5.600000 9.600000
      vertex 122.760000 8.000000 9.600000
      vertex 122.760000 5.600000 9.600000
    endloop
  endfacet
  facet normal 0.000000 0.000000 -1.000000
    outer loop
      vertex 122.060000 8.000000 0.000000
      vertex 122.760000 8.000000 0.000000
      vertex 122.760000 10.300000 0.000000
    endloop
  endfacet
  facet normal 0.000000 0.000000 -1.000000
    outer loop
      vertex 122.060000 8.000000 0.000000
      vertex 122.760000 10.300000 0.000000
      vertex 122.060000 10.300000 0.000000
    endloop
  endfacet
  facet normal 0.000000 0.000000 1.000000
    outer loop
      vertex 122.060000 8.000000 3.000000
      vertex 122.060000 10.300000 3.000000
      vertex 122.760000 10.300000 3.000000
    endloop
  endfacet
  facet normal 0.000000 0.000000 1.000000
    outer loop
      vertex 122.060000 8.000000 3.000000
      vertex 122.760000 10.300000 3.000000
      vertex 122.760000 8.000000 3.000000
    endloop
  endfacet
  facet normal 0.000000 0.000000 -1.000000
    outer loop
      vertex 122.060000 10.300000 0.000000
      vertex 122.760000 10.300000 0.000000
      vertex 122.760000 15.000000 0.000000
    endloop
  endfacet
  facet normal 0.000000 0.000000 -1.000000
    outer loop
      vertex 122.060000 10.300000 0.000000
      vertex 122.760000 15.000000 0.000000
      vertex 122.060000 15.000000 0.000000
    endloop
  endfacet
  facet normal 0.000000 0.000000 1.000000
    outer loop
      vertex 122.060000 10.300000 3.000000
      vertex 122.060000 15.000000 3.000000
      vertex 122.760000 15.000000 3.000000
    endloop
  endfacet
  facet normal 0.000000 0.000000 1.000000
    outer loop
      vertex 122.060000 10.300000 3.000000
      vertex 122.760000 15.000000 3.000000
      vertex 122.760000 10.300000 3.000000
    endloop
  endfacet
  facet normal 0.000000 0.000000 -1.000000
    outer loop
      vertex 122.060000 15.000000 0.000000
      vertex 122.760000 15.000000 0.000000
      vertex 122.760000 18.300000 0.000000
    endloop
  endfacet
  facet normal 0.000000 0.000000 -1.000000
    outer loop
      vertex 122.060000 15.000000 0.000000
      vertex 122.760000 18.300000 0.000000
      vertex 122.060000 18.300000 0.000000
    endloop
  endfacet
  facet normal 0.000000 0.000000 1.000000
    outer loop
      vertex 122.060000 15.000000 3.000000
      vertex 122.060000 18.300000 3.000000
      vertex 122.760000 18.300000 3.000000
    endloop
  endfacet
  facet normal 0.000000 0.000000 1.000000
    outer loop
      vertex 122.060000 15.000000 3.000000
      vertex 122.760000 18.300000 3.000000
      vertex 122.760000 15.000000 3.000000
    endloop
  endfacet
  facet normal 0.000000 0.000000 -1.000000
    outer loop
      vertex 122.060000 18.300000 0.000000
      vertex 122.760000 18.300000 0.000000
      vertex 122.760000 19.000000 0.000000
    endloop
  endfacet
  facet normal 0.000000 0.000000 -1.000000
    outer loop
      vertex 122.060000 18.300000 0.000000
      vertex 122.760000 19.000000 0.000000
      vertex 122.060000 19.000000 0.000000
    endloop
  endfacet
  facet normal 0.000000 0.000000 1.000000
    outer loop
      vertex 122.060000 18.300000 3.000000
      vertex 122.060000 19.000000 3.000000
      vertex 122.760000 19.000000 3.000000
    endloop
  endfacet
  facet normal 0.000000 0.000000 1.000000
    outer loop
      vertex 122.060000 18.300000 3.000000
      vertex 122.760000 19.000000 3.000000
      vertex 122.760000 18.300000 3.000000
    endloop
  endfacet
  facet normal 0.000000 0.000000 -1.000000
    outer loop
      vertex 122.060000 19.000000 0.000000
      vertex 122.760000 19.000000 0.000000
      vertex 122.760000 53.480000 0.000000
    endloop
  endfacet
  facet normal 0.000000 0.000000 -1.000000
    outer loop
      vertex 122.060000 19.000000 0.000000
      vertex 122.760000 53.480000 0.000000
      vertex 122.060000 53.480000 0.000000
    endloop
  endfacet
  facet normal 0.000000 0.000000 1.000000
    outer loop
      vertex 122.060000 19.000000 3.000000
      vertex 122.060000 53.480000 3.000000
      vertex 122.760000 53.480000 3.000000
    endloop
  endfacet
  facet normal 0.000000 0.000000 1.000000
    outer loop
      vertex 122.060000 19.000000 3.000000
      vertex 122.760000 53.480000 3.000000
      vertex 122.760000 19.000000 3.000000
    endloop
  endfacet
  facet normal 0.000000 0.000000 -1.000000
    outer loop
      vertex 122.060000 53.480000 0.000000
      vertex 122.760000 53.480000 0.000000
      vertex 122.760000 54.180000 0.000000
    endloop
  endfacet
  facet normal 0.000000 0.000000 -1.000000
    outer loop
      vertex 122.060000 53.480000 0.000000
      vertex 122.760000 54.180000 0.000000
      vertex 122.060000 54.180000 0.000000
    endloop
  endfacet
  facet normal 0.000000 0.000000 1.000000
    outer loop
      vertex 122.060000 53.480000 3.000000
      vertex 122.060000 54.180000 3.000000
      vertex 122.760000 54.180000 3.000000
    endloop
  endfacet
  facet normal 0.000000 0.000000 1.000000
    outer loop
      vertex 122.060000 53.480000 3.000000
      vertex 122.760000 54.180000 3.000000
      vertex 122.760000 53.480000 3.000000
    endloop
  endfacet
  facet normal 0.000000 0.000000 -1.000000
    outer loop
      vertex 122.060000 54.180000 0.000000
      vertex 122.760000 54.180000 0.000000
      vertex 122.760000 57.480000 0.000000
    endloop
  endfacet
  facet normal 0.000000 0.000000 -1.000000
    outer loop
      vertex 122.060000 54.180000 0.000000
      vertex 122.760000 57.480000 0.000000
      vertex 122.060000 57.480000 0.000000
    endloop
  endfacet
  facet normal 0.000000 0.000000 1.000000
    outer loop
      vertex 122.060000 54.180000 3.000000
      vertex 122.060000 57.480000 3.000000
      vertex 122.760000 57.480000 3.000000
    endloop
  endfacet
  facet normal 0.000000 0.000000 1.000000
    outer loop
      vertex 122.060000 54.180000 3.000000
      vertex 122.760000 57.480000 3.000000
      vertex 122.760000 54.180000 3.000000
    endloop
  endfacet
  facet normal 0.000000 0.000000 -1.000000
    outer loop
      vertex 122.060000 57.480000 0.000000
      vertex 122.760000 57.480000 0.000000
      vertex 122.760000 62.180000 0.000000
    endloop
  endfacet
  facet normal 0.000000 0.000000 -1.000000
    outer loop
      vertex 122.060000 57.480000 0.000000
      vertex 122.760000 62.180000 0.000000
      vertex 122.060000 62.180000 0.000000
    endloop
  endfacet
  facet normal 0.000000 0.000000 1.000000
    outer loop
      vertex 122.060000 57.480000 3.000000
      vertex 122.060000 62.180000 3.000000
      vertex 122.760000 62.180000 3.000000
    endloop
  endfacet
  facet normal 0.000000 0.000000 1.000000
    outer loop
      vertex 122.060000 57.480000 3.000000
      vertex 122.760000 62.180000 3.000000
      vertex 122.760000 57.480000 3.000000
    endloop
  endfacet
  facet normal 0.000000 0.000000 -1.000000
    outer loop
      vertex 122.060000 62.180000 0.000000
      vertex 122.760000 62.180000 0.000000
      vertex 122.760000 64.480000 0.000000
    endloop
  endfacet
  facet normal 0.000000 0.000000 -1.000000
    outer loop
      vertex 122.060000 62.180000 0.000000
      vertex 122.760000 64.480000 0.000000
      vertex 122.060000 64.480000 0.000000
    endloop
  endfacet
  facet normal 0.000000 0.000000 1.000000
    outer loop
      vertex 122.060000 62.180000 3.000000
      vertex 122.060000 64.480000 3.000000
      vertex 122.760000 64.480000 3.000000
    endloop
  endfacet
  facet normal 0.000000 0.000000 1.000000
    outer loop
      vertex 122.060000 62.180000 3.000000
      vertex 122.760000 64.480000 3.000000
      vertex 122.760000 62.180000 3.000000
    endloop
  endfacet
  facet normal 0.000000 0.000000 -1.000000
    outer loop
      vertex 122.060000 64.480000 0.000000
      vertex 122.760000 64.480000 0.000000
      vertex 122.760000 66.880000 0.000000
    endloop
  endfacet
  facet normal 0.000000 0.000000 -1.000000
    outer loop
      vertex 122.060000 64.480000 0.000000
      vertex 122.760000 66.880000 0.000000
      vertex 122.060000 66.880000 0.000000
    endloop
  endfacet
  facet normal -1.000000 0.000000 0.000000
    outer loop
      vertex 122.060000 64.480000 3.000000
      vertex 122.060000 66.880000 3.000000
      vertex 122.060000 66.880000 7.000000
    endloop
  endfacet
  facet normal -1.000000 0.000000 0.000000
    outer loop
      vertex 122.060000 64.480000 3.000000
      vertex 122.060000 66.880000 7.000000
      vertex 122.060000 64.480000 7.000000
    endloop
  endfacet
  facet normal 0.000000 -1.000000 0.000000
    outer loop
      vertex 122.060000 64.480000 3.000000
      vertex 122.060000 64.480000 7.000000
      vertex 122.760000 64.480000 7.000000
    endloop
  endfacet
  facet normal 0.000000 -1.000000 0.000000
    outer loop
      vertex 122.060000 64.480000 3.000000
      vertex 122.760000 64.480000 7.000000
      vertex 122.760000 64.480000 3.000000
    endloop
  endfacet
  facet normal 0.000000 1.000000 0.000000
    outer loop
      vertex 122.060000 66.880000 3.000000
      vertex 122.760000 66.880000 3.000000
      vertex 122.760000 66.880000 7.000000
    endloop
  endfacet
  facet normal 0.000000 1.000000 0.000000
    outer loop
      vertex 122.060000 66.880000 3.000000
      vertex 122.760000 66.880000 7.000000
      vertex 122.060000 66.880000 7.000000
    endloop
  endfacet
  facet normal -1.000000 0.000000 0.000000
    outer loop
      vertex 122.060000 64.480000 7.000000
      vertex 122.060000 66.880000 7.000000
      vertex 122.060000 66.880000 9.600000
    endloop
  endfacet
  facet normal -1.000000 0.000000 0.000000
    outer loop
      vertex 122.060000 64.480000 7.000000
      vertex 122.060000 66.880000 9.600000
      vertex 122.060000 64.480000 9.600000
    endloop
  endfacet
  facet normal 0.000000 -1.000000 0.000000
    outer loop
      vertex 122.060000 64.480000 7.000000
      vertex 122.060000 64.480000 9.600000
      vertex 122.760000 64.480000 9.600000
    endloop
  endfacet
  facet normal 0.000000 -1.000000 0.000000
    outer loop
      vertex 122.060000 64.480000 7.000000
      vertex 122.760000 64.480000 9.600000
      vertex 122.760000 64.480000 7.000000
    endloop
  endfacet
  facet normal 0.000000 1.000000 0.000000
    outer loop
      vertex 122.060000 66.880000 7.000000
      vertex 122.760000 66.880000 7.000000
      vertex 122.760000 66.880000 9.600000
    endloop
  endfacet
  facet normal 0.000000 1.000000 0.000000
    outer loop
      vertex 122.060000 66.880000 7.000000
      vertex 122.760000 66.880000 9.600000
      vertex 122.060000 66.880000 9.600000
    endloop
  endfacet
  facet normal 0.000000 0.000000 1.000000
    outer loop
      vertex 122.060000 64.480000 9.600000
      vertex 122.060000 66.880000 9.600000
      vertex 122.760000 66.880000 9.600000
    endloop
  endfacet
  facet normal 0.000000 0.000000 1.000000
    outer loop
      vertex 122.060000 64.480000 9.600000
      vertex 122.760000 66.880000 9.600000
      vertex 122.760000 64.480000 9.600000
    endloop
  endfacet
  facet normal 0.000000 1.000000 0.000000
    outer loop
      vertex 122.060000 72.480000 0.000000
      vertex 122.760000 72.480000 0.000000
      vertex 122.760000 72.480000 3.000000
    endloop
  endfacet
  facet normal 0.000000 1.000000 0.000000
    outer loop
      vertex 122.060000 72.480000 0.000000
      vertex 122.760000 72.480000 3.000000
      vertex 122.060000 72.480000 3.000000
    endloop
  endfacet
  facet normal 0.000000 0.000000 -1.000000
    outer loop
      vertex 122.060000 66.880000 0.000000
      vertex 122.760000 66.880000 0.000000
      vertex 122.760000 72.480000 0.000000
    endloop
  endfacet
  facet normal 0.000000 0.000000 -1.000000
    outer loop
      vertex 122.060000 66.880000 0.000000
      vertex 122.760000 72.480000 0.000000
      vertex 122.060000 72.480000 0.000000
    endloop
  endfacet
  facet normal 0.000000 0.000000 1.000000
    outer loop
      vertex 122.060000 66.880000 3.000000
      vertex 122.060000 72.480000 3.000000
      vertex 122.760000 72.480000 3.000000
    endloop
  endfacet
  facet normal 0.000000 0.000000 1.000000
    outer loop
      vertex 122.060000 66.880000 3.000000
      vertex 122.760000 72.480000 3.000000
      vertex 122.760000 66.880000 3.000000
    endloop
  endfacet
  facet normal 0.000000 -1.000000 0.000000
    outer loop
      vertex 122.760000 0.000000 0.000000
      vertex 122.760000 0.000000 3.000000
      vertex 130.760000 0.000000 3.000000
    endloop
  endfacet
  facet normal 0.000000 -1.000000 0.000000
    outer loop
      vertex 122.760000 0.000000 0.000000
      vertex 130.760000 0.000000 3.000000
      vertex 130.760000 0.000000 0.000000
    endloop
  endfacet
  facet normal 0.000000 0.000000 -1.000000
    outer loop
      vertex 122.760000 0.000000 0.000000
      vertex 130.760000 0.000000 0.000000
      vertex 130.760000 5.600000 0.000000
    endloop
  endfacet
  facet normal 0.000000 0.000000 -1.000000
    outer loop
      vertex 122.760000 0.000000 0.000000
      vertex 130.760000 5.600000 0.000000
      vertex 122.760000 5.600000 0.000000
    endloop
  endfacet
  facet normal 0.000000 0.000000 1.000000
    outer loop
      vertex 122.760000 0.000000 3.000000
      vertex 122.760000 5.600000 3.000000
      vertex 130.760000 5.600000 3.000000
    endloop
  endfacet
  facet normal 0.000000 0.000000 1.000000
    outer loop
      vertex 122.760000 0.000000 3.000000
      vertex 130.760000 5.600000 3.000000
      vertex 130.760000 0.000000 3.000000
    endloop
  endfacet
  facet normal 0.000000 0.000000 -1.000000
    outer loop
      vertex 122.760000 5.600000 0.000000
      vertex 130.760000 5.600000 0.000000
      vertex 130.760000 8.000000 0.000000
    endloop
  endfacet
  facet normal 0.000000 0.000000 -1.000000
    outer loop
      vertex 122.760000 5.600000 0.000000
      vertex 130.760000 8.000000 0.000000
      vertex 122.760000 8.000000 0.000000
    endloop
  endfacet
  facet normal 0.000000 -1.000000 0.000000
    outer loop
      vertex 122.760000 5.600000 3.000000
      vertex 122.760000 5.600000 7.000000
      vertex 130.760000 5.600000 7.000000
    endloop
  endfacet
  facet normal 0.000000 -1.000000 0.000000
    outer loop
      vertex 122.760000 5.600000 3.000000
      vertex 130.760000 5.600000 7.000000
      vertex 130.760000 5.600000 3.000000
    endloop
  endfacet
  facet normal 0.000000 1.000000 0.000000
    outer loop
      vertex 122.760000 8.000000 3.000000
      vertex 130.760000 8.000000 3.000000
      vertex 130.760000 8.000000 7.000000
    endloop
  endfacet
  facet normal 0.000000 1.000000 0.000000
    outer loop
      vertex 122.760000 8.000000 3.000000
      vertex 130.760000 8.000000 7.000000
      vertex 122.760000 8.000000 7.000000
    endloop
  endfacet
  facet normal 0.000000 -1.000000 0.000000
    outer loop
      vertex 122.760000 5.600000 7.000000
      vertex 122.760000 5.600000 9.600000
      vertex 130.760000 5.600000 9.600000
    endloop
  endfacet
  facet normal 0.000000 -1.000000 0.000000
    outer loop
      vertex 122.760000 5.600000 7.000000
      vertex 130.760000 5.600000 9.600000
      vertex 130.760000 5.600000 7.000000
    endloop
  endfacet
  facet normal 0.000000 1.000000 0.000000
    outer loop
      vertex 122.760000 8.000000 7.000000
      vertex 130.760000 8.000000 7.000000
      vertex 130.760000 8.000000 9.600000
    endloop
  endfacet
  facet normal 0.000000 1.000000 0.000000
    outer loop
      vertex 122.760000 8.000000 7.000000
      vertex 130.760000 8.000000 9.600000
      vertex 122.760000 8.000000 9.600000
    endloop
  endfacet
  facet normal 0.000000 0.000000 1.000000
    outer loop
      vertex 122.760000 5.600000 9.600000
      vertex 122.760000 8.000000 9.600000
      vertex 130.760000 8.000000 9.600000
    endloop
  endfacet
  facet normal 0.000000 0.000000 1.000000
    outer loop
      vertex 122.760000 5.600000 9.600000
      vertex 130.760000 8.000000 9.600000
      vertex 130.760000 5.600000 9.600000
    endloop
  endfacet
  facet normal 0.000000 0.000000 -1.000000
    outer loop
      vertex 122.760000 8.000000 0.000000
      vertex 130.760000 8.000000 0.000000
      vertex 130.760000 10.300000 0.000000
    endloop
  endfacet
  facet normal 0.000000 0.000000 -1.000000
    outer loop
      vertex 122.760000 8.000000 0.000000
      vertex 130.760000 10.300000 0.000000
      vertex 122.760000 10.300000 0.000000
    endloop
  endfacet
  facet normal 0.000000 0.000000 1.000000
    outer loop
      vertex 122.760000 8.000000 3.000000
      vertex 122.760000 10.300000 3.000000
      vertex 130.760000 10.300000 3.000000
    endloop
  endfacet
  facet normal 0.000000 0.000000 1.000000
    outer loop
      vertex 122.760000 8.000000 3.000000
      vertex 130.760000 10.300000 3.000000
      vertex 130.760000 8.000000 3.000000
    endloop
  endfacet
  facet normal 0.000000 0.000000 -1.000000
    outer loop
      vertex 122.760000 10.300000 0.000000
      vertex 130.760000 10.300000 0.000000
      vertex 130.760000 15.000000 0.000000
    endloop
  endfacet
  facet normal 0.000000 0.000000 -1.000000
    outer loop
      vertex 122.760000 10.300000 0.000000
      vertex 130.760000 15.000000 0.000000
      vertex 122.760000 15.000000 0.000000
    endloop
  endfacet
  facet normal -1.000000 0.000000 0.000000
    outer loop
      vertex 122.760000 10.300000 3.000000
      vertex 122.760000 15.000000 3.000000
      vertex 122.760000 15.000000 7.000000
    endloop
  endfacet
  facet normal -1.000000 0.000000 0.000000
    outer loop
      vertex 122.760000 10.300000 3.000000
      vertex 122.760000 15.000000 7.000000
      vertex 122.760000 10.300000 7.000000
    endloop
  endfacet
  facet normal 1.000000 0.000000 0.000000
    outer loop
      vertex 130.760000 10.300000 3.000000
      vertex 130.760000 10.300000 7.000000
      vertex 130.760000 15.000000 7.000000
    endloop
  endfacet
  facet normal 1.000000 0.000000 0.000000
    outer loop
      vertex 130.760000 10.300000 3.000000
      vertex 130.760000 15.000000 7.000000
      vertex 130.760000 15.000000 3.000000
    endloop
  endfacet
  facet normal 0.000000 -1.000000 0.000000
    outer loop
      vertex 122.760000 10.300000 3.000000
      vertex 122.760000 10.300000 7.000000
      vertex 130.760000 10.300000 7.000000
    endloop
  endfacet
  facet normal 0.000000 -1.000000 0.000000
    outer loop
      vertex 122.760000 10.300000 3.000000
      vertex 130.760000 10.300000 7.000000
      vertex 130.760000 10.300000 3.000000
    endloop
  endfacet
  facet normal 0.000000 0.000000 1.000000
    outer loop
      vertex 122.760000 10.300000 7.000000
      vertex 122.760000 15.000000 7.000000
      vertex 130.760000 15.000000 7.000000
    endloop
  endfacet
  facet normal 0.000000 0.000000 1.000000
    outer loop
      vertex 122.760000 10.300000 7.000000
      vertex 130.760000 15.000000 7.000000
      vertex 130.760000 10.300000 7.000000
    endloop
  endfacet
  facet normal 0.000000 0.000000 -1.000000
    outer loop
      vertex 122.760000 15.000000 0.000000
      vertex 130.760000 15.000000 0.000000
      vertex 130.760000 18.300000 0.000000
    endloop
  endfacet
  facet normal 0.000000 0.000000 -1.000000
    outer loop
      vertex 122.760000 15.000000 0.000000
      vertex 130.760000 18.300000 0.000000
      vertex 122.760000 18.300000 0.000000
    endloop
  endfacet
  facet normal -1.000000 0.000000 0.000000
    outer loop
      vertex 122.760000 15.000000 3.000000
      vertex 122.760000 18.300000 3.000000
      vertex 122.760000 18.300000 7.000000
    endloop
  endfacet
  facet normal -1.000000 0.000000 0.000000
    outer loop
      vertex 122.760000 15.000000 3.000000
      vertex 122.760000 18.300000 7.000000
      vertex 122.760000 15.000000 7.000000
    endloop
  endfacet
  facet normal 1.000000 0.000000 0.000000
    outer loop
      vertex 130.760000 15.000000 3.000000
      vertex 130.760000 15.000000 7.000000
      vertex 130.760000 18.300000 7.000000
    endloop
  endfacet
  facet normal 1.000000 0.000000 0.000000
    outer loop
      vertex 130.760000 15.000000 3.000000
      vertex 130.760000 18.300000 7.000000
      vertex 130.760000 18.300000 3.000000
    endloop
  endfacet
  facet normal 0.000000 1.000000 0.000000
    outer loop
      vertex 122.760000 18.300000 3.000000
      vertex 130.760000 18.300000 3.000000
      vertex 130.760000 18.300000 7.000000
    endloop
  endfacet
  facet normal 0.000000 1.000000 0.000000
    outer loop
      vertex 122.760000 18.300000 3.000000
      vertex 130.760000 18.300000 7.000000
      vertex 122.760000 18.300000 7.000000
    endloop
  endfacet
  facet normal 0.000000 0.000000 1.000000
    outer loop
      vertex 122.760000 15.000000 7.000000
      vertex 122.760000 18.300000 7.000000
      vertex 130.760000 18.300000 7.000000
    endloop
  endfacet
  facet normal 0.000000 0.000000 1.000000
    outer loop
      vertex 122.760000 15.000000 7.000000
      vertex 130.760000 18.300000 7.000000
      vertex 130.760000 15.000000 7.000000
    endloop
  endfacet
  facet normal 0.000000 0.000000 -1.000000
    outer loop
      vertex 122.760000 18.300000 0.000000
      vertex 130.760000 18.300000 0.000000
      vertex 130.760000 19.000000 0.000000
    endloop
  endfacet
  facet normal 0.000000 0.000000 -1.000000
    outer loop
      vertex 122.760000 18.300000 0.000000
      vertex 130.760000 19.000000 0.000000
      vertex 122.760000 19.000000 0.000000
    endloop
  endfacet
  facet normal 0.000000 0.000000 1.000000
    outer loop
      vertex 122.760000 18.300000 3.000000
      vertex 122.760000 19.000000 3.000000
      vertex 130.760000 19.000000 3.000000
    endloop
  endfacet
  facet normal 0.000000 0.000000 1.000000
    outer loop
      vertex 122.760000 18.300000 3.000000
      vertex 130.760000 19.000000 3.000000
      vertex 130.760000 18.300000 3.000000
    endloop
  endfacet
  facet normal 0.000000 0.000000 -1.000000
    outer loop
      vertex 122.760000 19.000000 0.000000
      vertex 130.760000 19.000000 0.000000
      vertex 130.760000 53.480000 0.000000
    endloop
  endfacet
  facet normal 0.000000 0.000000 -1.000000
    outer loop
      vertex 122.760000 19.000000 0.000000
      vertex 130.760000 53.480000 0.000000
      vertex 122.760000 53.480000 0.000000
    endloop
  endfacet
  facet normal 0.000000 0.000000 1.000000
    outer loop
      vertex 122.760000 19.000000 3.000000
      vertex 122.760000 53.480000 3.000000
      vertex 130.760000 53.480000 3.000000
    endloop
  endfacet
  facet normal 0.000000 0.000000 1.000000
    outer loop
      vertex 122.760000 19.000000 3.000000
      vertex 130.760000 53.480000 3.000000
      vertex 130.760000 19.000000 3.000000
    endloop
  endfacet
  facet normal 0.000000 0.000000 -1.000000
    outer loop
      vertex 122.760000 53.480000 0.000000
      vertex 130.760000 53.480000 0.000000
      vertex 130.760000 54.180000 0.000000
    endloop
  endfacet
  facet normal 0.000000 0.000000 -1.000000
    outer loop
      vertex 122.760000 53.480000 0.000000
      vertex 130.760000 54.180000 0.000000
      vertex 122.760000 54.180000 0.000000
    endloop
  endfacet
  facet normal 0.000000 0.000000 1.000000
    outer loop
      vertex 122.760000 53.480000 3.000000
      vertex 122.760000 54.180000 3.000000
      vertex 130.760000 54.180000 3.000000
    endloop
  endfacet
  facet normal 0.000000 0.000000 1.000000
    outer loop
      vertex 122.760000 53.480000 3.000000
      vertex 130.760000 54.180000 3.000000
      vertex 130.760000 53.480000 3.000000
    endloop
  endfacet
  facet normal 0.000000 0.000000 -1.000000
    outer loop
      vertex 122.760000 54.180000 0.000000
      vertex 130.760000 54.180000 0.000000
      vertex 130.760000 57.480000 0.000000
    endloop
  endfacet
  facet normal 0.000000 0.000000 -1.000000
    outer loop
      vertex 122.760000 54.180000 0.000000
      vertex 130.760000 57.480000 0.000000
      vertex 122.760000 57.480000 0.000000
    endloop
  endfacet
  facet normal -1.000000 0.000000 0.000000
    outer loop
      vertex 122.760000 54.180000 3.000000
      vertex 122.760000 57.480000 3.000000
      vertex 122.760000 57.480000 7.000000
    endloop
  endfacet
  facet normal -1.000000 0.000000 0.000000
    outer loop
      vertex 122.760000 54.180000 3.000000
      vertex 122.760000 57.480000 7.000000
      vertex 122.760000 54.180000 7.000000
    endloop
  endfacet
  facet normal 1.000000 0.000000 0.000000
    outer loop
      vertex 130.760000 54.180000 3.000000
      vertex 130.760000 54.180000 7.000000
      vertex 130.760000 57.480000 7.000000
    endloop
  endfacet
  facet normal 1.000000 0.000000 0.000000
    outer loop
      vertex 130.760000 54.180000 3.000000
      vertex 130.760000 57.480000 7.000000
      vertex 130.760000 57.480000 3.000000
    endloop
  endfacet
  facet normal 0.000000 -1.000000 0.000000
    outer loop
      vertex 122.760000 54.180000 3.000000
      vertex 122.760000 54.180000 7.000000
      vertex 130.760000 54.180000 7.000000
    endloop
  endfacet
  facet normal 0.000000 -1.000000 0.000000
    outer loop
      vertex 122.760000 54.180000 3.000000
      vertex 130.760000 54.180000 7.000000
      vertex 130.760000 54.180000 3.000000
    endloop
  endfacet
  facet normal 0.000000 0.000000 1.000000
    outer loop
      vertex 122.760000 54.180000 7.000000
      vertex 122.760000 57.480000 7.000000
      vertex 130.760000 57.480000 7.000000
    endloop
  endfacet
  facet normal 0.000000 0.000000 1.000000
    outer loop
      vertex 122.760000 54.180000 7.000000
      vertex 130.760000 57.480000 7.000000
      vertex 130.760000 54.180000 7.000000
    endloop
  endfacet
  facet normal 0.000000 0.000000 -1.000000
    outer loop
      vertex 122.760000 57.480000 0.000000
      vertex 130.760000 57.480000 0.000000
      vertex 130.760000 62.180000 0.000000
    endloop
  endfacet
  facet normal 0.000000 0.000000 -1.000000
    outer loop
      vertex 122.760000 57.480000 0.000000
      vertex 130.760000 62.180000 0.000000
      vertex 122.760000 62.180000 0.000000
    endloop
  endfacet
  facet normal -1.000000 0.000000 0.000000
    outer loop
      vertex 122.760000 57.480000 3.000000
      vertex 122.760000 62.180000 3.000000
      vertex 122.760000 62.180000 7.000000
    endloop
  endfacet
  facet normal -1.000000 0.000000 0.000000
    outer loop
      vertex 122.760000 57.480000 3.000000
      vertex 122.760000 62.180000 7.000000
      vertex 122.760000 57.480000 7.000000
    endloop
  endfacet
  facet normal 1.000000 0.000000 0.000000
    outer loop
      vertex 130.760000 57.480000 3.000000
      vertex 130.760000 57.480000 7.000000
      vertex 130.760000 62.180000 7.000000
    endloop
  endfacet
  facet normal 1.000000 0.000000 0.000000
    outer loop
      vertex 130.760000 57.480000 3.000000
      vertex 130.760000 62.180000 7.000000
      vertex 130.760000 62.180000 3.000000
    endloop
  endfacet
  facet normal 0.000000 1.000000 0.000000
    outer loop
      vertex 122.760000 62.180000 3.000000
      vertex 130.760000 62.180000 3.000000
      vertex 130.760000 62.180000 7.000000
    endloop
  endfacet
  facet normal 0.000000 1.000000 0.000000
    outer loop
      vertex 122.760000 62.180000 3.000000
      vertex 130.760000 62.180000 7.000000
      vertex 122.760000 62.180000 7.000000
    endloop
  endfacet
  facet normal 0.000000 0.000000 1.000000
    outer loop
      vertex 122.760000 57.480000 7.000000
      vertex 122.760000 62.180000 7.000000
      vertex 130.760000 62.180000 7.000000
    endloop
  endfacet
  facet normal 0.000000 0.000000 1.000000
    outer loop
      vertex 122.760000 57.480000 7.000000
      vertex 130.760000 62.180000 7.000000
      vertex 130.760000 57.480000 7.000000
    endloop
  endfacet
  facet normal 0.000000 0.000000 -1.000000
    outer loop
      vertex 122.760000 62.180000 0.000000
      vertex 130.760000 62.180000 0.000000
      vertex 130.760000 64.480000 0.000000
    endloop
  endfacet
  facet normal 0.000000 0.000000 -1.000000
    outer loop
      vertex 122.760000 62.180000 0.000000
      vertex 130.760000 64.480000 0.000000
      vertex 122.760000 64.480000 0.000000
    endloop
  endfacet
  facet normal 0.000000 0.000000 1.000000
    outer loop
      vertex 122.760000 62.180000 3.000000
      vertex 122.760000 64.480000 3.000000
      vertex 130.760000 64.480000 3.000000
    endloop
  endfacet
  facet normal 0.000000 0.000000 1.000000
    outer loop
      vertex 122.760000 62.180000 3.000000
      vertex 130.760000 64.480000 3.000000
      vertex 130.760000 62.180000 3.000000
    endloop
  endfacet
  facet normal 0.000000 0.000000 -1.000000
    outer loop
      vertex 122.760000 64.480000 0.000000
      vertex 130.760000 64.480000 0.000000
      vertex 130.760000 66.880000 0.000000
    endloop
  endfacet
  facet normal 0.000000 0.000000 -1.000000
    outer loop
      vertex 122.760000 64.480000 0.000000
      vertex 130.760000 66.880000 0.000000
      vertex 122.760000 66.880000 0.000000
    endloop
  endfacet
  facet normal 0.000000 -1.000000 0.000000
    outer loop
      vertex 122.760000 64.480000 3.000000
      vertex 122.760000 64.480000 7.000000
      vertex 130.760000 64.480000 7.000000
    endloop
  endfacet
  facet normal 0.000000 -1.000000 0.000000
    outer loop
      vertex 122.760000 64.480000 3.000000
      vertex 130.760000 64.480000 7.000000
      vertex 130.760000 64.480000 3.000000
    endloop
  endfacet
  facet normal 0.000000 1.000000 0.000000
    outer loop
      vertex 122.760000 66.880000 3.000000
      vertex 130.760000 66.880000 3.000000
      vertex 130.760000 66.880000 7.000000
    endloop
  endfacet
  facet normal 0.000000 1.000000 0.000000
    outer loop
      vertex 122.760000 66.880000 3.000000
      vertex 130.760000 66.880000 7.000000
      vertex 122.760000 66.880000 7.000000
    endloop
  endfacet
  facet normal 0.000000 -1.000000 0.000000
    outer loop
      vertex 122.760000 64.480000 7.000000
      vertex 122.760000 64.480000 9.600000
      vertex 130.760000 64.480000 9.600000
    endloop
  endfacet
  facet normal 0.000000 -1.000000 0.000000
    outer loop
      vertex 122.760000 64.480000 7.000000
      vertex 130.760000 64.480000 9.600000
      vertex 130.760000 64.480000 7.000000
    endloop
  endfacet
  facet normal 0.000000 1.000000 0.000000
    outer loop
      vertex 122.760000 66.880000 7.000000
      vertex 130.760000 66.880000 7.000000
      vertex 130.760000 66.880000 9.600000
    endloop
  endfacet
  facet normal 0.000000 1.000000 0.000000
    outer loop
      vertex 122.760000 66.880000 7.000000
      vertex 130.760000 66.880000 9.600000
      vertex 122.760000 66.880000 9.600000
    endloop
  endfacet
  facet normal 0.000000 0.000000 1.000000
    outer loop
      vertex 122.760000 64.480000 9.600000
      vertex 122.760000 66.880000 9.600000
      vertex 130.760000 66.880000 9.600000
    endloop
  endfacet
  facet normal 0.000000 0.000000 1.000000
    outer loop
      vertex 122.760000 64.480000 9.600000
      vertex 130.760000 66.880000 9.600000
      vertex 130.760000 64.480000 9.600000
    endloop
  endfacet
  facet normal 0.000000 1.000000 0.000000
    outer loop
      vertex 122.760000 72.480000 0.000000
      vertex 130.760000 72.480000 0.000000
      vertex 130.760000 72.480000 3.000000
    endloop
  endfacet
  facet normal 0.000000 1.000000 0.000000
    outer loop
      vertex 122.760000 72.480000 0.000000
      vertex 130.760000 72.480000 3.000000
      vertex 122.760000 72.480000 3.000000
    endloop
  endfacet
  facet normal 0.000000 0.000000 -1.000000
    outer loop
      vertex 122.760000 66.880000 0.000000
      vertex 130.760000 66.880000 0.000000
      vertex 130.760000 72.480000 0.000000
    endloop
  endfacet
  facet normal 0.000000 0.000000 -1.000000
    outer loop
      vertex 122.760000 66.880000 0.000000
      vertex 130.760000 72.480000 0.000000
      vertex 122.760000 72.480000 0.000000
    endloop
  endfacet
  facet normal 0.000000 0.000000 1.000000
    outer loop
      vertex 122.760000 66.880000 3.000000
      vertex 122.760000 72.480000 3.000000
      vertex 130.760000 72.480000 3.000000
    endloop
  endfacet
  facet normal 0.000000 0.000000 1.000000
    outer loop
      vertex 122.760000 66.880000 3.000000
      vertex 130.760000 72.480000 3.000000
      vertex 130.760000 66.880000 3.000000
    endloop
  endfacet
  facet normal 0.000000 -1.000000 0.000000
    outer loop
      vertex 130.760000 0.000000 0.000000
      vertex 130.760000 0.000000 3.000000
      vertex 133.060000 0.000000 3.000000
    endloop
  endfacet
  facet normal 0.000000 -1.000000 0.000000
    outer loop
      vertex 130.760000 0.000000 0.000000
      vertex 133.060000 0.000000 3.000000
      vertex 133.060000 0.000000 0.000000
    endloop
  endfacet
  facet normal 0.000000 0.000000 -1.000000
    outer loop
      vertex 130.760000 0.000000 0.000000
      vertex 133.060000 0.000000 0.000000
      vertex 133.060000 5.600000 0.000000
    endloop
  endfacet
  facet normal 0.000000 0.000000 -1.000000
    outer loop
      vertex 130.760000 0.000000 0.000000
      vertex 133.060000 5.600000 0.000000
      vertex 130.760000 5.600000 0.000000
    endloop
  endfacet
  facet normal 0.000000 0.000000 1.000000
    outer loop
      vertex 130.760000 0.000000 3.000000
      vertex 130.760000 5.600000 3.000000
      vertex 133.060000 5.600000 3.000000
    endloop
  endfacet
  facet normal 0.000000 0.000000 1.000000
    outer loop
      vertex 130.760000 0.000000 3.000000
      vertex 133.060000 5.600000 3.000000
      vertex 133.060000 0.000000 3.000000
    endloop
  endfacet
  facet normal 0.000000 0.000000 -1.000000
    outer loop
      vertex 130.760000 5.600000 0.000000
      vertex 133.060000 5.600000 0.000000
      vertex 133.060000 8.000000 0.000000
    endloop
  endfacet
  facet normal 0.000000 0.000000 -1.000000
    outer loop
      vertex 130.760000 5.600000 0.000000
      vertex 133.060000 8.000000 0.000000
      vertex 130.760000 8.000000 0.000000
    endloop
  endfacet
  facet normal 0.000000 -1.000000 0.000000
    outer loop
      vertex 130.760000 5.600000 3.000000
      vertex 130.760000 5.600000 7.000000
      vertex 133.060000 5.600000 7.000000
    endloop
  endfacet
  facet normal 0.000000 -1.000000 0.000000
    outer loop
      vertex 130.760000 5.600000 3.000000
      vertex 133.060000 5.600000 7.000000
      vertex 133.060000 5.600000 3.000000
    endloop
  endfacet
  facet normal 0.000000 1.000000 0.000000
    outer loop
      vertex 130.760000 8.000000 3.000000
      vertex 133.060000 8.000000 3.000000
      vertex 133.060000 8.000000 7.000000
    endloop
  endfacet
  facet normal 0.000000 1.000000 0.000000
    outer loop
      vertex 130.760000 8.000000 3.000000
      vertex 133.060000 8.000000 7.000000
      vertex 130.760000 8.000000 7.000000
    endloop
  endfacet
  facet normal 0.000000 -1.000000 0.000000
    outer loop
      vertex 130.760000 5.600000 7.000000
      vertex 130.760000 5.600000 9.600000
      vertex 133.060000 5.600000 9.600000
    endloop
  endfacet
  facet normal 0.000000 -1.000000 0.000000
    outer loop
      vertex 130.760000 5.600000 7.000000
      vertex 133.060000 5.600000 9.600000
      vertex 133.060000 5.600000 7.000000
    endloop
  endfacet
  facet normal 0.000000 1.000000 0.000000
    outer loop
      vertex 130.760000 8.000000 7.000000
      vertex 133.060000 8.000000 7.000000
      vertex 133.060000 8.000000 9.600000
    endloop
  endfacet
  facet normal 0.000000 1.000000 0.000000
    outer loop
      vertex 130.760000 8.000000 7.000000
      vertex 133.060000 8.000000 9.600000
      vertex 130.760000 8.000000 9.600000
    endloop
  endfacet
  facet normal 0.000000 0.000000 1.000000
    outer loop
      vertex 130.760000 5.600000 9.600000
      vertex 130.760000 8.000000 9.600000
      vertex 133.060000 8.000000 9.600000
    endloop
  endfacet
  facet normal 0.000000 0.000000 1.000000
    outer loop
      vertex 130.760000 5.600000 9.600000
      vertex 133.060000 8.000000 9.600000
      vertex 133.060000 5.600000 9.600000
    endloop
  endfacet
  facet normal 0.000000 0.000000 -1.000000
    outer loop
      vertex 130.760000 8.000000 0.000000
      vertex 133.060000 8.000000 0.000000
      vertex 133.060000 10.300000 0.000000
    endloop
  endfacet
  facet normal 0.000000 0.000000 -1.000000
    outer loop
      vertex 130.760000 8.000000 0.000000
      vertex 133.060000 10.300000 0.000000
      vertex 130.760000 10.300000 0.000000
    endloop
  endfacet
  facet normal 0.000000 0.000000 1.000000
    outer loop
      vertex 130.760000 8.000000 3.000000
      vertex 130.760000 10.300000 3.000000
      vertex 133.060000 10.300000 3.000000
    endloop
  endfacet
  facet normal 0.000000 0.000000 1.000000
    outer loop
      vertex 130.760000 8.000000 3.000000
      vertex 133.060000 10.300000 3.000000
      vertex 133.060000 8.000000 3.000000
    endloop
  endfacet
  facet normal 0.000000 0.000000 -1.000000
    outer loop
      vertex 130.760000 10.300000 0.000000
      vertex 133.060000 10.300000 0.000000
      vertex 133.060000 15.000000 0.000000
    endloop
  endfacet
  facet normal 0.000000 0.000000 -1.000000
    outer loop
      vertex 130.760000 10.300000 0.000000
      vertex 133.060000 15.000000 0.000000
      vertex 130.760000 15.000000 0.000000
    endloop
  endfacet
  facet normal 0.000000 0.000000 1.000000
    outer loop
      vertex 130.760000 10.300000 3.000000
      vertex 130.760000 15.000000 3.000000
      vertex 133.060000 15.000000 3.000000
    endloop
  endfacet
  facet normal 0.000000 0.000000 1.000000
    outer loop
      vertex 130.760000 10.300000 3.000000
      vertex 133.060000 15.000000 3.000000
      vertex 133.060000 10.300000 3.000000
    endloop
  endfacet
  facet normal 0.000000 0.000000 -1.000000
    outer loop
      vertex 130.760000 15.000000 0.000000
      vertex 133.060000 15.000000 0.000000
      vertex 133.060000 18.300000 0.000000
    endloop
  endfacet
  facet normal 0.000000 0.000000 -1.000000
    outer loop
      vertex 130.760000 15.000000 0.000000
      vertex 133.060000 18.300000 0.000000
      vertex 130.760000 18.300000 0.000000
    endloop
  endfacet
  facet normal 0.000000 0.000000 1.000000
    outer loop
      vertex 130.760000 15.000000 3.000000
      vertex 130.760000 18.300000 3.000000
      vertex 133.060000 18.300000 3.000000
    endloop
  endfacet
  facet normal 0.000000 0.000000 1.000000
    outer loop
      vertex 130.760000 15.000000 3.000000
      vertex 133.060000 18.300000 3.000000
      vertex 133.060000 15.000000 3.000000
    endloop
  endfacet
  facet normal 0.000000 0.000000 -1.000000
    outer loop
      vertex 130.760000 18.300000 0.000000
      vertex 133.060000 18.300000 0.000000
      vertex 133.060000 19.000000 0.000000
    endloop
  endfacet
  facet normal 0.000000 0.000000 -1.000000
    outer loop
      vertex 130.760000 18.300000 0.000000
      vertex 133.060000 19.000000 0.000000
      vertex 130.760000 19.000000 0.000000
    endloop
  endfacet
  facet normal 0.000000 0.000000 1.000000
    outer loop
      vertex 130.760000 18.300000 3.000000
      vertex 130.760000 19.000000 3.000000
      vertex 133.060000 19.000000 3.000000
    endloop
  endfacet
  facet normal 0.000000 0.000000 1.000000
    outer loop
      vertex 130.760000 18.300000 3.000000
      vertex 133.060000 19.000000 3.000000
      vertex 133.060000 18.300000 3.000000
    endloop
  endfacet
  facet normal 0.000000 0.000000 -1.000000
    outer loop
      vertex 130.760000 19.000000 0.000000
      vertex 133.060000 19.000000 0.000000
      vertex 133.060000 53.480000 0.000000
    endloop
  endfacet
  facet normal 0.000000 0.000000 -1.000000
    outer loop
      vertex 130.760000 19.000000 0.000000
      vertex 133.060000 53.480000 0.000000
      vertex 130.760000 53.480000 0.000000
    endloop
  endfacet
  facet normal 0.000000 0.000000 1.000000
    outer loop
      vertex 130.760000 19.000000 3.000000
      vertex 130.760000 53.480000 3.000000
      vertex 133.060000 53.480000 3.000000
    endloop
  endfacet
  facet normal 0.000000 0.000000 1.000000
    outer loop
      vertex 130.760000 19.000000 3.000000
      vertex 133.060000 53.480000 3.000000
      vertex 133.060000 19.000000 3.000000
    endloop
  endfacet
  facet normal 0.000000 0.000000 -1.000000
    outer loop
      vertex 130.760000 53.480000 0.000000
      vertex 133.060000 53.480000 0.000000
      vertex 133.060000 54.180000 0.000000
    endloop
  endfacet
  facet normal 0.000000 0.000000 -1.000000
    outer loop
      vertex 130.760000 53.480000 0.000000
      vertex 133.060000 54.180000 0.000000
      vertex 130.760000 54.180000 0.000000
    endloop
  endfacet
  facet normal 0.000000 0.000000 1.000000
    outer loop
      vertex 130.760000 53.480000 3.000000
      vertex 130.760000 54.180000 3.000000
      vertex 133.060000 54.180000 3.000000
    endloop
  endfacet
  facet normal 0.000000 0.000000 1.000000
    outer loop
      vertex 130.760000 53.480000 3.000000
      vertex 133.060000 54.180000 3.000000
      vertex 133.060000 53.480000 3.000000
    endloop
  endfacet
  facet normal 0.000000 0.000000 -1.000000
    outer loop
      vertex 130.760000 54.180000 0.000000
      vertex 133.060000 54.180000 0.000000
      vertex 133.060000 57.480000 0.000000
    endloop
  endfacet
  facet normal 0.000000 0.000000 -1.000000
    outer loop
      vertex 130.760000 54.180000 0.000000
      vertex 133.060000 57.480000 0.000000
      vertex 130.760000 57.480000 0.000000
    endloop
  endfacet
  facet normal 0.000000 0.000000 1.000000
    outer loop
      vertex 130.760000 54.180000 3.000000
      vertex 130.760000 57.480000 3.000000
      vertex 133.060000 57.480000 3.000000
    endloop
  endfacet
  facet normal 0.000000 0.000000 1.000000
    outer loop
      vertex 130.760000 54.180000 3.000000
      vertex 133.060000 57.480000 3.000000
      vertex 133.060000 54.180000 3.000000
    endloop
  endfacet
  facet normal 0.000000 0.000000 -1.000000
    outer loop
      vertex 130.760000 57.480000 0.000000
      vertex 133.060000 57.480000 0.000000
      vertex 133.060000 62.180000 0.000000
    endloop
  endfacet
  facet normal 0.000000 0.000000 -1.000000
    outer loop
      vertex 130.760000 57.480000 0.000000
      vertex 133.060000 62.180000 0.000000
      vertex 130.760000 62.180000 0.000000
    endloop
  endfacet
  facet normal 0.000000 0.000000 1.000000
    outer loop
      vertex 130.760000 57.480000 3.000000
      vertex 130.760000 62.180000 3.000000
      vertex 133.060000 62.180000 3.000000
    endloop
  endfacet
  facet normal 0.000000 0.000000 1.000000
    outer loop
      vertex 130.760000 57.480000 3.000000
      vertex 133.060000 62.180000 3.000000
      vertex 133.060000 57.480000 3.000000
    endloop
  endfacet
  facet normal 0.000000 0.000000 -1.000000
    outer loop
      vertex 130.760000 62.180000 0.000000
      vertex 133.060000 62.180000 0.000000
      vertex 133.060000 64.480000 0.000000
    endloop
  endfacet
  facet normal 0.000000 0.000000 -1.000000
    outer loop
      vertex 130.760000 62.180000 0.000000
      vertex 133.060000 64.480000 0.000000
      vertex 130.760000 64.480000 0.000000
    endloop
  endfacet
  facet normal 0.000000 0.000000 1.000000
    outer loop
      vertex 130.760000 62.180000 3.000000
      vertex 130.760000 64.480000 3.000000
      vertex 133.060000 64.480000 3.000000
    endloop
  endfacet
  facet normal 0.000000 0.000000 1.000000
    outer loop
      vertex 130.760000 62.180000 3.000000
      vertex 133.060000 64.480000 3.000000
      vertex 133.060000 62.180000 3.000000
    endloop
  endfacet
  facet normal 0.000000 0.000000 -1.000000
    outer loop
      vertex 130.760000 64.480000 0.000000
      vertex 133.060000 64.480000 0.000000
      vertex 133.060000 66.880000 0.000000
    endloop
  endfacet
  facet normal 0.000000 0.000000 -1.000000
    outer loop
      vertex 130.760000 64.480000 0.000000
      vertex 133.060000 66.880000 0.000000
      vertex 130.760000 66.880000 0.000000
    endloop
  endfacet
  facet normal 0.000000 -1.000000 0.000000
    outer loop
      vertex 130.760000 64.480000 3.000000
      vertex 130.760000 64.480000 7.000000
      vertex 133.060000 64.480000 7.000000
    endloop
  endfacet
  facet normal 0.000000 -1.000000 0.000000
    outer loop
      vertex 130.760000 64.480000 3.000000
      vertex 133.060000 64.480000 7.000000
      vertex 133.060000 64.480000 3.000000
    endloop
  endfacet
  facet normal 0.000000 1.000000 0.000000
    outer loop
      vertex 130.760000 66.880000 3.000000
      vertex 133.060000 66.880000 3.000000
      vertex 133.060000 66.880000 7.000000
    endloop
  endfacet
  facet normal 0.000000 1.000000 0.000000
    outer loop
      vertex 130.760000 66.880000 3.000000
      vertex 133.060000 66.880000 7.000000
      vertex 130.760000 66.880000 7.000000
    endloop
  endfacet
  facet normal 0.000000 -1.000000 0.000000
    outer loop
      vertex 130.760000 64.480000 7.000000
      vertex 130.760000 64.480000 9.600000
      vertex 133.060000 64.480000 9.600000
    endloop
  endfacet
  facet normal 0.000000 -1.000000 0.000000
    outer loop
      vertex 130.760000 64.480000 7.000000
      vertex 133.060000 64.480000 9.600000
      vertex 133.060000 64.480000 7.000000
    endloop
  endfacet
  facet normal 0.000000 1.000000 0.000000
    outer loop
      vertex 130.760000 66.880000 7.000000
      vertex 133.060000 66.880000 7.000000
      vertex 133.060000 66.880000 9.600000
    endloop
  endfacet
  facet normal 0.000000 1.000000 0.000000
    outer loop
      vertex 130.760000 66.880000 7.000000
      vertex 133.060000 66.880000 9.600000
      vertex 130.760000 66.880000 9.600000
    endloop
  endfacet
  facet normal 0.000000 0.000000 1.000000
    outer loop
      vertex 130.760000 64.480000 9.600000
      vertex 130.760000 66.880000 9.600000
      vertex 133.060000 66.880000 9.600000
    endloop
  endfacet
  facet normal 0.000000 0.000000 1.000000
    outer loop
      vertex 130.760000 64.480000 9.600000
      vertex 133.060000 66.880000 9.600000
      vertex 133.060000 64.480000 9.600000
    endloop
  endfacet
  facet normal 0.000000 1.000000 0.000000
    outer loop
      vertex 130.760000 72.480000 0.000000
      vertex 133.060000 72.480000 0.000000
      vertex 133.060000 72.480000 3.000000
    endloop
  endfacet
  facet normal 0.000000 1.000000 0.000000
    outer loop
      vertex 130.760000 72.480000 0.000000
      vertex 133.060000 72.480000 3.000000
      vertex 130.760000 72.480000 3.000000
    endloop
  endfacet
  facet normal 0.000000 0.000000 -1.000000
    outer loop
      vertex 130.760000 66.880000 0.000000
      vertex 133.060000 66.880000 0.000000
      vertex 133.060000 72.480000 0.000000
    endloop
  endfacet
  facet normal 0.000000 0.000000 -1.000000
    outer loop
      vertex 130.760000 66.880000 0.000000
      vertex 133.060000 72.480000 0.000000
      vertex 130.760000 72.480000 0.000000
    endloop
  endfacet
  facet normal 0.000000 0.000000 1.000000
    outer loop
      vertex 130.760000 66.880000 3.000000
      vertex 130.760000 72.480000 3.000000
      vertex 133.060000 72.480000 3.000000
    endloop
  endfacet
  facet normal 0.000000 0.000000 1.000000
    outer loop
      vertex 130.760000 66.880000 3.000000
      vertex 133.060000 72.480000 3.000000
      vertex 133.060000 66.880000 3.000000
    endloop
  endfacet
  facet normal 0.000000 -1.000000 0.000000
    outer loop
      vertex 133.060000 0.000000 0.000000
      vertex 133.060000 0.000000 3.000000
      vertex 135.460000 0.000000 3.000000
    endloop
  endfacet
  facet normal 0.000000 -1.000000 0.000000
    outer loop
      vertex 133.060000 0.000000 0.000000
      vertex 135.460000 0.000000 3.000000
      vertex 135.460000 0.000000 0.000000
    endloop
  endfacet
  facet normal 0.000000 0.000000 -1.000000
    outer loop
      vertex 133.060000 0.000000 0.000000
      vertex 135.460000 0.000000 0.000000
      vertex 135.460000 5.600000 0.000000
    endloop
  endfacet
  facet normal 0.000000 0.000000 -1.000000
    outer loop
      vertex 133.060000 0.000000 0.000000
      vertex 135.460000 5.600000 0.000000
      vertex 133.060000 5.600000 0.000000
    endloop
  endfacet
  facet normal 0.000000 0.000000 1.000000
    outer loop
      vertex 133.060000 0.000000 3.000000
      vertex 133.060000 5.600000 3.000000
      vertex 135.460000 5.600000 3.000000
    endloop
  endfacet
  facet normal 0.000000 0.000000 1.000000
    outer loop
      vertex 133.060000 0.000000 3.000000
      vertex 135.460000 5.600000 3.000000
      vertex 135.460000 0.000000 3.000000
    endloop
  endfacet
  facet normal 0.000000 0.000000 -1.000000
    outer loop
      vertex 133.060000 5.600000 0.000000
      vertex 135.460000 5.600000 0.000000
      vertex 135.460000 8.000000 0.000000
    endloop
  endfacet
  facet normal 0.000000 0.000000 -1.000000
    outer loop
      vertex 133.060000 5.600000 0.000000
      vertex 135.460000 8.000000 0.000000
      vertex 133.060000 8.000000 0.000000
    endloop
  endfacet
  facet normal 1.000000 0.000000 0.000000
    outer loop
      vertex 135.460000 5.600000 3.000000
      vertex 135.460000 5.600000 7.000000
      vertex 135.460000 8.000000 7.000000
    endloop
  endfacet
  facet normal 1.000000 0.000000 0.000000
    outer loop
      vertex 135.460000 5.600000 3.000000
      vertex 135.460000 8.000000 7.000000
      vertex 135.460000 8.000000 3.000000
    endloop
  endfacet
  facet normal 0.000000 -1.000000 0.000000
    outer loop
      vertex 133.060000 5.600000 3.000000
      vertex 133.060000 5.600000 7.000000
      vertex 135.460000 5.600000 7.000000
    endloop
  endfacet
  facet normal 0.000000 -1.000000 0.000000
    outer loop
      vertex 133.060000 5.600000 3.000000
      vertex 135.460000 5.600000 7.000000
      vertex 135.460000 5.600000 3.000000
    endloop
  endfacet
  facet normal 1.000000 0.000000 0.000000
    outer loop
      vertex 135.460000 5.600000 7.000000
      vertex 135.460000 5.600000 9.600000
      vertex 135.460000 8.000000 9.600000
    endloop
  endfacet
  facet normal 1.000000 0.000000 0.000000
    outer loop
      vertex 135.460000 5.600000 7.000000
      vertex 135.460000 8.000000 9.600000
      vertex 135.460000 8.000000 7.000000
    endloop
  endfacet
  facet normal 0.000000 -1.000000 0.000000
    outer loop
      vertex 133.060000 5.600000 7.000000
      vertex 133.060000 5.600000 9.600000
      vertex 135.460000 5.600000 9.600000
    endloop
  endfacet
  facet normal 0.000000 -1.000000 0.000000
    outer loop
      vertex 133.060000 5.600000 7.000000
      vertex 135.460000 5.600000 9.600000
      vertex 135.460000 5.600000 7.000000
    endloop
  endfacet
  facet normal 0.000000 0.000000 1.000000
    outer loop
      vertex 133.060000 5.600000 9.600000
      vertex 133.060000 8.000000 9.600000
      vertex 135.460000 8.000000 9.600000
    endloop
  endfacet
  facet normal 0.000000 0.000000 1.000000
    outer loop
      vertex 133.060000 5.600000 9.600000
      vertex 135.460000 8.000000 9.600000
      vertex 135.460000 5.600000 9.600000
    endloop
  endfacet
  facet normal 0.000000 0.000000 -1.000000
    outer loop
      vertex 133.060000 8.000000 0.000000
      vertex 135.460000 8.000000 0.000000
      vertex 135.460000 10.300000 0.000000
    endloop
  endfacet
  facet normal 0.000000 0.000000 -1.000000
    outer loop
      vertex 133.060000 8.000000 0.000000
      vertex 135.460000 10.300000 0.000000
      vertex 133.060000 10.300000 0.000000
    endloop
  endfacet
  facet normal -1.000000 0.000000 0.000000
    outer loop
      vertex 133.060000 8.000000 3.000000
      vertex 133.060000 10.300000 3.000000
      vertex 133.060000 10.300000 7.000000
    endloop
  endfacet
  facet normal -1.000000 0.000000 0.000000
    outer loop
      vertex 133.060000 8.000000 3.000000
      vertex 133.060000 10.300000 7.000000
      vertex 133.060000 8.000000 7.000000
    endloop
  endfacet
  facet normal 1.000000 0.000000 0.000000
    outer loop
      vertex 135.460000 8.000000 3.000000
      vertex 135.460000 8.000000 7.000000
      vertex 135.460000 10.300000 7.000000
    endloop
  endfacet
  facet normal 1.000000 0.000000 0.000000
    outer loop
      vertex 135.460000 8.000000 3.000000
      vertex 135.460000 10.300000 7.000000
      vertex 135.460000 10.300000 3.000000
    endloop
  endfacet
  facet normal -1.000000 0.000000 0.000000
    outer loop
      vertex 133.060000 8.000000 7.000000
      vertex 133.060000 10.300000 7.000000
      vertex 133.060000 10.300000 9.600000
    endloop
  endfacet
  facet normal -1.000000 0.000000 0.000000
    outer loop
      vertex 133.060000 8.000000 7.000000
      vertex 133.060000 10.300000 9.600000
      vertex 133.060000 8.000000 9.600000
    endloop
  endfacet
  facet normal 1.000000 0.000000 0.000000
    outer loop
      vertex 135.460000 8.000000 7.000000
      vertex 135.460000 8.000000 9.600000
      vertex 135.460000 10.300000 9.600000
    endloop
  endfacet
  facet normal 1.000000 0.000000 0.000000
    outer loop
      vertex 135.460000 8.000000 7.000000
      vertex 135.460000 10.300000 9.600000
      vertex 135.460000 10.300000 7.000000
    endloop
  endfacet
  facet normal 0.000000 0.000000 1.000000
    outer loop
      vertex 133.060000 8.000000 9.600000
      vertex 133.060000 10.300000 9.600000
      vertex 135.460000 10.300000 9.600000
    endloop
  endfacet
  facet normal 0.000000 0.000000 1.000000
    outer loop
      vertex 133.060000 8.000000 9.600000
      vertex 135.460000 10.300000 9.600000
      vertex 135.460000 8.000000 9.600000
    endloop
  endfacet
  facet normal 0.000000 0.000000 -1.000000
    outer loop
      vertex 133.060000 10.300000 0.000000
      vertex 135.460000 10.300000 0.000000
      vertex 135.460000 15.000000 0.000000
    endloop
  endfacet
  facet normal 0.000000 0.000000 -1.000000
    outer loop
      vertex 133.060000 10.300000 0.000000
      vertex 135.460000 15.000000 0.000000
      vertex 133.060000 15.000000 0.000000
    endloop
  endfacet
  facet normal -1.000000 0.000000 0.000000
    outer loop
      vertex 133.060000 10.300000 3.000000
      vertex 133.060000 15.000000 3.000000
      vertex 133.060000 15.000000 7.000000
    endloop
  endfacet
  facet normal -1.000000 0.000000 0.000000
    outer loop
      vertex 133.060000 10.300000 3.000000
      vertex 133.060000 15.000000 7.000000
      vertex 133.060000 10.300000 7.000000
    endloop
  endfacet
  facet normal 1.000000 0.000000 0.000000
    outer loop
      vertex 135.460000 10.300000 3.000000
      vertex 135.460000 10.300000 7.000000
      vertex 135.460000 15.000000 7.000000
    endloop
  endfacet
  facet normal 1.000000 0.000000 0.000000
    outer loop
      vertex 135.460000 10.300000 3.000000
      vertex 135.460000 15.000000 7.000000
      vertex 135.460000 15.000000 3.000000
    endloop
  endfacet
  facet normal -1.000000 0.000000 0.000000
    outer loop
      vertex 133.060000 10.300000 7.000000
      vertex 133.060000 15.000000 7.000000
      vertex 133.060000 15.000000 9.600000
    endloop
  endfacet
  facet normal -1.000000 0.000000 0.000000
    outer loop
      vertex 133.060000 10.300000 7.000000
      vertex 133.060000 15.000000 9.600000
      vertex 133.060000 10.300000 9.600000
    endloop
  endfacet
  facet normal 1.000000 0.000000 0.000000
    outer loop
      vertex 135.460000 10.300000 7.000000
      vertex 135.460000 10.300000 9.600000
      vertex 135.460000 15.000000 9.600000
    endloop
  endfacet
  facet normal 1.000000 0.000000 0.000000
    outer loop
      vertex 135.460000 10.300000 7.000000
      vertex 135.460000 15.000000 9.600000
      vertex 135.460000 15.000000 7.000000
    endloop
  endfacet
  facet normal 0.000000 0.000000 1.000000
    outer loop
      vertex 133.060000 10.300000 9.600000
      vertex 133.060000 15.000000 9.600000
      vertex 135.460000 15.000000 9.600000
    endloop
  endfacet
  facet normal 0.000000 0.000000 1.000000
    outer loop
      vertex 133.060000 10.300000 9.600000
      vertex 135.460000 15.000000 9.600000
      vertex 135.460000 10.300000 9.600000
    endloop
  endfacet
  facet normal 0.000000 0.000000 -1.000000
    outer loop
      vertex 133.060000 15.000000 0.000000
      vertex 135.460000 15.000000 0.000000
      vertex 135.460000 18.300000 0.000000
    endloop
  endfacet
  facet normal 0.000000 0.000000 -1.000000
    outer loop
      vertex 133.060000 15.000000 0.000000
      vertex 135.460000 18.300000 0.000000
      vertex 133.060000 18.300000 0.000000
    endloop
  endfacet
  facet normal -1.000000 0.000000 0.000000
    outer loop
      vertex 133.060000 15.000000 3.000000
      vertex 133.060000 18.300000 3.000000
      vertex 133.060000 18.300000 7.000000
    endloop
  endfacet
  facet normal -1.000000 0.000000 0.000000
    outer loop
      vertex 133.060000 15.000000 3.000000
      vertex 133.060000 18.300000 7.000000
      vertex 133.060000 15.000000 7.000000
    endloop
  endfacet
  facet normal 1.000000 0.000000 0.000000
    outer loop
      vertex 135.460000 15.000000 3.000000
      vertex 135.460000 15.000000 7.000000
      vertex 135.460000 18.300000 7.000000
    endloop
  endfacet
  facet normal 1.000000 0.000000 0.000000
    outer loop
      vertex 135.460000 15.000000 3.000000
      vertex 135.460000 18.300000 7.000000
      vertex 135.460000 18.300000 3.000000
    endloop
  endfacet
  facet normal -1.000000 0.000000 0.000000
    outer loop
      vertex 133.060000 15.000000 7.000000
      vertex 133.060000 18.300000 7.000000
      vertex 133.060000 18.300000 9.600000
    endloop
  endfacet
  facet normal -1.000000 0.000000 0.000000
    outer loop
      vertex 133.060000 15.000000 7.000000
      vertex 133.060000 18.300000 9.600000
      vertex 133.060000 15.000000 9.600000
    endloop
  endfacet
  facet normal 1.000000 0.000000 0.000000
    outer loop
      vertex 135.460000 15.000000 7.000000
      vertex 135.460000 15.000000 9.600000
      vertex 135.460000 18.300000 9.600000
    endloop
  endfacet
  facet normal 1.000000 0.000000 0.000000
    outer loop
      vertex 135.460000 15.000000 7.000000
      vertex 135.460000 18.300000 9.600000
      vertex 135.460000 18.300000 7.000000
    endloop
  endfacet
  facet normal 0.000000 0.000000 1.000000
    outer loop
      vertex 133.060000 15.000000 9.600000
      vertex 133.060000 18.300000 9.600000
      vertex 135.460000 18.300000 9.600000
    endloop
  endfacet
  facet normal 0.000000 0.000000 1.000000
    outer loop
      vertex 133.060000 15.000000 9.600000
      vertex 135.460000 18.300000 9.600000
      vertex 135.460000 15.000000 9.600000
    endloop
  endfacet
  facet normal 0.000000 0.000000 -1.000000
    outer loop
      vertex 133.060000 18.300000 0.000000
      vertex 135.460000 18.300000 0.000000
      vertex 135.460000 19.000000 0.000000
    endloop
  endfacet
  facet normal 0.000000 0.000000 -1.000000
    outer loop
      vertex 133.060000 18.300000 0.000000
      vertex 135.460000 19.000000 0.000000
      vertex 133.060000 19.000000 0.000000
    endloop
  endfacet
  facet normal -1.000000 0.000000 0.000000
    outer loop
      vertex 133.060000 18.300000 3.000000
      vertex 133.060000 19.000000 3.000000
      vertex 133.060000 19.000000 7.000000
    endloop
  endfacet
  facet normal -1.000000 0.000000 0.000000
    outer loop
      vertex 133.060000 18.300000 3.000000
      vertex 133.060000 19.000000 7.000000
      vertex 133.060000 18.300000 7.000000
    endloop
  endfacet
  facet normal 1.000000 0.000000 0.000000
    outer loop
      vertex 135.460000 18.300000 3.000000
      vertex 135.460000 18.300000 7.000000
      vertex 135.460000 19.000000 7.000000
    endloop
  endfacet
  facet normal 1.000000 0.000000 0.000000
    outer loop
      vertex 135.460000 18.300000 3.000000
      vertex 135.460000 19.000000 7.000000
      vertex 135.460000 19.000000 3.000000
    endloop
  endfacet
  facet normal 0.000000 1.000000 0.000000
    outer loop
      vertex 133.060000 19.000000 3.000000
      vertex 135.460000 19.000000 3.000000
      vertex 135.460000 19.000000 7.000000
    endloop
  endfacet
  facet normal 0.000000 1.000000 0.000000
    outer loop
      vertex 133.060000 19.000000 3.000000
      vertex 135.460000 19.000000 7.000000
      vertex 133.060000 19.000000 7.000000
    endloop
  endfacet
  facet normal -1.000000 0.000000 0.000000
    outer loop
      vertex 133.060000 18.300000 7.000000
      vertex 133.060000 19.000000 7.000000
      vertex 133.060000 19.000000 9.600000
    endloop
  endfacet
  facet normal -1.000000 0.000000 0.000000
    outer loop
      vertex 133.060000 18.300000 7.000000
      vertex 133.060000 19.000000 9.600000
      vertex 133.060000 18.300000 9.600000
    endloop
  endfacet
  facet normal 1.000000 0.000000 0.000000
    outer loop
      vertex 135.460000 18.300000 7.000000
      vertex 135.460000 18.300000 9.600000
      vertex 135.460000 19.000000 9.600000
    endloop
  endfacet
  facet normal 1.000000 0.000000 0.000000
    outer loop
      vertex 135.460000 18.300000 7.000000
      vertex 135.460000 19.000000 9.600000
      vertex 135.460000 19.000000 7.000000
    endloop
  endfacet
  facet normal 0.000000 1.000000 0.000000
    outer loop
      vertex 133.060000 19.000000 7.000000
      vertex 135.460000 19.000000 7.000000
      vertex 135.460000 19.000000 9.600000
    endloop
  endfacet
  facet normal 0.000000 1.000000 0.000000
    outer loop
      vertex 133.060000 19.000000 7.000000
      vertex 135.460000 19.000000 9.600000
      vertex 133.060000 19.000000 9.600000
    endloop
  endfacet
  facet normal 0.000000 0.000000 1.000000
    outer loop
      vertex 133.060000 18.300000 9.600000
      vertex 133.060000 19.000000 9.600000
      vertex 135.460000 19.000000 9.600000
    endloop
  endfacet
  facet normal 0.000000 0.000000 1.000000
    outer loop
      vertex 133.060000 18.300000 9.600000
      vertex 135.460000 19.000000 9.600000
      vertex 135.460000 18.300000 9.600000
    endloop
  endfacet
  facet normal 0.000000 0.000000 -1.000000
    outer loop
      vertex 133.060000 19.000000 0.000000
      vertex 135.460000 19.000000 0.000000
      vertex 135.460000 53.480000 0.000000
    endloop
  endfacet
  facet normal 0.000000 0.000000 -1.000000
    outer loop
      vertex 133.060000 19.000000 0.000000
      vertex 135.460000 53.480000 0.000000
      vertex 133.060000 53.480000 0.000000
    endloop
  endfacet
  facet normal 0.000000 0.000000 1.000000
    outer loop
      vertex 133.060000 19.000000 3.000000
      vertex 133.060000 53.480000 3.000000
      vertex 135.460000 53.480000 3.000000
    endloop
  endfacet
  facet normal 0.000000 0.000000 1.000000
    outer loop
      vertex 133.060000 19.000000 3.000000
      vertex 135.460000 53.480000 3.000000
      vertex 135.460000 19.000000 3.000000
    endloop
  endfacet
  facet normal 0.000000 0.000000 -1.000000
    outer loop
      vertex 133.060000 53.480000 0.000000
      vertex 135.460000 53.480000 0.000000
      vertex 135.460000 54.180000 0.000000
    endloop
  endfacet
  facet normal 0.000000 0.000000 -1.000000
    outer loop
      vertex 133.060000 53.480000 0.000000
      vertex 135.460000 54.180000 0.000000
      vertex 133.060000 54.180000 0.000000
    endloop
  endfacet
  facet normal -1.000000 0.000000 0.000000
    outer loop
      vertex 133.060000 53.480000 3.000000
      vertex 133.060000 54.180000 3.000000
      vertex 133.060000 54.180000 7.000000
    endloop
  endfacet
  facet normal -1.000000 0.000000 0.000000
    outer loop
      vertex 133.060000 53.480000 3.000000
      vertex 133.060000 54.180000 7.000000
      vertex 133.060000 53.480000 7.000000
    endloop
  endfacet
  facet normal 1.000000 0.000000 0.000000
    outer loop
      vertex 135.460000 53.480000 3.000000
      vertex 135.460000 53.480000 7.000000
      vertex 135.460000 54.180000 7.000000
    endloop
  endfacet
  facet normal 1.000000 0.000000 0.000000
    outer loop
      vertex 135.460000 53.480000 3.000000
      vertex 135.460000 54.180000 7.000000
      vertex 135.460000 54.180000 3.000000
    endloop
  endfacet
  facet normal 0.000000 -1.000000 0.000000
    outer loop
      vertex 133.060000 53.480000 3.000000
      vertex 133.060000 53.480000 7.000000
      vertex 135.460000 53.480000 7.000000
    endloop
  endfacet
  facet normal 0.000000 -1.000000 0.000000
    outer loop
      vertex 133.060000 53.480000 3.000000
      vertex 135.460000 53.480000 7.000000
      vertex 135.460000 53.480000 3.000000
    endloop
  endfacet
  facet normal -1.000000 0.000000 0.000000
    outer loop
      vertex 133.060000 53.480000 7.000000
      vertex 133.060000 54.180000 7.000000
      vertex 133.060000 54.180000 9.600000
    endloop
  endfacet
  facet normal -1.000000 0.000000 0.000000
    outer loop
      vertex 133.060000 53.480000 7.000000
      vertex 133.060000 54.180000 9.600000
      vertex 133.060000 53.480000 9.600000
    endloop
  endfacet
  facet normal 1.000000 0.000000 0.000000
    outer loop
      vertex 135.460000 53.480000 7.000000
      vertex 135.460000 53.480000 9.600000
      vertex 135.460000 54.180000 9.600000
    endloop
  endfacet
  facet normal 1.000000 0.000000 0.000000
    outer loop
      vertex 135.460000 53.480000 7.000000
      vertex 135.460000 54.180000 9.600000
      vertex 135.460000 54.180000 7.000000
    endloop
  endfacet
  facet normal 0.000000 -1.000000 0.000000
    outer loop
      vertex 133.060000 53.480000 7.000000
      vertex 133.060000 53.480000 9.600000
      vertex 135.460000 53.480000 9.600000
    endloop
  endfacet
  facet normal 0.000000 -1.000000 0.000000
    outer loop
      vertex 133.060000 53.480000 7.000000
      vertex 135.460000 53.480000 9.600000
      vertex 135.460000 53.480000 7.000000
    endloop
  endfacet
  facet normal 0.000000 0.000000 1.000000
    outer loop
      vertex 133.060000 53.480000 9.600000
      vertex 133.060000 54.180000 9.600000
      vertex 135.460000 54.180000 9.600000
    endloop
  endfacet
  facet normal 0.000000 0.000000 1.000000
    outer loop
      vertex 133.060000 53.480000 9.600000
      vertex 135.460000 54.180000 9.600000
      vertex 135.460000 53.480000 9.600000
    endloop
  endfacet
  facet normal 0.000000 0.000000 -1.000000
    outer loop
      vertex 133.060000 54.180000 0.000000
      vertex 135.460000 54.180000 0.000000
      vertex 135.460000 57.480000 0.000000
    endloop
  endfacet
  facet normal 0.000000 0.000000 -1.000000
    outer loop
      vertex 133.060000 54.180000 0.000000
      vertex 135.460000 57.480000 0.000000
      vertex 133.060000 57.480000 0.000000
    endloop
  endfacet
  facet normal -1.000000 0.000000 0.000000
    outer loop
      vertex 133.060000 54.180000 3.000000
      vertex 133.060000 57.480000 3.000000
      vertex 133.060000 57.480000 7.000000
    endloop
  endfacet
  facet normal -1.000000 0.000000 0.000000
    outer loop
      vertex 133.060000 54.180000 3.000000
      vertex 133.060000 57.480000 7.000000
      vertex 133.060000 54.180000 7.000000
    endloop
  endfacet
  facet normal 1.000000 0.000000 0.000000
    outer loop
      vertex 135.460000 54.180000 3.000000
      vertex 135.460000 54.180000 7.000000
      vertex 135.460000 57.480000 7.000000
    endloop
  endfacet
  facet normal 1.000000 0.000000 0.000000
    outer loop
      vertex 135.460000 54.180000 3.000000
      vertex 135.460000 57.480000 7.000000
      vertex 135.460000 57.480000 3.000000
    endloop
  endfacet
  facet normal -1.000000 0.000000 0.000000
    outer loop
      vertex 133.060000 54.180000 7.000000
      vertex 133.060000 57.480000 7.000000
      vertex 133.060000 57.480000 9.600000
    endloop
  endfacet
  facet normal -1.000000 0.000000 0.000000
    outer loop
      vertex 133.060000 54.180000 7.000000
      vertex 133.060000 57.480000 9.600000
      vertex 133.060000 54.180000 9.600000
    endloop
  endfacet
  facet normal 1.000000 0.000000 0.000000
    outer loop
      vertex 135.460000 54.180000 7.000000
      vertex 135.460000 54.180000 9.600000
      vertex 135.460000 57.480000 9.600000
    endloop
  endfacet
  facet normal 1.000000 0.000000 0.000000
    outer loop
      vertex 135.460000 54.180000 7.000000
      vertex 135.460000 57.480000 9.600000
      vertex 135.460000 57.480000 7.000000
    endloop
  endfacet
  facet normal 0.000000 0.000000 1.000000
    outer loop
      vertex 133.060000 54.180000 9.600000
      vertex 133.060000 57.480000 9.600000
      vertex 135.460000 57.480000 9.600000
    endloop
  endfacet
  facet normal 0.000000 0.000000 1.000000
    outer loop
      vertex 133.060000 54.180000 9.600000
      vertex 135.460000 57.480000 9.600000
      vertex 135.460000 54.180000 9.600000
    endloop
  endfacet
  facet normal 0.000000 0.000000 -1.000000
    outer loop
      vertex 133.060000 57.480000 0.000000
      vertex 135.460000 57.480000 0.000000
      vertex 135.460000 62.180000 0.000000
    endloop
  endfacet
  facet normal 0.000000 0.000000 -1.000000
    outer loop
      vertex 133.060000 57.480000 0.000000
      vertex 135.460000 62.180000 0.000000
      vertex 133.060000 62.180000 0.000000
    endloop
  endfacet
  facet normal -1.000000 0.000000 0.000000
    outer loop
      vertex 133.060000 57.480000 3.000000
      vertex 133.060000 62.180000 3.000000
      vertex 133.060000 62.180000 7.000000
    endloop
  endfacet
  facet normal -1.000000 0.000000 0.000000
    outer loop
      vertex 133.060000 57.480000 3.000000
      vertex 133.060000 62.180000 7.000000
      vertex 133.060000 57.480000 7.000000
    endloop
  endfacet
  facet normal 1.000000 0.000000 0.000000
    outer loop
      vertex 135.460000 57.480000 3.000000
      vertex 135.460000 57.480000 7.000000
      vertex 135.460000 62.180000 7.000000
    endloop
  endfacet
  facet normal 1.000000 0.000000 0.000000
    outer loop
      vertex 135.460000 57.480000 3.000000
      vertex 135.460000 62.180000 7.000000
      vertex 135.460000 62.180000 3.000000
    endloop
  endfacet
  facet normal -1.000000 0.000000 0.000000
    outer loop
      vertex 133.060000 57.480000 7.000000
      vertex 133.060000 62.180000 7.000000
      vertex 133.060000 62.180000 9.600000
    endloop
  endfacet
  facet normal -1.000000 0.000000 0.000000
    outer loop
      vertex 133.060000 57.480000 7.000000
      vertex 133.060000 62.180000 9.600000
      vertex 133.060000 57.480000 9.600000
    endloop
  endfacet
  facet normal 1.000000 0.000000 0.000000
    outer loop
      vertex 135.460000 57.480000 7.000000
      vertex 135.460000 57.480000 9.600000
      vertex 135.460000 62.180000 9.600000
    endloop
  endfacet
  facet normal 1.000000 0.000000 0.000000
    outer loop
      vertex 135.460000 57.480000 7.000000
      vertex 135.460000 62.180000 9.600000
      vertex 135.460000 62.180000 7.000000
    endloop
  endfacet
  facet normal 0.000000 0.000000 1.000000
    outer loop
      vertex 133.060000 57.480000 9.600000
      vertex 133.060000 62.180000 9.600000
      vertex 135.460000 62.180000 9.600000
    endloop
  endfacet
  facet normal 0.000000 0.000000 1.000000
    outer loop
      vertex 133.060000 57.480000 9.600000
      vertex 135.460000 62.180000 9.600000
      vertex 135.460000 57.480000 9.600000
    endloop
  endfacet
  facet normal 0.000000 0.000000 -1.000000
    outer loop
      vertex 133.060000 62.180000 0.000000
      vertex 135.460000 62.180000 0.000000
      vertex 135.460000 64.480000 0.000000
    endloop
  endfacet
  facet normal 0.000000 0.000000 -1.000000
    outer loop
      vertex 133.060000 62.180000 0.000000
      vertex 135.460000 64.480000 0.000000
      vertex 133.060000 64.480000 0.000000
    endloop
  endfacet
  facet normal -1.000000 0.000000 0.000000
    outer loop
      vertex 133.060000 62.180000 3.000000
      vertex 133.060000 64.480000 3.000000
      vertex 133.060000 64.480000 7.000000
    endloop
  endfacet
  facet normal -1.000000 0.000000 0.000000
    outer loop
      vertex 133.060000 62.180000 3.000000
      vertex 133.060000 64.480000 7.000000
      vertex 133.060000 62.180000 7.000000
    endloop
  endfacet
  facet normal 1.000000 0.000000 0.000000
    outer loop
      vertex 135.460000 62.180000 3.000000
      vertex 135.460000 62.180000 7.000000
      vertex 135.460000 64.480000 7.000000
    endloop
  endfacet
  facet normal 1.000000 0.000000 0.000000
    outer loop
      vertex 135.460000 62.180000 3.000000
      vertex 135.460000 64.480000 7.000000
      vertex 135.460000 64.480000 3.000000
    endloop
  endfacet
  facet normal -1.000000 0.000000 0.000000
    outer loop
      vertex 133.060000 62.180000 7.000000
      vertex 133.060000 64.480000 7.000000
      vertex 133.060000 64.480000 9.600000
    endloop
  endfacet
  facet normal -1.000000 0.000000 0.000000
    outer loop
      vertex 133.060000 62.180000 7.000000
      vertex 133.060000 64.480000 9.600000
      vertex 133.060000 62.180000 9.600000
    endloop
  endfacet
  facet normal 1.000000 0.000000 0.000000
    outer loop
      vertex 135.460000 62.180000 7.000000
      vertex 135.460000 62.180000 9.600000
      vertex 135.460000 64.480000 9.600000
    endloop
  endfacet
  facet normal 1.000000 0.000000 0.000000
    outer loop
      vertex 135.460000 62.180000 7.000000
      vertex 135.460000 64.480000 9.600000
      vertex 135.460000 64.480000 7.000000
    endloop
  endfacet
  facet normal 0.000000 0.000000 1.000000
    outer loop
      vertex 133.060000 62.180000 9.600000
      vertex 133.060000 64.480000 9.600000
      vertex 135.460000 64.480000 9.600000
    endloop
  endfacet
  facet normal 0.000000 0.000000 1.000000
    outer loop
      vertex 133.060000 62.180000 9.600000
      vertex 135.460000 64.480000 9.600000
      vertex 135.460000 62.180000 9.600000
    endloop
  endfacet
  facet normal 0.000000 0.000000 -1.000000
    outer loop
      vertex 133.060000 64.480000 0.000000
      vertex 135.460000 64.480000 0.000000
      vertex 135.460000 66.880000 0.000000
    endloop
  endfacet
  facet normal 0.000000 0.000000 -1.000000
    outer loop
      vertex 133.060000 64.480000 0.000000
      vertex 135.460000 66.880000 0.000000
      vertex 133.060000 66.880000 0.000000
    endloop
  endfacet
  facet normal 1.000000 0.000000 0.000000
    outer loop
      vertex 135.460000 64.480000 3.000000
      vertex 135.460000 64.480000 7.000000
      vertex 135.460000 66.880000 7.000000
    endloop
  endfacet
  facet normal 1.000000 0.000000 0.000000
    outer loop
      vertex 135.460000 64.480000 3.000000
      vertex 135.460000 66.880000 7.000000
      vertex 135.460000 66.880000 3.000000
    endloop
  endfacet
  facet normal 0.000000 1.000000 0.000000
    outer loop
      vertex 133.060000 66.880000 3.000000
      vertex 135.460000 66.880000 3.000000
      vertex 135.460000 66.880000 7.000000
    endloop
  endfacet
  facet normal 0.000000 1.000000 0.000000
    outer loop
      vertex 133.060000 66.880000 3.000000
      vertex 135.460000 66.880000 7.000000
      vertex 133.060000 66.880000 7.000000
    endloop
  endfacet
  facet normal 1.000000 0.000000 0.000000
    outer loop
      vertex 135.460000 64.480000 7.000000
      vertex 135.460000 64.480000 9.600000
      vertex 135.460000 66.880000 9.600000
    endloop
  endfacet
  facet normal 1.000000 0.000000 0.000000
    outer loop
      vertex 135.460000 64.480000 7.000000
      vertex 135.460000 66.880000 9.600000
      vertex 135.460000 66.880000 7.000000
    endloop
  endfacet
  facet normal 0.000000 1.000000 0.000000
    outer loop
      vertex 133.060000 66.880000 7.000000
      vertex 135.460000 66.880000 7.000000
      vertex 135.460000 66.880000 9.600000
    endloop
  endfacet
  facet normal 0.000000 1.000000 0.000000
    outer loop
      vertex 133.060000 66.880000 7.000000
      vertex 135.460000 66.880000 9.600000
      vertex 133.060000 66.880000 9.600000
    endloop
  endfacet
  facet normal 0.000000 0.000000 1.000000
    outer loop
      vertex 133.060000 64.480000 9.600000
      vertex 133.060000 66.880000 9.600000
      vertex 135.460000 66.880000 9.600000
    endloop
  endfacet
  facet normal 0.000000 0.000000 1.000000
    outer loop
      vertex 133.060000 64.480000 9.600000
      vertex 135.460000 66.880000 9.600000
      vertex 135.460000 64.480000 9.600000
    endloop
  endfacet
  facet normal 0.000000 1.000000 0.000000
    outer loop
      vertex 133.060000 72.480000 0.000000
      vertex 135.460000 72.480000 0.000000
      vertex 135.460000 72.480000 3.000000
    endloop
  endfacet
  facet normal 0.000000 1.000000 0.000000
    outer loop
      vertex 133.060000 72.480000 0.000000
      vertex 135.460000 72.480000 3.000000
      vertex 133.060000 72.480000 3.000000
    endloop
  endfacet
  facet normal 0.000000 0.000000 -1.000000
    outer loop
      vertex 133.060000 66.880000 0.000000
      vertex 135.460000 66.880000 0.000000
      vertex 135.460000 72.480000 0.000000
    endloop
  endfacet
  facet normal 0.000000 0.000000 -1.000000
    outer loop
      vertex 133.060000 66.880000 0.000000
      vertex 135.460000 72.480000 0.000000
      vertex 133.060000 72.480000 0.000000
    endloop
  endfacet
  facet normal 0.000000 0.000000 1.000000
    outer loop
      vertex 133.060000 66.880000 3.000000
      vertex 133.060000 72.480000 3.000000
      vertex 135.460000 72.480000 3.000000
    endloop
  endfacet
  facet normal 0.000000 0.000000 1.000000
    outer loop
      vertex 133.060000 66.880000 3.000000
      vertex 135.460000 72.480000 3.000000
      vertex 135.460000 66.880000 3.000000
    endloop
  endfacet
  facet normal 1.000000 0.000000 0.000000
    outer loop
      vertex 141.060000 0.000000 0.000000
      vertex 141.060000 0.000000 3.000000
      vertex 141.060000 5.600000 3.000000
    endloop
  endfacet
  facet normal 1.000000 0.000000 0.000000
    outer loop
      vertex 141.060000 0.000000 0.000000
      vertex 141.060000 5.600000 3.000000
      vertex 141.060000 5.600000 0.000000
    endloop
  endfacet
  facet normal 0.000000 -1.000000 0.000000
    outer loop
      vertex 135.460000 0.000000 0.000000
      vertex 135.460000 0.000000 3.000000
      vertex 141.060000 0.000000 3.000000
    endloop
  endfacet
  facet normal 0.000000 -1.000000 0.000000
    outer loop
      vertex 135.460000 0.000000 0.000000
      vertex 141.060000 0.000000 3.000000
      vertex 141.060000 0.000000 0.000000
    endloop
  endfacet
  facet normal 0.000000 0.000000 -1.000000
    outer loop
      vertex 135.460000 0.000000 0.000000
      vertex 141.060000 0.000000 0.000000
      vertex 141.060000 5.600000 0.000000
    endloop
  endfacet
  facet normal 0.000000 0.000000 -1.000000
    outer loop
      vertex 135.460000 0.000000 0.000000
      vertex 141.060000 5.600000 0.000000
      vertex 135.460000 5.600000 0.000000
    endloop
  endfacet
  facet normal 0.000000 0.000000 1.000000
    outer loop
      vertex 135.460000 0.000000 3.000000
      vertex 135.460000 5.600000 3.000000
      vertex 141.060000 5.600000 3.000000
    endloop
  endfacet
  facet normal 0.000000 0.000000 1.000000
    outer loop
      vertex 135.460000 0.000000 3.000000
      vertex 141.060000 5.600000 3.000000
      vertex 141.060000 0.000000 3.000000
    endloop
  endfacet
  facet normal 1.000000 0.000000 0.000000
    outer loop
      vertex 141.060000 5.600000 0.000000
      vertex 141.060000 5.600000 3.000000
      vertex 141.060000 8.000000 3.000000
    endloop
  endfacet
  facet normal 1.000000 0.000000 0.000000
    outer loop
      vertex 141.060000 5.600000 0.000000
      vertex 141.060000 8.000000 3.000000
      vertex 141.060000 8.000000 0.000000
    endloop
  endfacet
  facet normal 0.000000 0.000000 -1.000000
    outer loop
      vertex 135.460000 5.600000 0.000000
      vertex 141.060000 5.600000 0.000000
      vertex 141.060000 8.000000 0.000000
    endloop
  endfacet
  facet normal 0.000000 0.000000 -1.000000
    outer loop
      vertex 135.460000 5.600000 0.000000
      vertex 141.060000 8.000000 0.000000
      vertex 135.460000 8.000000 0.000000
    endloop
  endfacet
  facet normal 0.000000 0.000000 1.000000
    outer loop
      vertex 135.460000 5.600000 3.000000
      vertex 135.460000 8.000000 3.000000
      vertex 141.060000 8.000000 3.000000
    endloop
  endfacet
  facet normal 0.000000 0.000000 1.000000
    outer loop
      vertex 135.460000 5.600000 3.000000
      vertex 141.060000 8.000000 3.000000
      vertex 141.060000 5.600000 3.000000
    endloop
  endfacet
  facet normal 1.000000 0.000000 0.000000
    outer loop
      vertex 141.060000 8.000000 0.000000
      vertex 141.060000 8.000000 3.000000
      vertex 141.060000 10.300000 3.000000
    endloop
  endfacet
  facet normal 1.000000 0.000000 0.000000
    outer loop
      vertex 141.060000 8.000000 0.000000
      vertex 141.060000 10.300000 3.000000
      vertex 141.060000 10.300000 0.000000
    endloop
  endfacet
  facet normal 0.000000 0.000000 -1.000000
    outer loop
      vertex 135.460000 8.000000 0.000000
      vertex 141.060000 8.000000 0.000000
      vertex 141.060000 10.300000 0.000000
    endloop
  endfacet
  facet normal 0.000000 0.000000 -1.000000
    outer loop
      vertex 135.460000 8.000000 0.000000
      vertex 141.060000 10.300000 0.000000
      vertex 135.460000 10.300000 0.000000
    endloop
  endfacet
  facet normal 0.000000 0.000000 1.000000
    outer loop
      vertex 135.460000 8.000000 3.000000
      vertex 135.460000 10.300000 3.000000
      vertex 141.060000 10.300000 3.000000
    endloop
  endfacet
  facet normal 0.000000 0.000000 1.000000
    outer loop
      vertex 135.460000 8.000000 3.000000
      vertex 141.060000 10.300000 3.000000
      vertex 141.060000 8.000000 3.000000
    endloop
  endfacet
  facet normal 1.000000 0.000000 0.000000
    outer loop
      vertex 141.060000 10.300000 0.000000
      vertex 141.060000 10.300000 3.000000
      vertex 141.060000 15.000000 3.000000
    endloop
  endfacet
  facet normal 1.000000 0.000000 0.000000
    outer loop
      vertex 141.060000 10.300000 0.000000
      vertex 141.060000 15.000000 3.000000
      vertex 141.060000 15.000000 0.000000
    endloop
  endfacet
  facet normal 0.000000 0.000000 -1.000000
    outer loop
      vertex 135.460000 10.300000 0.000000
      vertex 141.060000 10.300000 0.000000
      vertex 141.060000 15.000000 0.000000
    endloop
  endfacet
  facet normal 0.000000 0.000000 -1.000000
    outer loop
      vertex 135.460000 10.300000 0.000000
      vertex 141.060000 15.000000 0.000000
      vertex 135.460000 15.000000 0.000000
    endloop
  endfacet
  facet normal 0.000000 0.000000 1.000000
    outer loop
      vertex 135.460000 10.300000 3.000000
      vertex 135.460000 15.000000 3.000000
      vertex 141.060000 15.000000 3.000000
    endloop
  endfacet
  facet normal 0.000000 0.000000 1.000000
    outer loop
      vertex 135.460000 10.300000 3.000000
      vertex 141.060000 15.000000 3.000000
      vertex 141.060000 10.300000 3.000000
    endloop
  endfacet
  facet normal 1.000000 0.000000 0.000000
    outer loop
      vertex 141.060000 15.000000 0.000000
      vertex 141.060000 15.000000 3.000000
      vertex 141.060000 18.300000 3.000000
    endloop
  endfacet
  facet normal 1.000000 0.000000 0.000000
    outer loop
      vertex 141.060000 15.000000 0.000000
      vertex 141.060000 18.300000 3.000000
      vertex 141.060000 18.300000 0.000000
    endloop
  endfacet
  facet normal 0.000000 0.000000 -1.000000
    outer loop
      vertex 135.460000 15.000000 0.000000
      vertex 141.060000 15.000000 0.000000
      vertex 141.060000 18.300000 0.000000
    endloop
  endfacet
  facet normal 0.000000 0.000000 -1.000000
    outer loop
      vertex 135.460000 15.000000 0.000000
      vertex 141.060000 18.300000 0.000000
      vertex 135.460000 18.300000 0.000000
    endloop
  endfacet
  facet normal 0.000000 0.000000 1.000000
    outer loop
      vertex 135.460000 15.000000 3.000000
      vertex 135.460000 18.300000 3.000000
      vertex 141.060000 18.300000 3.000000
    endloop
  endfacet
  facet normal 0.000000 0.000000 1.000000
    outer loop
      vertex 135.460000 15.000000 3.000000
      vertex 141.060000 18.300000 3.000000
      vertex 141.060000 15.000000 3.000000
    endloop
  endfacet
  facet normal 1.000000 0.000000 0.000000
    outer loop
      vertex 141.060000 18.300000 0.000000
      vertex 141.060000 18.300000 3.000000
      vertex 141.060000 19.000000 3.000000
    endloop
  endfacet
  facet normal 1.000000 0.000000 0.000000
    outer loop
      vertex 141.060000 18.300000 0.000000
      vertex 141.060000 19.000000 3.000000
      vertex 141.060000 19.000000 0.000000
    endloop
  endfacet
  facet normal 0.000000 0.000000 -1.000000
    outer loop
      vertex 135.460000 18.300000 0.000000
      vertex 141.060000 18.300000 0.000000
      vertex 141.060000 19.000000 0.000000
    endloop
  endfacet
  facet normal 0.000000 0.000000 -1.000000
    outer loop
      vertex 135.460000 18.300000 0.000000
      vertex 141.060000 19.000000 0.000000
      vertex 135.460000 19.000000 0.000000
    endloop
  endfacet
  facet normal 0.000000 0.000000 1.000000
    outer loop
      vertex 135.460000 18.300000 3.000000
      vertex 135.460000 19.000000 3.000000
      vertex 141.060000 19.000000 3.000000
    endloop
  endfacet
  facet normal 0.000000 0.000000 1.000000
    outer loop
      vertex 135.460000 18.300000 3.000000
      vertex 141.060000 19.000000 3.000000
      vertex 141.060000 18.300000 3.000000
    endloop
  endfacet
  facet normal 1.000000 0.000000 0.000000
    outer loop
      vertex 141.060000 19.000000 0.000000
      vertex 141.060000 19.000000 3.000000
      vertex 141.060000 53.480000 3.000000
    endloop
  endfacet
  facet normal 1.000000 0.000000 0.000000
    outer loop
      vertex 141.060000 19.000000 0.000000
      vertex 141.060000 53.480000 3.000000
      vertex 141.060000 53.480000 0.000000
    endloop
  endfacet
  facet normal 0.000000 0.000000 -1.000000
    outer loop
      vertex 135.460000 19.000000 0.000000
      vertex 141.060000 19.000000 0.000000
      vertex 141.060000 53.480000 0.000000
    endloop
  endfacet
  facet normal 0.000000 0.000000 -1.000000
    outer loop
      vertex 135.460000 19.000000 0.000000
      vertex 141.060000 53.480000 0.000000
      vertex 135.460000 53.480000 0.000000
    endloop
  endfacet
  facet normal 0.000000 0.000000 1.000000
    outer loop
      vertex 135.460000 19.000000 3.000000
      vertex 135.460000 53.480000 3.000000
      vertex 141.060000 53.480000 3.000000
    endloop
  endfacet
  facet normal 0.000000 0.000000 1.000000
    outer loop
      vertex 135.460000 19.000000 3.000000
      vertex 141.060000 53.480000 3.000000
      vertex 141.060000 19.000000 3.000000
    endloop
  endfacet
  facet normal 1.000000 0.000000 0.000000
    outer loop
      vertex 141.060000 53.480000 0.000000
      vertex 141.060000 53.480000 3.000000
      vertex 141.060000 54.180000 3.000000
    endloop
  endfacet
  facet normal 1.000000 0.000000 0.000000
    outer loop
      vertex 141.060000 53.480000 0.000000
      vertex 141.060000 54.180000 3.000000
      vertex 141.060000 54.180000 0.000000
    endloop
  endfacet
  facet normal 0.000000 0.000000 -1.000000
    outer loop
      vertex 135.460000 53.480000 0.000000
      vertex 141.060000 53.480000 0.000000
      vertex 141.060000 54.180000 0.000000
    endloop
  endfacet
  facet normal 0.000000 0.000000 -1.000000
    outer loop
      vertex 135.460000 53.480000 0.000000
      vertex 141.060000 54.180000 0.000000
      vertex 135.460000 54.180000 0.000000
    endloop
  endfacet
  facet normal 0.000000 0.000000 1.000000
    outer loop
      vertex 135.460000 53.480000 3.000000
      vertex 135.460000 54.180000 3.000000
      vertex 141.060000 54.180000 3.000000
    endloop
  endfacet
  facet normal 0.000000 0.000000 1.000000
    outer loop
      vertex 135.460000 53.480000 3.000000
      vertex 141.060000 54.180000 3.000000
      vertex 141.060000 53.480000 3.000000
    endloop
  endfacet
  facet normal 1.000000 0.000000 0.000000
    outer loop
      vertex 141.060000 54.180000 0.000000
      vertex 141.060000 54.180000 3.000000
      vertex 141.060000 57.480000 3.000000
    endloop
  endfacet
  facet normal 1.000000 0.000000 0.000000
    outer loop
      vertex 141.060000 54.180000 0.000000
      vertex 141.060000 57.480000 3.000000
      vertex 141.060000 57.480000 0.000000
    endloop
  endfacet
  facet normal 0.000000 0.000000 -1.000000
    outer loop
      vertex 135.460000 54.180000 0.000000
      vertex 141.060000 54.180000 0.000000
      vertex 141.060000 57.480000 0.000000
    endloop
  endfacet
  facet normal 0.000000 0.000000 -1.000000
    outer loop
      vertex 135.460000 54.180000 0.000000
      vertex 141.060000 57.480000 0.000000
      vertex 135.460000 57.480000 0.000000
    endloop
  endfacet
  facet normal 0.000000 0.000000 1.000000
    outer loop
      vertex 135.460000 54.180000 3.000000
      vertex 135.460000 57.480000 3.000000
      vertex 141.060000 57.480000 3.000000
    endloop
  endfacet
  facet normal 0.000000 0.000000 1.000000
    outer loop
      vertex 135.460000 54.180000 3.000000
      vertex 141.060000 57.480000 3.000000
      vertex 141.060000 54.180000 3.000000
    endloop
  endfacet
  facet normal 1.000000 0.000000 0.000000
    outer loop
      vertex 141.060000 57.480000 0.000000
      vertex 141.060000 57.480000 3.000000
      vertex 141.060000 62.180000 3.000000
    endloop
  endfacet
  facet normal 1.000000 0.000000 0.000000
    outer loop
      vertex 141.060000 57.480000 0.000000
      vertex 141.060000 62.180000 3.000000
      vertex 141.060000 62.180000 0.000000
    endloop
  endfacet
  facet normal 0.000000 0.000000 -1.000000
    outer loop
      vertex 135.460000 57.480000 0.000000
      vertex 141.060000 57.480000 0.000000
      vertex 141.060000 62.180000 0.000000
    endloop
  endfacet
  facet normal 0.000000 0.000000 -1.000000
    outer loop
      vertex 135.460000 57.480000 0.000000
      vertex 141.060000 62.180000 0.000000
      vertex 135.460000 62.180000 0.000000
    endloop
  endfacet
  facet normal 0.000000 0.000000 1.000000
    outer loop
      vertex 135.460000 57.480000 3.000000
      vertex 135.460000 62.180000 3.000000
      vertex 141.060000 62.180000 3.000000
    endloop
  endfacet
  facet normal 0.000000 0.000000 1.000000
    outer loop
      vertex 135.460000 57.480000 3.000000
      vertex 141.060000 62.180000 3.000000
      vertex 141.060000 57.480000 3.000000
    endloop
  endfacet
  facet normal 1.000000 0.000000 0.000000
    outer loop
      vertex 141.060000 62.180000 0.000000
      vertex 141.060000 62.180000 3.000000
      vertex 141.060000 64.480000 3.000000
    endloop
  endfacet
  facet normal 1.000000 0.000000 0.000000
    outer loop
      vertex 141.060000 62.180000 0.000000
      vertex 141.060000 64.480000 3.000000
      vertex 141.060000 64.480000 0.000000
    endloop
  endfacet
  facet normal 0.000000 0.000000 -1.000000
    outer loop
      vertex 135.460000 62.180000 0.000000
      vertex 141.060000 62.180000 0.000000
      vertex 141.060000 64.480000 0.000000
    endloop
  endfacet
  facet normal 0.000000 0.000000 -1.000000
    outer loop
      vertex 135.460000 62.180000 0.000000
      vertex 141.060000 64.480000 0.000000
      vertex 135.460000 64.480000 0.000000
    endloop
  endfacet
  facet normal 0.000000 0.000000 1.000000
    outer loop
      vertex 135.460000 62.180000 3.000000
      vertex 135.460000 64.480000 3.000000
      vertex 141.060000 64.480000 3.000000
    endloop
  endfacet
  facet normal 0.000000 0.000000 1.000000
    outer loop
      vertex 135.460000 62.180000 3.000000
      vertex 141.060000 64.480000 3.000000
      vertex 141.060000 62.180000 3.000000
    endloop
  endfacet
  facet normal 1.000000 0.000000 0.000000
    outer loop
      vertex 141.060000 64.480000 0.000000
      vertex 141.060000 64.480000 3.000000
      vertex 141.060000 66.880000 3.000000
    endloop
  endfacet
  facet normal 1.000000 0.000000 0.000000
    outer loop
      vertex 141.060000 64.480000 0.000000
      vertex 141.060000 66.880000 3.000000
      vertex 141.060000 66.880000 0.000000
    endloop
  endfacet
  facet normal 0.000000 0.000000 -1.000000
    outer loop
      vertex 135.460000 64.480000 0.000000
      vertex 141.060000 64.480000 0.000000
      vertex 141.060000 66.880000 0.000000
    endloop
  endfacet
  facet normal 0.000000 0.000000 -1.000000
    outer loop
      vertex 135.460000 64.480000 0.000000
      vertex 141.060000 66.880000 0.000000
      vertex 135.460000 66.880000 0.000000
    endloop
  endfacet
  facet normal 0.000000 0.000000 1.000000
    outer loop
      vertex 135.460000 64.480000 3.000000
      vertex 135.460000 66.880000 3.000000
      vertex 141.060000 66.880000 3.000000
    endloop
  endfacet
  facet normal 0.000000 0.000000 1.000000
    outer loop
      vertex 135.460000 64.480000 3.000000
      vertex 141.060000 66.880000 3.000000
      vertex 141.060000 64.480000 3.000000
    endloop
  endfacet
  facet normal 1.000000 0.000000 0.000000
    outer loop
      vertex 141.060000 66.880000 0.000000
      vertex 141.060000 66.880000 3.000000
      vertex 141.060000 72.480000 3.000000
    endloop
  endfacet
  facet normal 1.000000 0.000000 0.000000
    outer loop
      vertex 141.060000 66.880000 0.000000
      vertex 141.060000 72.480000 3.000000
      vertex 141.060000 72.480000 0.000000
    endloop
  endfacet
  facet normal 0.000000 1.000000 0.000000
    outer loop
      vertex 135.460000 72.480000 0.000000
      vertex 141.060000 72.480000 0.000000
      vertex 141.060000 72.480000 3.000000
    endloop
  endfacet
  facet normal 0.000000 1.000000 0.000000
    outer loop
      vertex 135.460000 72.480000 0.000000
      vertex 141.060000 72.480000 3.000000
      vertex 135.460000 72.480000 3.000000
    endloop
  endfacet
  facet normal 0.000000 0.000000 -1.000000
    outer loop
      vertex 135.460000 66.880000 0.000000
      vertex 141.060000 66.880000 0.000000
      vertex 141.060000 72.480000 0.000000
    endloop
  endfacet
  facet normal 0.000000 0.000000 -1.000000
    outer loop
      vertex 135.460000 66.880000 0.000000
      vertex 141.060000 72.480000 0.000000
      vertex 135.460000 72.480000 0.000000
    endloop
  endfacet
  facet normal 0.000000 0.000000 1.000000
    outer loop
      vertex 135.460000 66.880000 3.000000
      vertex 135.460000 72.480000 3.000000
      vertex 141.060000 72.480000 3.000000
    endloop
  endfacet
  facet normal 0.000000 0.000000 1.000000
    outer loop
      vertex 135.460000 66.880000 3.000000
      vertex 141.060000 72.480000 3.000000
      vertex 141.060000 66.880000 3.000000
    endloop
  endfacet
endsolid ek_tm4c129exl_holder
