solid ek_tm4c129exl_holder_m3_v1
  facet normal -1.000000 0.000000 0.000000
    outer loop
      vertex 0.000000 0.000000 0.000000
      vertex 0.000000 5.600000 0.000000
      vertex 0.000000 5.600000 3.000000
    endloop
  endfacet
  facet normal -1.000000 0.000000 0.000000
    outer loop
      vertex 0.000000 0.000000 0.000000
      vertex 0.000000 5.600000 3.000000
      vertex 0.000000 0.000000 3.000000
    endloop
  endfacet
  facet normal 0.000000 -1.000000 0.000000
    outer loop
      vertex 0.000000 0.000000 0.000000
      vertex 0.000000 0.000000 3.000000
      vertex 5.600000 0.000000 3.000000
    endloop
  endfacet
  facet normal 0.000000 -1.000000 0.000000
    outer loop
      vertex 0.000000 0.000000 0.000000
      vertex 5.600000 0.000000 3.000000
      vertex 5.600000 0.000000 0.000000
    endloop
  endfacet
  facet normal 0.000000 0.000000 -1.000000
    outer loop
      vertex 0.000000 0.000000 0.000000
      vertex 5.600000 0.000000 0.000000
      vertex 5.600000 5.600000 0.000000
    endloop
  endfacet
  facet normal 0.000000 0.000000 -1.000000
    outer loop
      vertex 0.000000 0.000000 0.000000
      vertex 5.600000 5.600000 0.000000
      vertex 0.000000 5.600000 0.000000
    endloop
  endfacet
  facet normal 0.000000 0.000000 1.000000
    outer loop
      vertex 0.000000 0.000000 3.000000
      vertex 0.000000 5.600000 3.000000
      vertex 5.600000 5.600000 3.000000
    endloop
  endfacet
  facet normal 0.000000 0.000000 1.000000
    outer loop
      vertex 0.000000 0.000000 3.000000
      vertex 5.600000 5.600000 3.000000
      vertex 5.600000 0.000000 3.000000
    endloop
  endfacet
  facet normal -1.000000 0.000000 0.000000
    outer loop
      vertex 0.000000 5.600000 0.000000
      vertex 0.000000 8.000000 0.000000
      vertex 0.000000 8.000000 3.000000
    endloop
  endfacet
  facet normal -1.000000 0.000000 0.000000
    outer loop
      vertex 0.000000 5.600000 0.000000
      vertex 0.000000 8.000000 3.000000
      vertex 0.000000 5.600000 3.000000
    endloop
  endfacet
  facet normal 0.000000 0.000000 -1.000000
    outer loop
      vertex 0.000000 5.600000 0.000000
      vertex 5.600000 5.600000 0.000000
      vertex 5.600000 8.000000 0.000000
    endloop
  endfacet
  facet normal 0.000000 0.000000 -1.000000
    outer loop
      vertex 0.000000 5.600000 0.000000
      vertex 5.600000 8.000000 0.000000
      vertex 0.000000 8.000000 0.000000
    endloop
  endfacet
  facet normal 0.000000 0.000000 1.000000
    outer loop
      vertex 0.000000 5.600000 3.000000
      vertex 0.000000 8.000000 3.000000
      vertex 5.600000 8.000000 3.000000
    endloop
  endfacet
  facet normal 0.000000 0.000000 1.000000
    outer loop
      vertex 0.000000 5.600000 3.000000
      vertex 5.600000 8.000000 3.000000
      vertex 5.600000 5.600000 3.000000
    endloop
  endfacet
  facet normal -1.000000 0.000000 0.000000
    outer loop
      vertex 0.000000 8.000000 0.000000
      vertex 0.000000 19.000000 0.000000
      vertex 0.000000 19.000000 3.000000
    endloop
  endfacet
  facet normal -1.000000 0.000000 0.000000
    outer loop
      vertex 0.000000 8.000000 0.000000
      vertex 0.000000 19.000000 3.000000
      vertex 0.000000 8.000000 3.000000
    endloop
  endfacet
  facet normal 0.000000 0.000000 -1.000000
    outer loop
      vertex 0.000000 8.000000 0.000000
      vertex 5.600000 8.000000 0.000000
      vertex 5.600000 19.000000 0.000000
    endloop
  endfacet
  facet normal 0.000000 0.000000 -1.000000
    outer loop
      vertex 0.000000 8.000000 0.000000
      vertex 5.600000 19.000000 0.000000
      vertex 0.000000 19.000000 0.000000
    endloop
  endfacet
  facet normal 0.000000 0.000000 1.000000
    outer loop
      vertex 0.000000 8.000000 3.000000
      vertex 0.000000 19.000000 3.000000
      vertex 5.600000 19.000000 3.000000
    endloop
  endfacet
  facet normal 0.000000 0.000000 1.000000
    outer loop
      vertex 0.000000 8.000000 3.000000
      vertex 5.600000 19.000000 3.000000
      vertex 5.600000 8.000000 3.000000
    endloop
  endfacet
  facet normal -1.000000 0.000000 0.000000
    outer loop
      vertex 0.000000 19.000000 0.000000
      vertex 0.000000 22.850000 0.000000
      vertex 0.000000 22.850000 3.000000
    endloop
  endfacet
  facet normal -1.000000 0.000000 0.000000
    outer loop
      vertex 0.000000 19.000000 0.000000
      vertex 0.000000 22.850000 3.000000
      vertex 0.000000 19.000000 3.000000
    endloop
  endfacet
  facet normal 0.000000 0.000000 -1.000000
    outer loop
      vertex 0.000000 19.000000 0.000000
      vertex 5.600000 19.000000 0.000000
      vertex 5.600000 22.850000 0.000000
    endloop
  endfacet
  facet normal 0.000000 0.000000 -1.000000
    outer loop
      vertex 0.000000 19.000000 0.000000
      vertex 5.600000 22.850000 0.000000
      vertex 0.000000 22.850000 0.000000
    endloop
  endfacet
  facet normal 0.000000 0.000000 1.000000
    outer loop
      vertex 0.000000 19.000000 3.000000
      vertex 0.000000 22.850000 3.000000
      vertex 5.600000 22.850000 3.000000
    endloop
  endfacet
  facet normal 0.000000 0.000000 1.000000
    outer loop
      vertex 0.000000 19.000000 3.000000
      vertex 5.600000 22.850000 3.000000
      vertex 5.600000 19.000000 3.000000
    endloop
  endfacet
  facet normal -1.000000 0.000000 0.000000
    outer loop
      vertex 0.000000 22.850000 0.000000
      vertex 0.000000 24.850000 0.000000
      vertex 0.000000 24.850000 3.000000
    endloop
  endfacet
  facet normal -1.000000 0.000000 0.000000
    outer loop
      vertex 0.000000 22.850000 0.000000
      vertex 0.000000 24.850000 3.000000
      vertex 0.000000 22.850000 3.000000
    endloop
  endfacet
  facet normal 0.000000 0.000000 -1.000000
    outer loop
      vertex 0.000000 22.850000 0.000000
      vertex 5.600000 22.850000 0.000000
      vertex 5.600000 24.850000 0.000000
    endloop
  endfacet
  facet normal 0.000000 0.000000 -1.000000
    outer loop
      vertex 0.000000 22.850000 0.000000
      vertex 5.600000 24.850000 0.000000
      vertex 0.000000 24.850000 0.000000
    endloop
  endfacet
  facet normal 0.000000 0.000000 1.000000
    outer loop
      vertex 0.000000 22.850000 3.000000
      vertex 0.000000 24.850000 3.000000
      vertex 5.600000 24.850000 3.000000
    endloop
  endfacet
  facet normal 0.000000 0.000000 1.000000
    outer loop
      vertex 0.000000 22.850000 3.000000
      vertex 5.600000 24.850000 3.000000
      vertex 5.600000 22.850000 3.000000
    endloop
  endfacet
  facet normal -1.000000 0.000000 0.000000
    outer loop
      vertex 0.000000 24.850000 0.000000
      vertex 0.000000 27.930000 0.000000
      vertex 0.000000 27.930000 3.000000
    endloop
  endfacet
  facet normal -1.000000 0.000000 0.000000
    outer loop
      vertex 0.000000 24.850000 0.000000
      vertex 0.000000 27.930000 3.000000
      vertex 0.000000 24.850000 3.000000
    endloop
  endfacet
  facet normal 0.000000 0.000000 -1.000000
    outer loop
      vertex 0.000000 24.850000 0.000000
      vertex 5.600000 24.850000 0.000000
      vertex 5.600000 27.930000 0.000000
    endloop
  endfacet
  facet normal 0.000000 0.000000 -1.000000
    outer loop
      vertex 0.000000 24.850000 0.000000
      vertex 5.600000 27.930000 0.000000
      vertex 0.000000 27.930000 0.000000
    endloop
  endfacet
  facet normal 0.000000 0.000000 1.000000
    outer loop
      vertex 0.000000 24.850000 3.000000
      vertex 0.000000 27.930000 3.000000
      vertex 5.600000 27.930000 3.000000
    endloop
  endfacet
  facet normal 0.000000 0.000000 1.000000
    outer loop
      vertex 0.000000 24.850000 3.000000
      vertex 5.600000 27.930000 3.000000
      vertex 5.600000 24.850000 3.000000
    endloop
  endfacet
  facet normal -1.000000 0.000000 0.000000
    outer loop
      vertex 0.000000 27.930000 0.000000
      vertex 0.000000 29.850000 0.000000
      vertex 0.000000 29.850000 3.000000
    endloop
  endfacet
  facet normal -1.000000 0.000000 0.000000
    outer loop
      vertex 0.000000 27.930000 0.000000
      vertex 0.000000 29.850000 3.000000
      vertex 0.000000 27.930000 3.000000
    endloop
  endfacet
  facet normal 0.000000 0.000000 -1.000000
    outer loop
      vertex 0.000000 27.930000 0.000000
      vertex 5.600000 27.930000 0.000000
      vertex 5.600000 29.850000 0.000000
    endloop
  endfacet
  facet normal 0.000000 0.000000 -1.000000
    outer loop
      vertex 0.000000 27.930000 0.000000
      vertex 5.600000 29.850000 0.000000
      vertex 0.000000 29.850000 0.000000
    endloop
  endfacet
  facet normal 0.000000 0.000000 1.000000
    outer loop
      vertex 0.000000 27.930000 3.000000
      vertex 0.000000 29.850000 3.000000
      vertex 5.600000 29.850000 3.000000
    endloop
  endfacet
  facet normal 0.000000 0.000000 1.000000
    outer loop
      vertex 0.000000 27.930000 3.000000
      vertex 5.600000 29.850000 3.000000
      vertex 5.600000 27.930000 3.000000
    endloop
  endfacet
  facet normal -1.000000 0.000000 0.000000
    outer loop
      vertex 0.000000 29.850000 0.000000
      vertex 0.000000 29.930000 0.000000
      vertex 0.000000 29.930000 3.000000
    endloop
  endfacet
  facet normal -1.000000 0.000000 0.000000
    outer loop
      vertex 0.000000 29.850000 0.000000
      vertex 0.000000 29.930000 3.000000
      vertex 0.000000 29.850000 3.000000
    endloop
  endfacet
  facet normal 0.000000 0.000000 -1.000000
    outer loop
      vertex 0.000000 29.850000 0.000000
      vertex 5.600000 29.850000 0.000000
      vertex 5.600000 29.930000 0.000000
    endloop
  endfacet
  facet normal 0.000000 0.000000 -1.000000
    outer loop
      vertex 0.000000 29.850000 0.000000
      vertex 5.600000 29.930000 0.000000
      vertex 0.000000 29.930000 0.000000
    endloop
  endfacet
  facet normal 0.000000 0.000000 1.000000
    outer loop
      vertex 0.000000 29.850000 3.000000
      vertex 0.000000 29.930000 3.000000
      vertex 5.600000 29.930000 3.000000
    endloop
  endfacet
  facet normal 0.000000 0.000000 1.000000
    outer loop
      vertex 0.000000 29.850000 3.000000
      vertex 5.600000 29.930000 3.000000
      vertex 5.600000 29.850000 3.000000
    endloop
  endfacet
  facet normal -1.000000 0.000000 0.000000
    outer loop
      vertex 0.000000 29.930000 0.000000
      vertex 0.000000 31.850000 0.000000
      vertex 0.000000 31.850000 3.000000
    endloop
  endfacet
  facet normal -1.000000 0.000000 0.000000
    outer loop
      vertex 0.000000 29.930000 0.000000
      vertex 0.000000 31.850000 3.000000
      vertex 0.000000 29.930000 3.000000
    endloop
  endfacet
  facet normal 0.000000 0.000000 -1.000000
    outer loop
      vertex 0.000000 29.930000 0.000000
      vertex 5.600000 29.930000 0.000000
      vertex 5.600000 31.850000 0.000000
    endloop
  endfacet
  facet normal 0.000000 0.000000 -1.000000
    outer loop
      vertex 0.000000 29.930000 0.000000
      vertex 5.600000 31.850000 0.000000
      vertex 0.000000 31.850000 0.000000
    endloop
  endfacet
  facet normal 0.000000 0.000000 1.000000
    outer loop
      vertex 0.000000 29.930000 3.000000
      vertex 0.000000 31.850000 3.000000
      vertex 5.600000 31.850000 3.000000
    endloop
  endfacet
  facet normal 0.000000 0.000000 1.000000
    outer loop
      vertex 0.000000 29.930000 3.000000
      vertex 5.600000 31.850000 3.000000
      vertex 5.600000 29.930000 3.000000
    endloop
  endfacet
  facet normal -1.000000 0.000000 0.000000
    outer loop
      vertex 0.000000 31.850000 0.000000
      vertex 0.000000 34.930000 0.000000
      vertex 0.000000 34.930000 3.000000
    endloop
  endfacet
  facet normal -1.000000 0.000000 0.000000
    outer loop
      vertex 0.000000 31.850000 0.000000
      vertex 0.000000 34.930000 3.000000
      vertex 0.000000 31.850000 3.000000
    endloop
  endfacet
  facet normal 0.000000 0.000000 -1.000000
    outer loop
      vertex 0.000000 31.850000 0.000000
      vertex 5.600000 31.850000 0.000000
      vertex 5.600000 34.930000 0.000000
    endloop
  endfacet
  facet normal 0.000000 0.000000 -1.000000
    outer loop
      vertex 0.000000 31.850000 0.000000
      vertex 5.600000 34.930000 0.000000
      vertex 0.000000 34.930000 0.000000
    endloop
  endfacet
  facet normal 0.000000 0.000000 1.000000
    outer loop
      vertex 0.000000 31.850000 3.000000
      vertex 0.000000 34.930000 3.000000
      vertex 5.600000 34.930000 3.000000
    endloop
  endfacet
  facet normal 0.000000 0.000000 1.000000
    outer loop
      vertex 0.000000 31.850000 3.000000
      vertex 5.600000 34.930000 3.000000
      vertex 5.600000 31.850000 3.000000
    endloop
  endfacet
  facet normal -1.000000 0.000000 0.000000
    outer loop
      vertex 0.000000 34.930000 0.000000
      vertex 0.000000 36.930000 0.000000
      vertex 0.000000 36.930000 3.000000
    endloop
  endfacet
  facet normal -1.000000 0.000000 0.000000
    outer loop
      vertex 0.000000 34.930000 0.000000
      vertex 0.000000 36.930000 3.000000
      vertex 0.000000 34.930000 3.000000
    endloop
  endfacet
  facet normal 0.000000 0.000000 -1.000000
    outer loop
      vertex 0.000000 34.930000 0.000000
      vertex 5.600000 34.930000 0.000000
      vertex 5.600000 36.930000 0.000000
    endloop
  endfacet
  facet normal 0.000000 0.000000 -1.000000
    outer loop
      vertex 0.000000 34.930000 0.000000
      vertex 5.600000 36.930000 0.000000
      vertex 0.000000 36.930000 0.000000
    endloop
  endfacet
  facet normal 0.000000 0.000000 1.000000
    outer loop
      vertex 0.000000 34.930000 3.000000
      vertex 0.000000 36.930000 3.000000
      vertex 5.600000 36.930000 3.000000
    endloop
  endfacet
  facet normal 0.000000 0.000000 1.000000
    outer loop
      vertex 0.000000 34.930000 3.000000
      vertex 5.600000 36.930000 3.000000
      vertex 5.600000 34.930000 3.000000
    endloop
  endfacet
  facet normal -1.000000 0.000000 0.000000
    outer loop
      vertex 0.000000 36.930000 0.000000
      vertex 0.000000 53.480000 0.000000
      vertex 0.000000 53.480000 3.000000
    endloop
  endfacet
  facet normal -1.000000 0.000000 0.000000
    outer loop
      vertex 0.000000 36.930000 0.000000
      vertex 0.000000 53.480000 3.000000
      vertex 0.000000 36.930000 3.000000
    endloop
  endfacet
  facet normal 0.000000 0.000000 -1.000000
    outer loop
      vertex 0.000000 36.930000 0.000000
      vertex 5.600000 36.930000 0.000000
      vertex 5.600000 53.480000 0.000000
    endloop
  endfacet
  facet normal 0.000000 0.000000 -1.000000
    outer loop
      vertex 0.000000 36.930000 0.000000
      vertex 5.600000 53.480000 0.000000
      vertex 0.000000 53.480000 0.000000
    endloop
  endfacet
  facet normal 0.000000 0.000000 1.000000
    outer loop
      vertex 0.000000 36.930000 3.000000
      vertex 0.000000 53.480000 3.000000
      vertex 5.600000 53.480000 3.000000
    endloop
  endfacet
  facet normal 0.000000 0.000000 1.000000
    outer loop
      vertex 0.000000 36.930000 3.000000
      vertex 5.600000 53.480000 3.000000
      vertex 5.600000 36.930000 3.000000
    endloop
  endfacet
  facet normal -1.000000 0.000000 0.000000
    outer loop
      vertex 0.000000 53.480000 0.000000
      vertex 0.000000 55.870000 0.000000
      vertex 0.000000 55.870000 3.000000
    endloop
  endfacet
  facet normal -1.000000 0.000000 0.000000
    outer loop
      vertex 0.000000 53.480000 0.000000
      vertex 0.000000 55.870000 3.000000
      vertex 0.000000 53.480000 3.000000
    endloop
  endfacet
  facet normal 0.000000 0.000000 -1.000000
    outer loop
      vertex 0.000000 53.480000 0.000000
      vertex 5.600000 53.480000 0.000000
      vertex 5.600000 55.870000 0.000000
    endloop
  endfacet
  facet normal 0.000000 0.000000 -1.000000
    outer loop
      vertex 0.000000 53.480000 0.000000
      vertex 5.600000 55.870000 0.000000
      vertex 0.000000 55.870000 0.000000
    endloop
  endfacet
  facet normal 0.000000 0.000000 1.000000
    outer loop
      vertex 0.000000 53.480000 3.000000
      vertex 0.000000 55.870000 3.000000
      vertex 5.600000 55.870000 3.000000
    endloop
  endfacet
  facet normal 0.000000 0.000000 1.000000
    outer loop
      vertex 0.000000 53.480000 3.000000
      vertex 5.600000 55.870000 3.000000
      vertex 5.600000 53.480000 3.000000
    endloop
  endfacet
  facet normal -1.000000 0.000000 0.000000
    outer loop
      vertex 0.000000 55.870000 0.000000
      vertex 0.000000 57.870000 0.000000
      vertex 0.000000 57.870000 3.000000
    endloop
  endfacet
  facet normal -1.000000 0.000000 0.000000
    outer loop
      vertex 0.000000 55.870000 0.000000
      vertex 0.000000 57.870000 3.000000
      vertex 0.000000 55.870000 3.000000
    endloop
  endfacet
  facet normal 0.000000 0.000000 -1.000000
    outer loop
      vertex 0.000000 55.870000 0.000000
      vertex 5.600000 55.870000 0.000000
      vertex 5.600000 57.870000 0.000000
    endloop
  endfacet
  facet normal 0.000000 0.000000 -1.000000
    outer loop
      vertex 0.000000 55.870000 0.000000
      vertex 5.600000 57.870000 0.000000
      vertex 0.000000 57.870000 0.000000
    endloop
  endfacet
  facet normal 0.000000 0.000000 1.000000
    outer loop
      vertex 0.000000 55.870000 3.000000
      vertex 0.000000 57.870000 3.000000
      vertex 5.600000 57.870000 3.000000
    endloop
  endfacet
  facet normal 0.000000 0.000000 1.000000
    outer loop
      vertex 0.000000 55.870000 3.000000
      vertex 5.600000 57.870000 3.000000
      vertex 5.600000 55.870000 3.000000
    endloop
  endfacet
  facet normal -1.000000 0.000000 0.000000
    outer loop
      vertex 0.000000 57.870000 0.000000
      vertex 0.000000 62.870000 0.000000
      vertex 0.000000 62.870000 3.000000
    endloop
  endfacet
  facet normal -1.000000 0.000000 0.000000
    outer loop
      vertex 0.000000 57.870000 0.000000
      vertex 0.000000 62.870000 3.000000
      vertex 0.000000 57.870000 3.000000
    endloop
  endfacet
  facet normal 0.000000 0.000000 -1.000000
    outer loop
      vertex 0.000000 57.870000 0.000000
      vertex 5.600000 57.870000 0.000000
      vertex 5.600000 62.870000 0.000000
    endloop
  endfacet
  facet normal 0.000000 0.000000 -1.000000
    outer loop
      vertex 0.000000 57.870000 0.000000
      vertex 5.600000 62.870000 0.000000
      vertex 0.000000 62.870000 0.000000
    endloop
  endfacet
  facet normal 0.000000 0.000000 1.000000
    outer loop
      vertex 0.000000 57.870000 3.000000
      vertex 0.000000 62.870000 3.000000
      vertex 5.600000 62.870000 3.000000
    endloop
  endfacet
  facet normal 0.000000 0.000000 1.000000
    outer loop
      vertex 0.000000 57.870000 3.000000
      vertex 5.600000 62.870000 3.000000
      vertex 5.600000 57.870000 3.000000
    endloop
  endfacet
  facet normal -1.000000 0.000000 0.000000
    outer loop
      vertex 0.000000 62.870000 0.000000
      vertex 0.000000 64.480000 0.000000
      vertex 0.000000 64.480000 3.000000
    endloop
  endfacet
  facet normal -1.000000 0.000000 0.000000
    outer loop
      vertex 0.000000 62.870000 0.000000
      vertex 0.000000 64.480000 3.000000
      vertex 0.000000 62.870000 3.000000
    endloop
  endfacet
  facet normal 0.000000 0.000000 -1.000000
    outer loop
      vertex 0.000000 62.870000 0.000000
      vertex 5.600000 62.870000 0.000000
      vertex 5.600000 64.480000 0.000000
    endloop
  endfacet
  facet normal 0.000000 0.000000 -1.000000
    outer loop
      vertex 0.000000 62.870000 0.000000
      vertex 5.600000 64.480000 0.000000
      vertex 0.000000 64.480000 0.000000
    endloop
  endfacet
  facet normal 0.000000 0.000000 1.000000
    outer loop
      vertex 0.000000 62.870000 3.000000
      vertex 0.000000 64.480000 3.000000
      vertex 5.600000 64.480000 3.000000
    endloop
  endfacet
  facet normal 0.000000 0.000000 1.000000
    outer loop
      vertex 0.000000 62.870000 3.000000
      vertex 5.600000 64.480000 3.000000
      vertex 5.600000 62.870000 3.000000
    endloop
  endfacet
  facet normal -1.000000 0.000000 0.000000
    outer loop
      vertex 0.000000 64.480000 0.000000
      vertex 0.000000 64.870000 0.000000
      vertex 0.000000 64.870000 3.000000
    endloop
  endfacet
  facet normal -1.000000 0.000000 0.000000
    outer loop
      vertex 0.000000 64.480000 0.000000
      vertex 0.000000 64.870000 3.000000
      vertex 0.000000 64.480000 3.000000
    endloop
  endfacet
  facet normal 0.000000 0.000000 -1.000000
    outer loop
      vertex 0.000000 64.480000 0.000000
      vertex 5.600000 64.480000 0.000000
      vertex 5.600000 64.870000 0.000000
    endloop
  endfacet
  facet normal 0.000000 0.000000 -1.000000
    outer loop
      vertex 0.000000 64.480000 0.000000
      vertex 5.600000 64.870000 0.000000
      vertex 0.000000 64.870000 0.000000
    endloop
  endfacet
  facet normal 0.000000 0.000000 1.000000
    outer loop
      vertex 0.000000 64.480000 3.000000
      vertex 0.000000 64.870000 3.000000
      vertex 5.600000 64.870000 3.000000
    endloop
  endfacet
  facet normal 0.000000 0.000000 1.000000
    outer loop
      vertex 0.000000 64.480000 3.000000
      vertex 5.600000 64.870000 3.000000
      vertex 5.600000 64.480000 3.000000
    endloop
  endfacet
  facet normal -1.000000 0.000000 0.000000
    outer loop
      vertex 0.000000 64.870000 0.000000
      vertex 0.000000 66.880000 0.000000
      vertex 0.000000 66.880000 3.000000
    endloop
  endfacet
  facet normal -1.000000 0.000000 0.000000
    outer loop
      vertex 0.000000 64.870000 0.000000
      vertex 0.000000 66.880000 3.000000
      vertex 0.000000 64.870000 3.000000
    endloop
  endfacet
  facet normal 0.000000 0.000000 -1.000000
    outer loop
      vertex 0.000000 64.870000 0.000000
      vertex 5.600000 64.870000 0.000000
      vertex 5.600000 66.880000 0.000000
    endloop
  endfacet
  facet normal 0.000000 0.000000 -1.000000
    outer loop
      vertex 0.000000 64.870000 0.000000
      vertex 5.600000 66.880000 0.000000
      vertex 0.000000 66.880000 0.000000
    endloop
  endfacet
  facet normal 0.000000 0.000000 1.000000
    outer loop
      vertex 0.000000 64.870000 3.000000
      vertex 0.000000 66.880000 3.000000
      vertex 5.600000 66.880000 3.000000
    endloop
  endfacet
  facet normal 0.000000 0.000000 1.000000
    outer loop
      vertex 0.000000 64.870000 3.000000
      vertex 5.600000 66.880000 3.000000
      vertex 5.600000 64.870000 3.000000
    endloop
  endfacet
  facet normal -1.000000 0.000000 0.000000
    outer loop
      vertex 0.000000 66.880000 0.000000
      vertex 0.000000 72.480000 0.000000
      vertex 0.000000 72.480000 3.000000
    endloop
  endfacet
  facet normal -1.000000 0.000000 0.000000
    outer loop
      vertex 0.000000 66.880000 0.000000
      vertex 0.000000 72.480000 3.000000
      vertex 0.000000 66.880000 3.000000
    endloop
  endfacet
  facet normal 0.000000 1.000000 0.000000
    outer loop
      vertex 0.000000 72.480000 0.000000
      vertex 5.600000 72.480000 0.000000
      vertex 5.600000 72.480000 3.000000
    endloop
  endfacet
  facet normal 0.000000 1.000000 0.000000
    outer loop
      vertex 0.000000 72.480000 0.000000
      vertex 5.600000 72.480000 3.000000
      vertex 0.000000 72.480000 3.000000
    endloop
  endfacet
  facet normal 0.000000 0.000000 -1.000000
    outer loop
      vertex 0.000000 66.880000 0.000000
      vertex 5.600000 66.880000 0.000000
      vertex 5.600000 72.480000 0.000000
    endloop
  endfacet
  facet normal 0.000000 0.000000 -1.000000
    outer loop
      vertex 0.000000 66.880000 0.000000
      vertex 5.600000 72.480000 0.000000
      vertex 0.000000 72.480000 0.000000
    endloop
  endfacet
  facet normal 0.000000 0.000000 1.000000
    outer loop
      vertex 0.000000 66.880000 3.000000
      vertex 0.000000 72.480000 3.000000
      vertex 5.600000 72.480000 3.000000
    endloop
  endfacet
  facet normal 0.000000 0.000000 1.000000
    outer loop
      vertex 0.000000 66.880000 3.000000
      vertex 5.600000 72.480000 3.000000
      vertex 5.600000 66.880000 3.000000
    endloop
  endfacet
  facet normal 0.000000 -1.000000 0.000000
    outer loop
      vertex 5.600000 0.000000 0.000000
      vertex 5.600000 0.000000 3.000000
      vertex 8.000000 0.000000 3.000000
    endloop
  endfacet
  facet normal 0.000000 -1.000000 0.000000
    outer loop
      vertex 5.600000 0.000000 0.000000
      vertex 8.000000 0.000000 3.000000
      vertex 8.000000 0.000000 0.000000
    endloop
  endfacet
  facet normal 0.000000 0.000000 -1.000000
    outer loop
      vertex 5.600000 0.000000 0.000000
      vertex 8.000000 0.000000 0.000000
      vertex 8.000000 5.600000 0.000000
    endloop
  endfacet
  facet normal 0.000000 0.000000 -1.000000
    outer loop
      vertex 5.600000 0.000000 0.000000
      vertex 8.000000 5.600000 0.000000
      vertex 5.600000 5.600000 0.000000
    endloop
  endfacet
  facet normal 0.000000 0.000000 1.000000
    outer loop
      vertex 5.600000 0.000000 3.000000
      vertex 5.600000 5.600000 3.000000
      vertex 8.000000 5.600000 3.000000
    endloop
  endfacet
  facet normal 0.000000 0.000000 1.000000
    outer loop
      vertex 5.600000 0.000000 3.000000
      vertex 8.000000 5.600000 3.000000
      vertex 8.000000 0.000000 3.000000
    endloop
  endfacet
  facet normal 0.000000 0.000000 -1.000000
    outer loop
      vertex 5.600000 5.600000 0.000000
      vertex 8.000000 5.600000 0.000000
      vertex 8.000000 8.000000 0.000000
    endloop
  endfacet
  facet normal 0.000000 0.000000 -1.000000
    outer loop
      vertex 5.600000 5.600000 0.000000
      vertex 8.000000 8.000000 0.000000
      vertex 5.600000 8.000000 0.000000
    endloop
  endfacet
  facet normal -1.000000 0.000000 0.000000
    outer loop
      vertex 5.600000 5.600000 3.000000
      vertex 5.600000 8.000000 3.000000
      vertex 5.600000 8.000000 7.000000
    endloop
  endfacet
  facet normal -1.000000 0.000000 0.000000
    outer loop
      vertex 5.600000 5.600000 3.000000
      vertex 5.600000 8.000000 7.000000
      vertex 5.600000 5.600000 7.000000
    endloop
  endfacet
  facet normal 0.000000 -1.000000 0.000000
    outer loop
      vertex 5.600000 5.600000 3.000000
      vertex 5.600000 5.600000 7.000000
      vertex 8.000000 5.600000 7.000000
    endloop
  endfacet
  facet normal 0.000000 -1.000000 0.000000
    outer loop
      vertex 5.600000 5.600000 3.000000
      vertex 8.000000 5.600000 7.000000
      vertex 8.000000 5.600000 3.000000
    endloop
  endfacet
  facet normal -1.000000 0.000000 0.000000
    outer loop
      vertex 5.600000 5.600000 7.000000
      vertex 5.600000 8.000000 7.000000
      vertex 5.600000 8.000000 9.600000
    endloop
  endfacet
  facet normal -1.000000 0.000000 0.000000
    outer loop
      vertex 5.600000 5.600000 7.000000
      vertex 5.600000 8.000000 9.600000
      vertex 5.600000 5.600000 9.600000
    endloop
  endfacet
  facet normal 0.000000 -1.000000 0.000000
    outer loop
      vertex 5.600000 5.600000 7.000000
      vertex 5.600000 5.600000 9.600000
      vertex 8.000000 5.600000 9.600000
    endloop
  endfacet
  facet normal 0.000000 -1.000000 0.000000
    outer loop
      vertex 5.600000 5.600000 7.000000
      vertex 8.000000 5.600000 9.600000
      vertex 8.000000 5.600000 7.000000
    endloop
  endfacet
  facet normal 0.000000 0.000000 1.000000
    outer loop
      vertex 5.600000 5.600000 9.600000
      vertex 5.600000 8.000000 9.600000
      vertex 8.000000 8.000000 9.600000
    endloop
  endfacet
  facet normal 0.000000 0.000000 1.000000
    outer loop
      vertex 5.600000 5.600000 9.600000
      vertex 8.000000 8.000000 9.600000
      vertex 8.000000 5.600000 9.600000
    endloop
  endfacet
  facet normal 0.000000 0.000000 -1.000000
    outer loop
      vertex 5.600000 8.000000 0.000000
      vertex 8.000000 8.000000 0.000000
      vertex 8.000000 19.000000 0.000000
    endloop
  endfacet
  facet normal 0.000000 0.000000 -1.000000
    outer loop
      vertex 5.600000 8.000000 0.000000
      vertex 8.000000 19.000000 0.000000
      vertex 5.600000 19.000000 0.000000
    endloop
  endfacet
  facet normal -1.000000 0.000000 0.000000
    outer loop
      vertex 5.600000 8.000000 3.000000
      vertex 5.600000 19.000000 3.000000
      vertex 5.600000 19.000000 7.000000
    endloop
  endfacet
  facet normal -1.000000 0.000000 0.000000
    outer loop
      vertex 5.600000 8.000000 3.000000
      vertex 5.600000 19.000000 7.000000
      vertex 5.600000 8.000000 7.000000
    endloop
  endfacet
  facet normal 1.000000 0.000000 0.000000
    outer loop
      vertex 8.000000 8.000000 3.000000
      vertex 8.000000 8.000000 7.000000
      vertex 8.000000 19.000000 7.000000
    endloop
  endfacet
  facet normal 1.000000 0.000000 0.000000
    outer loop
      vertex 8.000000 8.000000 3.000000
      vertex 8.000000 19.000000 7.000000
      vertex 8.000000 19.000000 3.000000
    endloop
  endfacet
  facet normal 0.000000 1.000000 0.000000
    outer loop
      vertex 5.600000 19.000000 3.000000
      vertex 8.000000 19.000000 3.000000
      vertex 8.000000 19.000000 7.000000
    endloop
  endfacet
  facet normal 0.000000 1.000000 0.000000
    outer loop
      vertex 5.600000 19.000000 3.000000
      vertex 8.000000 19.000000 7.000000
      vertex 5.600000 19.000000 7.000000
    endloop
  endfacet
  facet normal -1.000000 0.000000 0.000000
    outer loop
      vertex 5.600000 8.000000 7.000000
      vertex 5.600000 19.000000 7.000000
      vertex 5.600000 19.000000 9.600000
    endloop
  endfacet
  facet normal -1.000000 0.000000 0.000000
    outer loop
      vertex 5.600000 8.000000 7.000000
      vertex 5.600000 19.000000 9.600000
      vertex 5.600000 8.000000 9.600000
    endloop
  endfacet
  facet normal 1.000000 0.000000 0.000000
    outer loop
      vertex 8.000000 8.000000 7.000000
      vertex 8.000000 8.000000 9.600000
      vertex 8.000000 19.000000 9.600000
    endloop
  endfacet
  facet normal 1.000000 0.000000 0.000000
    outer loop
      vertex 8.000000 8.000000 7.000000
      vertex 8.000000 19.000000 9.600000
      vertex 8.000000 19.000000 7.000000
    endloop
  endfacet
  facet normal 0.000000 1.000000 0.000000
    outer loop
      vertex 5.600000 19.000000 7.000000
      vertex 8.000000 19.000000 7.000000
      vertex 8.000000 19.000000 9.600000
    endloop
  endfacet
  facet normal 0.000000 1.000000 0.000000
    outer loop
      vertex 5.600000 19.000000 7.000000
      vertex 8.000000 19.000000 9.600000
      vertex 5.600000 19.000000 9.600000
    endloop
  endfacet
  facet normal 0.000000 0.000000 1.000000
    outer loop
      vertex 5.600000 8.000000 9.600000
      vertex 5.600000 19.000000 9.600000
      vertex 8.000000 19.000000 9.600000
    endloop
  endfacet
  facet normal 0.000000 0.000000 1.000000
    outer loop
      vertex 5.600000 8.000000 9.600000
      vertex 8.000000 19.000000 9.600000
      vertex 8.000000 8.000000 9.600000
    endloop
  endfacet
  facet normal 0.000000 0.000000 -1.000000
    outer loop
      vertex 5.600000 19.000000 0.000000
      vertex 8.000000 19.000000 0.000000
      vertex 8.000000 22.850000 0.000000
    endloop
  endfacet
  facet normal 0.000000 0.000000 -1.000000
    outer loop
      vertex 5.600000 19.000000 0.000000
      vertex 8.000000 22.850000 0.000000
      vertex 5.600000 22.850000 0.000000
    endloop
  endfacet
  facet normal 0.000000 0.000000 1.000000
    outer loop
      vertex 5.600000 19.000000 3.000000
      vertex 5.600000 22.850000 3.000000
      vertex 8.000000 22.850000 3.000000
    endloop
  endfacet
  facet normal 0.000000 0.000000 1.000000
    outer loop
      vertex 5.600000 19.000000 3.000000
      vertex 8.000000 22.850000 3.000000
      vertex 8.000000 19.000000 3.000000
    endloop
  endfacet
  facet normal 0.000000 0.000000 -1.000000
    outer loop
      vertex 5.600000 22.850000 0.000000
      vertex 8.000000 22.850000 0.000000
      vertex 8.000000 24.850000 0.000000
    endloop
  endfacet
  facet normal 0.000000 0.000000 -1.000000
    outer loop
      vertex 5.600000 22.850000 0.000000
      vertex 8.000000 24.850000 0.000000
      vertex 5.600000 24.850000 0.000000
    endloop
  endfacet
  facet normal 0.000000 0.000000 1.000000
    outer loop
      vertex 5.600000 22.850000 3.000000
      vertex 5.600000 24.850000 3.000000
      vertex 8.000000 24.850000 3.000000
    endloop
  endfacet
  facet normal 0.000000 0.000000 1.000000
    outer loop
      vertex 5.600000 22.850000 3.000000
      vertex 8.000000 24.850000 3.000000
      vertex 8.000000 22.850000 3.000000
    endloop
  endfacet
  facet normal 0.000000 0.000000 -1.000000
    outer loop
      vertex 5.600000 24.850000 0.000000
      vertex 8.000000 24.850000 0.000000
      vertex 8.000000 27.930000 0.000000
    endloop
  endfacet
  facet normal 0.000000 0.000000 -1.000000
    outer loop
      vertex 5.600000 24.850000 0.000000
      vertex 8.000000 27.930000 0.000000
      vertex 5.600000 27.930000 0.000000
    endloop
  endfacet
  facet normal 0.000000 0.000000 1.000000
    outer loop
      vertex 5.600000 24.850000 3.000000
      vertex 5.600000 27.930000 3.000000
      vertex 8.000000 27.930000 3.000000
    endloop
  endfacet
  facet normal 0.000000 0.000000 1.000000
    outer loop
      vertex 5.600000 24.850000 3.000000
      vertex 8.000000 27.930000 3.000000
      vertex 8.000000 24.850000 3.000000
    endloop
  endfacet
  facet normal 0.000000 0.000000 -1.000000
    outer loop
      vertex 5.600000 27.930000 0.000000
      vertex 8.000000 27.930000 0.000000
      vertex 8.000000 29.850000 0.000000
    endloop
  endfacet
  facet normal 0.000000 0.000000 -1.000000
    outer loop
      vertex 5.600000 27.930000 0.000000
      vertex 8.000000 29.850000 0.000000
      vertex 5.600000 29.850000 0.000000
    endloop
  endfacet
  facet normal 0.000000 0.000000 1.000000
    outer loop
      vertex 5.600000 27.930000 3.000000
      vertex 5.600000 29.850000 3.000000
      vertex 8.000000 29.850000 3.000000
    endloop
  endfacet
  facet normal 0.000000 0.000000 1.000000
    outer loop
      vertex 5.600000 27.930000 3.000000
      vertex 8.000000 29.850000 3.000000
      vertex 8.000000 27.930000 3.000000
    endloop
  endfacet
  facet normal 0.000000 0.000000 -1.000000
    outer loop
      vertex 5.600000 29.850000 0.000000
      vertex 8.000000 29.850000 0.000000
      vertex 8.000000 29.930000 0.000000
    endloop
  endfacet
  facet normal 0.000000 0.000000 -1.000000
    outer loop
      vertex 5.600000 29.850000 0.000000
      vertex 8.000000 29.930000 0.000000
      vertex 5.600000 29.930000 0.000000
    endloop
  endfacet
  facet normal 0.000000 0.000000 1.000000
    outer loop
      vertex 5.600000 29.850000 3.000000
      vertex 5.600000 29.930000 3.000000
      vertex 8.000000 29.930000 3.000000
    endloop
  endfacet
  facet normal 0.000000 0.000000 1.000000
    outer loop
      vertex 5.600000 29.850000 3.000000
      vertex 8.000000 29.930000 3.000000
      vertex 8.000000 29.850000 3.000000
    endloop
  endfacet
  facet normal 0.000000 0.000000 -1.000000
    outer loop
      vertex 5.600000 29.930000 0.000000
      vertex 8.000000 29.930000 0.000000
      vertex 8.000000 31.850000 0.000000
    endloop
  endfacet
  facet normal 0.000000 0.000000 -1.000000
    outer loop
      vertex 5.600000 29.930000 0.000000
      vertex 8.000000 31.850000 0.000000
      vertex 5.600000 31.850000 0.000000
    endloop
  endfacet
  facet normal 0.000000 0.000000 1.000000
    outer loop
      vertex 5.600000 29.930000 3.000000
      vertex 5.600000 31.850000 3.000000
      vertex 8.000000 31.850000 3.000000
    endloop
  endfacet
  facet normal 0.000000 0.000000 1.000000
    outer loop
      vertex 5.600000 29.930000 3.000000
      vertex 8.000000 31.850000 3.000000
      vertex 8.000000 29.930000 3.000000
    endloop
  endfacet
  facet normal 0.000000 0.000000 -1.000000
    outer loop
      vertex 5.600000 31.850000 0.000000
      vertex 8.000000 31.850000 0.000000
      vertex 8.000000 34.930000 0.000000
    endloop
  endfacet
  facet normal 0.000000 0.000000 -1.000000
    outer loop
      vertex 5.600000 31.850000 0.000000
      vertex 8.000000 34.930000 0.000000
      vertex 5.600000 34.930000 0.000000
    endloop
  endfacet
  facet normal 0.000000 0.000000 1.000000
    outer loop
      vertex 5.600000 31.850000 3.000000
      vertex 5.600000 34.930000 3.000000
      vertex 8.000000 34.930000 3.000000
    endloop
  endfacet
  facet normal 0.000000 0.000000 1.000000
    outer loop
      vertex 5.600000 31.850000 3.000000
      vertex 8.000000 34.930000 3.000000
      vertex 8.000000 31.850000 3.000000
    endloop
  endfacet
  facet normal 0.000000 0.000000 -1.000000
    outer loop
      vertex 5.600000 34.930000 0.000000
      vertex 8.000000 34.930000 0.000000
      vertex 8.000000 36.930000 0.000000
    endloop
  endfacet
  facet normal 0.000000 0.000000 -1.000000
    outer loop
      vertex 5.600000 34.930000 0.000000
      vertex 8.000000 36.930000 0.000000
      vertex 5.600000 36.930000 0.000000
    endloop
  endfacet
  facet normal 0.000000 0.000000 1.000000
    outer loop
      vertex 5.600000 34.930000 3.000000
      vertex 5.600000 36.930000 3.000000
      vertex 8.000000 36.930000 3.000000
    endloop
  endfacet
  facet normal 0.000000 0.000000 1.000000
    outer loop
      vertex 5.600000 34.930000 3.000000
      vertex 8.000000 36.930000 3.000000
      vertex 8.000000 34.930000 3.000000
    endloop
  endfacet
  facet normal 0.000000 0.000000 -1.000000
    outer loop
      vertex 5.600000 36.930000 0.000000
      vertex 8.000000 36.930000 0.000000
      vertex 8.000000 53.480000 0.000000
    endloop
  endfacet
  facet normal 0.000000 0.000000 -1.000000
    outer loop
      vertex 5.600000 36.930000 0.000000
      vertex 8.000000 53.480000 0.000000
      vertex 5.600000 53.480000 0.000000
    endloop
  endfacet
  facet normal 0.000000 0.000000 1.000000
    outer loop
      vertex 5.600000 36.930000 3.000000
      vertex 5.600000 53.480000 3.000000
      vertex 8.000000 53.480000 3.000000
    endloop
  endfacet
  facet normal 0.000000 0.000000 1.000000
    outer loop
      vertex 5.600000 36.930000 3.000000
      vertex 8.000000 53.480000 3.000000
      vertex 8.000000 36.930000 3.000000
    endloop
  endfacet
  facet normal 0.000000 0.000000 -1.000000
    outer loop
      vertex 5.600000 53.480000 0.000000
      vertex 8.000000 53.480000 0.000000
      vertex 8.000000 55.870000 0.000000
    endloop
  endfacet
  facet normal 0.000000 0.000000 -1.000000
    outer loop
      vertex 5.600000 53.480000 0.000000
      vertex 8.000000 55.870000 0.000000
      vertex 5.600000 55.870000 0.000000
    endloop
  endfacet
  facet normal -1.000000 0.000000 0.000000
    outer loop
      vertex 5.600000 53.480000 3.000000
      vertex 5.600000 55.870000 3.000000
      vertex 5.600000 55.870000 7.000000
    endloop
  endfacet
  facet normal -1.000000 0.000000 0.000000
    outer loop
      vertex 5.600000 53.480000 3.000000
      vertex 5.600000 55.870000 7.000000
      vertex 5.600000 53.480000 7.000000
    endloop
  endfacet
  facet normal 1.000000 0.000000 0.000000
    outer loop
      vertex 8.000000 53.480000 3.000000
      vertex 8.000000 53.480000 7.000000
      vertex 8.000000 55.870000 7.000000
    endloop
  endfacet
  facet normal 1.000000 0.000000 0.000000
    outer loop
      vertex 8.000000 53.480000 3.000000
      vertex 8.000000 55.870000 7.000000
      vertex 8.000000 55.870000 3.000000
    endloop
  endfacet
  facet normal 0.000000 -1.000000 0.000000
    outer loop
      vertex 5.600000 53.480000 3.000000
      vertex 5.600000 53.480000 7.000000
      vertex 8.000000 53.480000 7.000000
    endloop
  endfacet
  facet normal 0.000000 -1.000000 0.000000
    outer loop
      vertex 5.600000 53.480000 3.000000
      vertex 8.000000 53.480000 7.000000
      vertex 8.000000 53.480000 3.000000
    endloop
  endfacet
  facet normal -1.000000 0.000000 0.000000
    outer loop
      vertex 5.600000 53.480000 7.000000
      vertex 5.600000 55.870000 7.000000
      vertex 5.600000 55.870000 9.600000
    endloop
  endfacet
  facet normal -1.000000 0.000000 0.000000
    outer loop
      vertex 5.600000 53.480000 7.000000
      vertex 5.600000 55.870000 9.600000
      vertex 5.600000 53.480000 9.600000
    endloop
  endfacet
  facet normal 1.000000 0.000000 0.000000
    outer loop
      vertex 8.000000 53.480000 7.000000
      vertex 8.000000 53.480000 9.600000
      vertex 8.000000 55.870000 9.600000
    endloop
  endfacet
  facet normal 1.000000 0.000000 0.000000
    outer loop
      vertex 8.000000 53.480000 7.000000
      vertex 8.000000 55.870000 9.600000
      vertex 8.000000 55.870000 7.000000
    endloop
  endfacet
  facet normal 0.000000 -1.000000 0.000000
    outer loop
      vertex 5.600000 53.480000 7.000000
      vertex 5.600000 53.480000 9.600000
      vertex 8.000000 53.480000 9.600000
    endloop
  endfacet
  facet normal 0.000000 -1.000000 0.000000
    outer loop
      vertex 5.600000 53.480000 7.000000
      vertex 8.000000 53.480000 9.600000
      vertex 8.000000 53.480000 7.000000
    endloop
  endfacet
  facet normal 0.000000 0.000000 1.000000
    outer loop
      vertex 5.600000 53.480000 9.600000
      vertex 5.600000 55.870000 9.600000
      vertex 8.000000 55.870000 9.600000
    endloop
  endfacet
  facet normal 0.000000 0.000000 1.000000
    outer loop
      vertex 5.600000 53.480000 9.600000
      vertex 8.000000 55.870000 9.600000
      vertex 8.000000 53.480000 9.600000
    endloop
  endfacet
  facet normal 0.000000 0.000000 -1.000000
    outer loop
      vertex 5.600000 55.870000 0.000000
      vertex 8.000000 55.870000 0.000000
      vertex 8.000000 57.870000 0.000000
    endloop
  endfacet
  facet normal 0.000000 0.000000 -1.000000
    outer loop
      vertex 5.600000 55.870000 0.000000
      vertex 8.000000 57.870000 0.000000
      vertex 5.600000 57.870000 0.000000
    endloop
  endfacet
  facet normal -1.000000 0.000000 0.000000
    outer loop
      vertex 5.600000 55.870000 3.000000
      vertex 5.600000 57.870000 3.000000
      vertex 5.600000 57.870000 7.000000
    endloop
  endfacet
  facet normal -1.000000 0.000000 0.000000
    outer loop
      vertex 5.600000 55.870000 3.000000
      vertex 5.600000 57.870000 7.000000
      vertex 5.600000 55.870000 7.000000
    endloop
  endfacet
  facet normal 1.000000 0.000000 0.000000
    outer loop
      vertex 8.000000 55.870000 3.000000
      vertex 8.000000 55.870000 7.000000
      vertex 8.000000 57.870000 7.000000
    endloop
  endfacet
  facet normal 1.000000 0.000000 0.000000
    outer loop
      vertex 8.000000 55.870000 3.000000
      vertex 8.000000 57.870000 7.000000
      vertex 8.000000 57.870000 3.000000
    endloop
  endfacet
  facet normal -1.000000 0.000000 0.000000
    outer loop
      vertex 5.600000 55.870000 7.000000
      vertex 5.600000 57.870000 7.000000
      vertex 5.600000 57.870000 9.600000
    endloop
  endfacet
  facet normal -1.000000 0.000000 0.000000
    outer loop
      vertex 5.600000 55.870000 7.000000
      vertex 5.600000 57.870000 9.600000
      vertex 5.600000 55.870000 9.600000
    endloop
  endfacet
  facet normal 1.000000 0.000000 0.000000
    outer loop
      vertex 8.000000 55.870000 7.000000
      vertex 8.000000 55.870000 9.600000
      vertex 8.000000 57.870000 9.600000
    endloop
  endfacet
  facet normal 1.000000 0.000000 0.000000
    outer loop
      vertex 8.000000 55.870000 7.000000
      vertex 8.000000 57.870000 9.600000
      vertex 8.000000 57.870000 7.000000
    endloop
  endfacet
  facet normal 0.000000 0.000000 1.000000
    outer loop
      vertex 5.600000 55.870000 9.600000
      vertex 5.600000 57.870000 9.600000
      vertex 8.000000 57.870000 9.600000
    endloop
  endfacet
  facet normal 0.000000 0.000000 1.000000
    outer loop
      vertex 5.600000 55.870000 9.600000
      vertex 8.000000 57.870000 9.600000
      vertex 8.000000 55.870000 9.600000
    endloop
  endfacet
  facet normal 0.000000 0.000000 -1.000000
    outer loop
      vertex 5.600000 57.870000 0.000000
      vertex 8.000000 57.870000 0.000000
      vertex 8.000000 62.870000 0.000000
    endloop
  endfacet
  facet normal 0.000000 0.000000 -1.000000
    outer loop
      vertex 5.600000 57.870000 0.000000
      vertex 8.000000 62.870000 0.000000
      vertex 5.600000 62.870000 0.000000
    endloop
  endfacet
  facet normal -1.000000 0.000000 0.000000
    outer loop
      vertex 5.600000 57.870000 3.000000
      vertex 5.600000 62.870000 3.000000
      vertex 5.600000 62.870000 7.000000
    endloop
  endfacet
  facet normal -1.000000 0.000000 0.000000
    outer loop
      vertex 5.600000 57.870000 3.000000
      vertex 5.600000 62.870000 7.000000
      vertex 5.600000 57.870000 7.000000
    endloop
  endfacet
  facet normal 1.000000 0.000000 0.000000
    outer loop
      vertex 8.000000 57.870000 3.000000
      vertex 8.000000 57.870000 7.000000
      vertex 8.000000 62.870000 7.000000
    endloop
  endfacet
  facet normal 1.000000 0.000000 0.000000
    outer loop
      vertex 8.000000 57.870000 3.000000
      vertex 8.000000 62.870000 7.000000
      vertex 8.000000 62.870000 3.000000
    endloop
  endfacet
  facet normal -1.000000 0.000000 0.000000
    outer loop
      vertex 5.600000 57.870000 7.000000
      vertex 5.600000 62.870000 7.000000
      vertex 5.600000 62.870000 9.600000
    endloop
  endfacet
  facet normal -1.000000 0.000000 0.000000
    outer loop
      vertex 5.600000 57.870000 7.000000
      vertex 5.600000 62.870000 9.600000
      vertex 5.600000 57.870000 9.600000
    endloop
  endfacet
  facet normal 1.000000 0.000000 0.000000
    outer loop
      vertex 8.000000 57.870000 7.000000
      vertex 8.000000 57.870000 9.600000
      vertex 8.000000 62.870000 9.600000
    endloop
  endfacet
  facet normal 1.000000 0.000000 0.000000
    outer loop
      vertex 8.000000 57.870000 7.000000
      vertex 8.000000 62.870000 9.600000
      vertex 8.000000 62.870000 7.000000
    endloop
  endfacet
  facet normal 0.000000 0.000000 1.000000
    outer loop
      vertex 5.600000 57.870000 9.600000
      vertex 5.600000 62.870000 9.600000
      vertex 8.000000 62.870000 9.600000
    endloop
  endfacet
  facet normal 0.000000 0.000000 1.000000
    outer loop
      vertex 5.600000 57.870000 9.600000
      vertex 8.000000 62.870000 9.600000
      vertex 8.000000 57.870000 9.600000
    endloop
  endfacet
  facet normal 0.000000 0.000000 -1.000000
    outer loop
      vertex 5.600000 62.870000 0.000000
      vertex 8.000000 62.870000 0.000000
      vertex 8.000000 64.480000 0.000000
    endloop
  endfacet
  facet normal 0.000000 0.000000 -1.000000
    outer loop
      vertex 5.600000 62.870000 0.000000
      vertex 8.000000 64.480000 0.000000
      vertex 5.600000 64.480000 0.000000
    endloop
  endfacet
  facet normal -1.000000 0.000000 0.000000
    outer loop
      vertex 5.600000 62.870000 3.000000
      vertex 5.600000 64.480000 3.000000
      vertex 5.600000 64.480000 7.000000
    endloop
  endfacet
  facet normal -1.000000 0.000000 0.000000
    outer loop
      vertex 5.600000 62.870000 3.000000
      vertex 5.600000 64.480000 7.000000
      vertex 5.600000 62.870000 7.000000
    endloop
  endfacet
  facet normal 1.000000 0.000000 0.000000
    outer loop
      vertex 8.000000 62.870000 3.000000
      vertex 8.000000 62.870000 7.000000
      vertex 8.000000 64.480000 7.000000
    endloop
  endfacet
  facet normal 1.000000 0.000000 0.000000
    outer loop
      vertex 8.000000 62.870000 3.000000
      vertex 8.000000 64.480000 7.000000
      vertex 8.000000 64.480000 3.000000
    endloop
  endfacet
  facet normal -1.000000 0.000000 0.000000
    outer loop
      vertex 5.600000 62.870000 7.000000
      vertex 5.600000 64.480000 7.000000
      vertex 5.600000 64.480000 9.600000
    endloop
  endfacet
  facet normal -1.000000 0.000000 0.000000
    outer loop
      vertex 5.600000 62.870000 7.000000
      vertex 5.600000 64.480000 9.600000
      vertex 5.600000 62.870000 9.600000
    endloop
  endfacet
  facet normal 1.000000 0.000000 0.000000
    outer loop
      vertex 8.000000 62.870000 7.000000
      vertex 8.000000 62.870000 9.600000
      vertex 8.000000 64.480000 9.600000
    endloop
  endfacet
  facet normal 1.000000 0.000000 0.000000
    outer loop
      vertex 8.000000 62.870000 7.000000
      vertex 8.000000 64.480000 9.600000
      vertex 8.000000 64.480000 7.000000
    endloop
  endfacet
  facet normal 0.000000 0.000000 1.000000
    outer loop
      vertex 5.600000 62.870000 9.600000
      vertex 5.600000 64.480000 9.600000
      vertex 8.000000 64.480000 9.600000
    endloop
  endfacet
  facet normal 0.000000 0.000000 1.000000
    outer loop
      vertex 5.600000 62.870000 9.600000
      vertex 8.000000 64.480000 9.600000
      vertex 8.000000 62.870000 9.600000
    endloop
  endfacet
  facet normal 0.000000 0.000000 -1.000000
    outer loop
      vertex 5.600000 64.480000 0.000000
      vertex 8.000000 64.480000 0.000000
      vertex 8.000000 64.870000 0.000000
    endloop
  endfacet
  facet normal 0.000000 0.000000 -1.000000
    outer loop
      vertex 5.600000 64.480000 0.000000
      vertex 8.000000 64.870000 0.000000
      vertex 5.600000 64.870000 0.000000
    endloop
  endfacet
  facet normal -1.000000 0.000000 0.000000
    outer loop
      vertex 5.600000 64.480000 3.000000
      vertex 5.600000 64.870000 3.000000
      vertex 5.600000 64.870000 7.000000
    endloop
  endfacet
  facet normal -1.000000 0.000000 0.000000
    outer loop
      vertex 5.600000 64.480000 3.000000
      vertex 5.600000 64.870000 7.000000
      vertex 5.600000 64.480000 7.000000
    endloop
  endfacet
  facet normal -1.000000 0.000000 0.000000
    outer loop
      vertex 5.600000 64.480000 7.000000
      vertex 5.600000 64.870000 7.000000
      vertex 5.600000 64.870000 9.600000
    endloop
  endfacet
  facet normal -1.000000 0.000000 0.000000
    outer loop
      vertex 5.600000 64.480000 7.000000
      vertex 5.600000 64.870000 9.600000
      vertex 5.600000 64.480000 9.600000
    endloop
  endfacet
  facet normal 0.000000 0.000000 1.000000
    outer loop
      vertex 5.600000 64.480000 9.600000
      vertex 5.600000 64.870000 9.600000
      vertex 8.000000 64.870000 9.600000
    endloop
  endfacet
  facet normal 0.000000 0.000000 1.000000
    outer loop
      vertex 5.600000 64.480000 9.600000
      vertex 8.000000 64.870000 9.600000
      vertex 8.000000 64.480000 9.600000
    endloop
  endfacet
  facet normal 0.000000 0.000000 -1.000000
    outer loop
      vertex 5.600000 64.870000 0.000000
      vertex 8.000000 64.870000 0.000000
      vertex 8.000000 66.880000 0.000000
    endloop
  endfacet
  facet normal 0.000000 0.000000 -1.000000
    outer loop
      vertex 5.600000 64.870000 0.000000
      vertex 8.000000 66.880000 0.000000
      vertex 5.600000 66.880000 0.000000
    endloop
  endfacet
  facet normal -1.000000 0.000000 0.000000
    outer loop
      vertex 5.600000 64.870000 3.000000
      vertex 5.600000 66.880000 3.000000
      vertex 5.600000 66.880000 7.000000
    endloop
  endfacet
  facet normal -1.000000 0.000000 0.000000
    outer loop
      vertex 5.600000 64.870000 3.000000
      vertex 5.600000 66.880000 7.000000
      vertex 5.600000 64.870000 7.000000
    endloop
  endfacet
  facet normal 0.000000 1.000000 0.000000
    outer loop
      vertex 5.600000 66.880000 3.000000
      vertex 8.000000 66.880000 3.000000
      vertex 8.000000 66.880000 7.000000
    endloop
  endfacet
  facet normal 0.000000 1.000000 0.000000
    outer loop
      vertex 5.600000 66.880000 3.000000
      vertex 8.000000 66.880000 7.000000
      vertex 5.600000 66.880000 7.000000
    endloop
  endfacet
  facet normal -1.000000 0.000000 0.000000
    outer loop
      vertex 5.600000 64.870000 7.000000
      vertex 5.600000 66.880000 7.000000
      vertex 5.600000 66.880000 9.600000
    endloop
  endfacet
  facet normal -1.000000 0.000000 0.000000
    outer loop
      vertex 5.600000 64.870000 7.000000
      vertex 5.600000 66.880000 9.600000
      vertex 5.600000 64.870000 9.600000
    endloop
  endfacet
  facet normal 0.000000 1.000000 0.000000
    outer loop
      vertex 5.600000 66.880000 7.000000
      vertex 8.000000 66.880000 7.000000
      vertex 8.000000 66.880000 9.600000
    endloop
  endfacet
  facet normal 0.000000 1.000000 0.000000
    outer loop
      vertex 5.600000 66.880000 7.000000
      vertex 8.000000 66.880000 9.600000
      vertex 5.600000 66.880000 9.600000
    endloop
  endfacet
  facet normal 0.000000 0.000000 1.000000
    outer loop
      vertex 5.600000 64.870000 9.600000
      vertex 5.600000 66.880000 9.600000
      vertex 8.000000 66.880000 9.600000
    endloop
  endfacet
  facet normal 0.000000 0.000000 1.000000
    outer loop
      vertex 5.600000 64.870000 9.600000
      vertex 8.000000 66.880000 9.600000
      vertex 8.000000 64.870000 9.600000
    endloop
  endfacet
  facet normal 0.000000 1.000000 0.000000
    outer loop
      vertex 5.600000 72.480000 0.000000
      vertex 8.000000 72.480000 0.000000
      vertex 8.000000 72.480000 3.000000
    endloop
  endfacet
  facet normal 0.000000 1.000000 0.000000
    outer loop
      vertex 5.600000 72.480000 0.000000
      vertex 8.000000 72.480000 3.000000
      vertex 5.600000 72.480000 3.000000
    endloop
  endfacet
  facet normal 0.000000 0.000000 -1.000000
    outer loop
      vertex 5.600000 66.880000 0.000000
      vertex 8.000000 66.880000 0.000000
      vertex 8.000000 72.480000 0.000000
    endloop
  endfacet
  facet normal 0.000000 0.000000 -1.000000
    outer loop
      vertex 5.600000 66.880000 0.000000
      vertex 8.000000 72.480000 0.000000
      vertex 5.600000 72.480000 0.000000
    endloop
  endfacet
  facet normal 0.000000 0.000000 1.000000
    outer loop
      vertex 5.600000 66.880000 3.000000
      vertex 5.600000 72.480000 3.000000
      vertex 8.000000 72.480000 3.000000
    endloop
  endfacet
  facet normal 0.000000 0.000000 1.000000
    outer loop
      vertex 5.600000 66.880000 3.000000
      vertex 8.000000 72.480000 3.000000
      vertex 8.000000 66.880000 3.000000
    endloop
  endfacet
  facet normal 0.000000 -1.000000 0.000000
    outer loop
      vertex 8.000000 0.000000 0.000000
      vertex 8.000000 0.000000 3.000000
      vertex 19.000000 0.000000 3.000000
    endloop
  endfacet
  facet normal 0.000000 -1.000000 0.000000
    outer loop
      vertex 8.000000 0.000000 0.000000
      vertex 19.000000 0.000000 3.000000
      vertex 19.000000 0.000000 0.000000
    endloop
  endfacet
  facet normal 0.000000 0.000000 -1.000000
    outer loop
      vertex 8.000000 0.000000 0.000000
      vertex 19.000000 0.000000 0.000000
      vertex 19.000000 5.600000 0.000000
    endloop
  endfacet
  facet normal 0.000000 0.000000 -1.000000
    outer loop
      vertex 8.000000 0.000000 0.000000
      vertex 19.000000 5.600000 0.000000
      vertex 8.000000 5.600000 0.000000
    endloop
  endfacet
  facet normal 0.000000 0.000000 1.000000
    outer loop
      vertex 8.000000 0.000000 3.000000
      vertex 8.000000 5.600000 3.000000
      vertex 19.000000 5.600000 3.000000
    endloop
  endfacet
  facet normal 0.000000 0.000000 1.000000
    outer loop
      vertex 8.000000 0.000000 3.000000
      vertex 19.000000 5.600000 3.000000
      vertex 19.000000 0.000000 3.000000
    endloop
  endfacet
  facet normal 0.000000 0.000000 -1.000000
    outer loop
      vertex 8.000000 5.600000 0.000000
      vertex 19.000000 5.600000 0.000000
      vertex 19.000000 8.000000 0.000000
    endloop
  endfacet
  facet normal 0.000000 0.000000 -1.000000
    outer loop
      vertex 8.000000 5.600000 0.000000
      vertex 19.000000 8.000000 0.000000
      vertex 8.000000 8.000000 0.000000
    endloop
  endfacet
  facet normal 1.000000 0.000000 0.000000
    outer loop
      vertex 19.000000 5.600000 3.000000
      vertex 19.000000 5.600000 7.000000
      vertex 19.000000 8.000000 7.000000
    endloop
  endfacet
  facet normal 1.000000 0.000000 0.000000
    outer loop
      vertex 19.000000 5.600000 3.000000
      vertex 19.000000 8.000000 7.000000
      vertex 19.000000 8.000000 3.000000
    endloop
  endfacet
  facet normal 0.000000 -1.000000 0.000000
    outer loop
      vertex 8.000000 5.600000 3.000000
      vertex 8.000000 5.600000 7.000000
      vertex 19.000000 5.600000 7.000000
    endloop
  endfacet
  facet normal 0.000000 -1.000000 0.000000
    outer loop
      vertex 8.000000 5.600000 3.000000
      vertex 19.000000 5.600000 7.000000
      vertex 19.000000 5.600000 3.000000
    endloop
  endfacet
  facet normal 0.000000 1.000000 0.000000
    outer loop
      vertex 8.000000 8.000000 3.000000
      vertex 19.000000 8.000000 3.000000
      vertex 19.000000 8.000000 7.000000
    endloop
  endfacet
  facet normal 0.000000 1.000000 0.000000
    outer loop
      vertex 8.000000 8.000000 3.000000
      vertex 19.000000 8.000000 7.000000
      vertex 8.000000 8.000000 7.000000
    endloop
  endfacet
  facet normal 1.000000 0.000000 0.000000
    outer loop
      vertex 19.000000 5.600000 7.000000
      vertex 19.000000 5.600000 9.600000
      vertex 19.000000 8.000000 9.600000
    endloop
  endfacet
  facet normal 1.000000 0.000000 0.000000
    outer loop
      vertex 19.000000 5.600000 7.000000
      vertex 19.000000 8.000000 9.600000
      vertex 19.000000 8.000000 7.000000
    endloop
  endfacet
  facet normal 0.000000 -1.000000 0.000000
    outer loop
      vertex 8.000000 5.600000 7.000000
      vertex 8.000000 5.600000 9.600000
      vertex 19.000000 5.600000 9.600000
    endloop
  endfacet
  facet normal 0.000000 -1.000000 0.000000
    outer loop
      vertex 8.000000 5.600000 7.000000
      vertex 19.000000 5.600000 9.600000
      vertex 19.000000 5.600000 7.000000
    endloop
  endfacet
  facet normal 0.000000 1.000000 0.000000
    outer loop
      vertex 8.000000 8.000000 7.000000
      vertex 19.000000 8.000000 7.000000
      vertex 19.000000 8.000000 9.600000
    endloop
  endfacet
  facet normal 0.000000 1.000000 0.000000
    outer loop
      vertex 8.000000 8.000000 7.000000
      vertex 19.000000 8.000000 9.600000
      vertex 8.000000 8.000000 9.600000
    endloop
  endfacet
  facet normal 0.000000 0.000000 1.000000
    outer loop
      vertex 8.000000 5.600000 9.600000
      vertex 8.000000 8.000000 9.600000
      vertex 19.000000 8.000000 9.600000
    endloop
  endfacet
  facet normal 0.000000 0.000000 1.000000
    outer loop
      vertex 8.000000 5.600000 9.600000
      vertex 19.000000 8.000000 9.600000
      vertex 19.000000 5.600000 9.600000
    endloop
  endfacet
  facet normal 0.000000 0.000000 -1.000000
    outer loop
      vertex 8.000000 8.000000 0.000000
      vertex 19.000000 8.000000 0.000000
      vertex 19.000000 19.000000 0.000000
    endloop
  endfacet
  facet normal 0.000000 0.000000 -1.000000
    outer loop
      vertex 8.000000 8.000000 0.000000
      vertex 19.000000 19.000000 0.000000
      vertex 8.000000 19.000000 0.000000
    endloop
  endfacet
  facet normal 0.000000 0.000000 1.000000
    outer loop
      vertex 8.000000 8.000000 3.000000
      vertex 8.000000 19.000000 3.000000
      vertex 19.000000 19.000000 3.000000
    endloop
  endfacet
  facet normal 0.000000 0.000000 1.000000
    outer loop
      vertex 8.000000 8.000000 3.000000
      vertex 19.000000 19.000000 3.000000
      vertex 19.000000 8.000000 3.000000
    endloop
  endfacet
  facet normal 0.000000 0.000000 -1.000000
    outer loop
      vertex 8.000000 19.000000 0.000000
      vertex 19.000000 19.000000 0.000000
      vertex 19.000000 22.850000 0.000000
    endloop
  endfacet
  facet normal 0.000000 0.000000 -1.000000
    outer loop
      vertex 8.000000 19.000000 0.000000
      vertex 19.000000 22.850000 0.000000
      vertex 8.000000 22.850000 0.000000
    endloop
  endfacet
  facet normal 0.000000 0.000000 1.000000
    outer loop
      vertex 8.000000 19.000000 3.000000
      vertex 8.000000 22.850000 3.000000
      vertex 19.000000 22.850000 3.000000
    endloop
  endfacet
  facet normal 0.000000 0.000000 1.000000
    outer loop
      vertex 8.000000 19.000000 3.000000
      vertex 19.000000 22.850000 3.000000
      vertex 19.000000 19.000000 3.000000
    endloop
  endfacet
  facet normal 0.000000 0.000000 -1.000000
    outer loop
      vertex 8.000000 22.850000 0.000000
      vertex 19.000000 22.850000 0.000000
      vertex 19.000000 24.850000 0.000000
    endloop
  endfacet
  facet normal 0.000000 0.000000 -1.000000
    outer loop
      vertex 8.000000 22.850000 0.000000
      vertex 19.000000 24.850000 0.000000
      vertex 8.000000 24.850000 0.000000
    endloop
  endfacet
  facet normal 0.000000 0.000000 1.000000
    outer loop
      vertex 8.000000 22.850000 3.000000
      vertex 8.000000 24.850000 3.000000
      vertex 19.000000 24.850000 3.000000
    endloop
  endfacet
  facet normal 0.000000 0.000000 1.000000
    outer loop
      vertex 8.000000 22.850000 3.000000
      vertex 19.000000 24.850000 3.000000
      vertex 19.000000 22.850000 3.000000
    endloop
  endfacet
  facet normal 0.000000 0.000000 -1.000000
    outer loop
      vertex 8.000000 24.850000 0.000000
      vertex 19.000000 24.850000 0.000000
      vertex 19.000000 27.930000 0.000000
    endloop
  endfacet
  facet normal 0.000000 0.000000 -1.000000
    outer loop
      vertex 8.000000 24.850000 0.000000
      vertex 19.000000 27.930000 0.000000
      vertex 8.000000 27.930000 0.000000
    endloop
  endfacet
  facet normal 0.000000 0.000000 1.000000
    outer loop
      vertex 8.000000 24.850000 3.000000
      vertex 8.000000 27.930000 3.000000
      vertex 19.000000 27.930000 3.000000
    endloop
  endfacet
  facet normal 0.000000 0.000000 1.000000
    outer loop
      vertex 8.000000 24.850000 3.000000
      vertex 19.000000 27.930000 3.000000
      vertex 19.000000 24.850000 3.000000
    endloop
  endfacet
  facet normal 0.000000 0.000000 -1.000000
    outer loop
      vertex 8.000000 27.930000 0.000000
      vertex 19.000000 27.930000 0.000000
      vertex 19.000000 29.850000 0.000000
    endloop
  endfacet
  facet normal 0.000000 0.000000 -1.000000
    outer loop
      vertex 8.000000 27.930000 0.000000
      vertex 19.000000 29.850000 0.000000
      vertex 8.000000 29.850000 0.000000
    endloop
  endfacet
  facet normal 0.000000 0.000000 1.000000
    outer loop
      vertex 8.000000 27.930000 3.000000
      vertex 8.000000 29.850000 3.000000
      vertex 19.000000 29.850000 3.000000
    endloop
  endfacet
  facet normal 0.000000 0.000000 1.000000
    outer loop
      vertex 8.000000 27.930000 3.000000
      vertex 19.000000 29.850000 3.000000
      vertex 19.000000 27.930000 3.000000
    endloop
  endfacet
  facet normal 0.000000 0.000000 -1.000000
    outer loop
      vertex 8.000000 29.850000 0.000000
      vertex 19.000000 29.850000 0.000000
      vertex 19.000000 29.930000 0.000000
    endloop
  endfacet
  facet normal 0.000000 0.000000 -1.000000
    outer loop
      vertex 8.000000 29.850000 0.000000
      vertex 19.000000 29.930000 0.000000
      vertex 8.000000 29.930000 0.000000
    endloop
  endfacet
  facet normal 0.000000 0.000000 1.000000
    outer loop
      vertex 8.000000 29.850000 3.000000
      vertex 8.000000 29.930000 3.000000
      vertex 19.000000 29.930000 3.000000
    endloop
  endfacet
  facet normal 0.000000 0.000000 1.000000
    outer loop
      vertex 8.000000 29.850000 3.000000
      vertex 19.000000 29.930000 3.000000
      vertex 19.000000 29.850000 3.000000
    endloop
  endfacet
  facet normal 0.000000 0.000000 -1.000000
    outer loop
      vertex 8.000000 29.930000 0.000000
      vertex 19.000000 29.930000 0.000000
      vertex 19.000000 31.850000 0.000000
    endloop
  endfacet
  facet normal 0.000000 0.000000 -1.000000
    outer loop
      vertex 8.000000 29.930000 0.000000
      vertex 19.000000 31.850000 0.000000
      vertex 8.000000 31.850000 0.000000
    endloop
  endfacet
  facet normal 0.000000 0.000000 1.000000
    outer loop
      vertex 8.000000 29.930000 3.000000
      vertex 8.000000 31.850000 3.000000
      vertex 19.000000 31.850000 3.000000
    endloop
  endfacet
  facet normal 0.000000 0.000000 1.000000
    outer loop
      vertex 8.000000 29.930000 3.000000
      vertex 19.000000 31.850000 3.000000
      vertex 19.000000 29.930000 3.000000
    endloop
  endfacet
  facet normal 0.000000 0.000000 -1.000000
    outer loop
      vertex 8.000000 31.850000 0.000000
      vertex 19.000000 31.850000 0.000000
      vertex 19.000000 34.930000 0.000000
    endloop
  endfacet
  facet normal 0.000000 0.000000 -1.000000
    outer loop
      vertex 8.000000 31.850000 0.000000
      vertex 19.000000 34.930000 0.000000
      vertex 8.000000 34.930000 0.000000
    endloop
  endfacet
  facet normal 0.000000 0.000000 1.000000
    outer loop
      vertex 8.000000 31.850000 3.000000
      vertex 8.000000 34.930000 3.000000
      vertex 19.000000 34.930000 3.000000
    endloop
  endfacet
  facet normal 0.000000 0.000000 1.000000
    outer loop
      vertex 8.000000 31.850000 3.000000
      vertex 19.000000 34.930000 3.000000
      vertex 19.000000 31.850000 3.000000
    endloop
  endfacet
  facet normal 0.000000 0.000000 -1.000000
    outer loop
      vertex 8.000000 34.930000 0.000000
      vertex 19.000000 34.930000 0.000000
      vertex 19.000000 36.930000 0.000000
    endloop
  endfacet
  facet normal 0.000000 0.000000 -1.000000
    outer loop
      vertex 8.000000 34.930000 0.000000
      vertex 19.000000 36.930000 0.000000
      vertex 8.000000 36.930000 0.000000
    endloop
  endfacet
  facet normal 0.000000 0.000000 1.000000
    outer loop
      vertex 8.000000 34.930000 3.000000
      vertex 8.000000 36.930000 3.000000
      vertex 19.000000 36.930000 3.000000
    endloop
  endfacet
  facet normal 0.000000 0.000000 1.000000
    outer loop
      vertex 8.000000 34.930000 3.000000
      vertex 19.000000 36.930000 3.000000
      vertex 19.000000 34.930000 3.000000
    endloop
  endfacet
  facet normal 0.000000 0.000000 -1.000000
    outer loop
      vertex 8.000000 36.930000 0.000000
      vertex 19.000000 36.930000 0.000000
      vertex 19.000000 53.480000 0.000000
    endloop
  endfacet
  facet normal 0.000000 0.000000 -1.000000
    outer loop
      vertex 8.000000 36.930000 0.000000
      vertex 19.000000 53.480000 0.000000
      vertex 8.000000 53.480000 0.000000
    endloop
  endfacet
  facet normal 0.000000 0.000000 1.000000
    outer loop
      vertex 8.000000 36.930000 3.000000
      vertex 8.000000 53.480000 3.000000
      vertex 19.000000 53.480000 3.000000
    endloop
  endfacet
  facet normal 0.000000 0.000000 1.000000
    outer loop
      vertex 8.000000 36.930000 3.000000
      vertex 19.000000 53.480000 3.000000
      vertex 19.000000 36.930000 3.000000
    endloop
  endfacet
  facet normal 0.000000 0.000000 -1.000000
    outer loop
      vertex 8.000000 53.480000 0.000000
      vertex 19.000000 53.480000 0.000000
      vertex 19.000000 55.870000 0.000000
    endloop
  endfacet
  facet normal 0.000000 0.000000 -1.000000
    outer loop
      vertex 8.000000 53.480000 0.000000
      vertex 19.000000 55.870000 0.000000
      vertex 8.000000 55.870000 0.000000
    endloop
  endfacet
  facet normal 0.000000 0.000000 1.000000
    outer loop
      vertex 8.000000 53.480000 3.000000
      vertex 8.000000 55.870000 3.000000
      vertex 19.000000 55.870000 3.000000
    endloop
  endfacet
  facet normal 0.000000 0.000000 1.000000
    outer loop
      vertex 8.000000 53.480000 3.000000
      vertex 19.000000 55.870000 3.000000
      vertex 19.000000 53.480000 3.000000
    endloop
  endfacet
  facet normal 0.000000 0.000000 -1.000000
    outer loop
      vertex 8.000000 55.870000 0.000000
      vertex 19.000000 55.870000 0.000000
      vertex 19.000000 57.870000 0.000000
    endloop
  endfacet
  facet normal 0.000000 0.000000 -1.000000
    outer loop
      vertex 8.000000 55.870000 0.000000
      vertex 19.000000 57.870000 0.000000
      vertex 8.000000 57.870000 0.000000
    endloop
  endfacet
  facet normal 0.000000 0.000000 1.000000
    outer loop
      vertex 8.000000 55.870000 3.000000
      vertex 8.000000 57.870000 3.000000
      vertex 19.000000 57.870000 3.000000
    endloop
  endfacet
  facet normal 0.000000 0.000000 1.000000
    outer loop
      vertex 8.000000 55.870000 3.000000
      vertex 19.000000 57.870000 3.000000
      vertex 19.000000 55.870000 3.000000
    endloop
  endfacet
  facet normal 0.000000 0.000000 -1.000000
    outer loop
      vertex 8.000000 57.870000 0.000000
      vertex 19.000000 57.870000 0.000000
      vertex 19.000000 62.870000 0.000000
    endloop
  endfacet
  facet normal 0.000000 0.000000 -1.000000
    outer loop
      vertex 8.000000 57.870000 0.000000
      vertex 19.000000 62.870000 0.000000
      vertex 8.000000 62.870000 0.000000
    endloop
  endfacet
  facet normal 0.000000 0.000000 1.000000
    outer loop
      vertex 8.000000 57.870000 3.000000
      vertex 8.000000 62.870000 3.000000
      vertex 19.000000 62.870000 3.000000
    endloop
  endfacet
  facet normal 0.000000 0.000000 1.000000
    outer loop
      vertex 8.000000 57.870000 3.000000
      vertex 19.000000 62.870000 3.000000
      vertex 19.000000 57.870000 3.000000
    endloop
  endfacet
  facet normal 0.000000 0.000000 -1.000000
    outer loop
      vertex 8.000000 62.870000 0.000000
      vertex 19.000000 62.870000 0.000000
      vertex 19.000000 64.480000 0.000000
    endloop
  endfacet
  facet normal 0.000000 0.000000 -1.000000
    outer loop
      vertex 8.000000 62.870000 0.000000
      vertex 19.000000 64.480000 0.000000
      vertex 8.000000 64.480000 0.000000
    endloop
  endfacet
  facet normal 0.000000 0.000000 1.000000
    outer loop
      vertex 8.000000 62.870000 3.000000
      vertex 8.000000 64.480000 3.000000
      vertex 19.000000 64.480000 3.000000
    endloop
  endfacet
  facet normal 0.000000 0.000000 1.000000
    outer loop
      vertex 8.000000 62.870000 3.000000
      vertex 19.000000 64.480000 3.000000
      vertex 19.000000 62.870000 3.000000
    endloop
  endfacet
  facet normal 0.000000 0.000000 -1.000000
    outer loop
      vertex 8.000000 64.480000 0.000000
      vertex 19.000000 64.480000 0.000000
      vertex 19.000000 64.870000 0.000000
    endloop
  endfacet
  facet normal 0.000000 0.000000 -1.000000
    outer loop
      vertex 8.000000 64.480000 0.000000
      vertex 19.000000 64.870000 0.000000
      vertex 8.000000 64.870000 0.000000
    endloop
  endfacet
  facet normal 1.000000 0.000000 0.000000
    outer loop
      vertex 19.000000 64.480000 3.000000
      vertex 19.000000 64.480000 7.000000
      vertex 19.000000 64.870000 7.000000
    endloop
  endfacet
  facet normal 1.000000 0.000000 0.000000
    outer loop
      vertex 19.000000 64.480000 3.000000
      vertex 19.000000 64.870000 7.000000
      vertex 19.000000 64.870000 3.000000
    endloop
  endfacet
  facet normal 0.000000 -1.000000 0.000000
    outer loop
      vertex 8.000000 64.480000 3.000000
      vertex 8.000000 64.480000 7.000000
      vertex 19.000000 64.480000 7.000000
    endloop
  endfacet
  facet normal 0.000000 -1.000000 0.000000
    outer loop
      vertex 8.000000 64.480000 3.000000
      vertex 19.000000 64.480000 7.000000
      vertex 19.000000 64.480000 3.000000
    endloop
  endfacet
  facet normal 1.000000 0.000000 0.000000
    outer loop
      vertex 19.000000 64.480000 7.000000
      vertex 19.000000 64.480000 9.600000
      vertex 19.000000 64.870000 9.600000
    endloop
  endfacet
  facet normal 1.000000 0.000000 0.000000
    outer loop
      vertex 19.000000 64.480000 7.000000
      vertex 19.000000 64.870000 9.600000
      vertex 19.000000 64.870000 7.000000
    endloop
  endfacet
  facet normal 0.000000 -1.000000 0.000000
    outer loop
      vertex 8.000000 64.480000 7.000000
      vertex 8.000000 64.480000 9.600000
      vertex 19.000000 64.480000 9.600000
    endloop
  endfacet
  facet normal 0.000000 -1.000000 0.000000
    outer loop
      vertex 8.000000 64.480000 7.000000
      vertex 19.000000 64.480000 9.600000
      vertex 19.000000 64.480000 7.000000
    endloop
  endfacet
  facet normal 0.000000 0.000000 1.000000
    outer loop
      vertex 8.000000 64.480000 9.600000
      vertex 8.000000 64.870000 9.600000
      vertex 19.000000 64.870000 9.600000
    endloop
  endfacet
  facet normal 0.000000 0.000000 1.000000
    outer loop
      vertex 8.000000 64.480000 9.600000
      vertex 19.000000 64.870000 9.600000
      vertex 19.000000 64.480000 9.600000
    endloop
  endfacet
  facet normal 0.000000 0.000000 -1.000000
    outer loop
      vertex 8.000000 64.870000 0.000000
      vertex 19.000000 64.870000 0.000000
      vertex 19.000000 66.880000 0.000000
    endloop
  endfacet
  facet normal 0.000000 0.000000 -1.000000
    outer loop
      vertex 8.000000 64.870000 0.000000
      vertex 19.000000 66.880000 0.000000
      vertex 8.000000 66.880000 0.000000
    endloop
  endfacet
  facet normal 1.000000 0.000000 0.000000
    outer loop
      vertex 19.000000 64.870000 3.000000
      vertex 19.000000 64.870000 7.000000
      vertex 19.000000 66.880000 7.000000
    endloop
  endfacet
  facet normal 1.000000 0.000000 0.000000
    outer loop
      vertex 19.000000 64.870000 3.000000
      vertex 19.000000 66.880000 7.000000
      vertex 19.000000 66.880000 3.000000
    endloop
  endfacet
  facet normal 0.000000 1.000000 0.000000
    outer loop
      vertex 8.000000 66.880000 3.000000
      vertex 19.000000 66.880000 3.000000
      vertex 19.000000 66.880000 7.000000
    endloop
  endfacet
  facet normal 0.000000 1.000000 0.000000
    outer loop
      vertex 8.000000 66.880000 3.000000
      vertex 19.000000 66.880000 7.000000
      vertex 8.000000 66.880000 7.000000
    endloop
  endfacet
  facet normal 1.000000 0.000000 0.000000
    outer loop
      vertex 19.000000 64.870000 7.000000
      vertex 19.000000 64.870000 9.600000
      vertex 19.000000 66.880000 9.600000
    endloop
  endfacet
  facet normal 1.000000 0.000000 0.000000
    outer loop
      vertex 19.000000 64.870000 7.000000
      vertex 19.000000 66.880000 9.600000
      vertex 19.000000 66.880000 7.000000
    endloop
  endfacet
  facet normal 0.000000 1.000000 0.000000
    outer loop
      vertex 8.000000 66.880000 7.000000
      vertex 19.000000 66.880000 7.000000
      vertex 19.000000 66.880000 9.600000
    endloop
  endfacet
  facet normal 0.000000 1.000000 0.000000
    outer loop
      vertex 8.000000 66.880000 7.000000
      vertex 19.000000 66.880000 9.600000
      vertex 8.000000 66.880000 9.600000
    endloop
  endfacet
  facet normal 0.000000 0.000000 1.000000
    outer loop
      vertex 8.000000 64.870000 9.600000
      vertex 8.000000 66.880000 9.600000
      vertex 19.000000 66.880000 9.600000
    endloop
  endfacet
  facet normal 0.000000 0.000000 1.000000
    outer loop
      vertex 8.000000 64.870000 9.600000
      vertex 19.000000 66.880000 9.600000
      vertex 19.000000 64.870000 9.600000
    endloop
  endfacet
  facet normal 0.000000 1.000000 0.000000
    outer loop
      vertex 8.000000 72.480000 0.000000
      vertex 19.000000 72.480000 0.000000
      vertex 19.000000 72.480000 3.000000
    endloop
  endfacet
  facet normal 0.000000 1.000000 0.000000
    outer loop
      vertex 8.000000 72.480000 0.000000
      vertex 19.000000 72.480000 3.000000
      vertex 8.000000 72.480000 3.000000
    endloop
  endfacet
  facet normal 0.000000 0.000000 -1.000000
    outer loop
      vertex 8.000000 66.880000 0.000000
      vertex 19.000000 66.880000 0.000000
      vertex 19.000000 72.480000 0.000000
    endloop
  endfacet
  facet normal 0.000000 0.000000 -1.000000
    outer loop
      vertex 8.000000 66.880000 0.000000
      vertex 19.000000 72.480000 0.000000
      vertex 8.000000 72.480000 0.000000
    endloop
  endfacet
  facet normal 0.000000 0.000000 1.000000
    outer loop
      vertex 8.000000 66.880000 3.000000
      vertex 8.000000 72.480000 3.000000
      vertex 19.000000 72.480000 3.000000
    endloop
  endfacet
  facet normal 0.000000 0.000000 1.000000
    outer loop
      vertex 8.000000 66.880000 3.000000
      vertex 19.000000 72.480000 3.000000
      vertex 19.000000 66.880000 3.000000
    endloop
  endfacet
  facet normal 0.000000 -1.000000 0.000000
    outer loop
      vertex 19.000000 0.000000 0.000000
      vertex 19.000000 0.000000 3.000000
      vertex 33.010000 0.000000 3.000000
    endloop
  endfacet
  facet normal 0.000000 -1.000000 0.000000
    outer loop
      vertex 19.000000 0.000000 0.000000
      vertex 33.010000 0.000000 3.000000
      vertex 33.010000 0.000000 0.000000
    endloop
  endfacet
  facet normal 0.000000 0.000000 -1.000000
    outer loop
      vertex 19.000000 0.000000 0.000000
      vertex 33.010000 0.000000 0.000000
      vertex 33.010000 5.600000 0.000000
    endloop
  endfacet
  facet normal 0.000000 0.000000 -1.000000
    outer loop
      vertex 19.000000 0.000000 0.000000
      vertex 33.010000 5.600000 0.000000
      vertex 19.000000 5.600000 0.000000
    endloop
  endfacet
  facet normal 0.000000 0.000000 1.000000
    outer loop
      vertex 19.000000 0.000000 3.000000
      vertex 19.000000 5.600000 3.000000
      vertex 33.010000 5.600000 3.000000
    endloop
  endfacet
  facet normal 0.000000 0.000000 1.000000
    outer loop
      vertex 19.000000 0.000000 3.000000
      vertex 33.010000 5.600000 3.000000
      vertex 33.010000 0.000000 3.000000
    endloop
  endfacet
  facet normal 0.000000 0.000000 -1.000000
    outer loop
      vertex 19.000000 5.600000 0.000000
      vertex 33.010000 5.600000 0.000000
      vertex 33.010000 8.000000 0.000000
    endloop
  endfacet
  facet normal 0.000000 0.000000 -1.000000
    outer loop
      vertex 19.000000 5.600000 0.000000
      vertex 33.010000 8.000000 0.000000
      vertex 19.000000 8.000000 0.000000
    endloop
  endfacet
  facet normal 0.000000 0.000000 1.000000
    outer loop
      vertex 19.000000 5.600000 3.000000
      vertex 19.000000 8.000000 3.000000
      vertex 33.010000 8.000000 3.000000
    endloop
  endfacet
  facet normal 0.000000 0.000000 1.000000
    outer loop
      vertex 19.000000 5.600000 3.000000
      vertex 33.010000 8.000000 3.000000
      vertex 33.010000 5.600000 3.000000
    endloop
  endfacet
  facet normal 0.000000 0.000000 -1.000000
    outer loop
      vertex 19.000000 8.000000 0.000000
      vertex 33.010000 8.000000 0.000000
      vertex 33.010000 19.000000 0.000000
    endloop
  endfacet
  facet normal 0.000000 0.000000 -1.000000
    outer loop
      vertex 19.000000 8.000000 0.000000
      vertex 33.010000 19.000000 0.000000
      vertex 19.000000 19.000000 0.000000
    endloop
  endfacet
  facet normal 0.000000 0.000000 1.000000
    outer loop
      vertex 19.000000 8.000000 3.000000
      vertex 19.000000 19.000000 3.000000
      vertex 33.010000 19.000000 3.000000
    endloop
  endfacet
  facet normal 0.000000 0.000000 1.000000
    outer loop
      vertex 19.000000 8.000000 3.000000
      vertex 33.010000 19.000000 3.000000
      vertex 33.010000 8.000000 3.000000
    endloop
  endfacet
  facet normal 0.000000 0.000000 -1.000000
    outer loop
      vertex 19.000000 19.000000 0.000000
      vertex 33.010000 19.000000 0.000000
      vertex 33.010000 22.850000 0.000000
    endloop
  endfacet
  facet normal 0.000000 0.000000 -1.000000
    outer loop
      vertex 19.000000 19.000000 0.000000
      vertex 33.010000 22.850000 0.000000
      vertex 19.000000 22.850000 0.000000
    endloop
  endfacet
  facet normal 0.000000 0.000000 1.000000
    outer loop
      vertex 19.000000 19.000000 3.000000
      vertex 19.000000 22.850000 3.000000
      vertex 33.010000 22.850000 3.000000
    endloop
  endfacet
  facet normal 0.000000 0.000000 1.000000
    outer loop
      vertex 19.000000 19.000000 3.000000
      vertex 33.010000 22.850000 3.000000
      vertex 33.010000 19.000000 3.000000
    endloop
  endfacet
  facet normal 0.000000 0.000000 -1.000000
    outer loop
      vertex 19.000000 22.850000 0.000000
      vertex 33.010000 22.850000 0.000000
      vertex 33.010000 24.850000 0.000000
    endloop
  endfacet
  facet normal 0.000000 0.000000 -1.000000
    outer loop
      vertex 19.000000 22.850000 0.000000
      vertex 33.010000 24.850000 0.000000
      vertex 19.000000 24.850000 0.000000
    endloop
  endfacet
  facet normal 0.000000 0.000000 1.000000
    outer loop
      vertex 19.000000 22.850000 3.000000
      vertex 19.000000 24.850000 3.000000
      vertex 33.010000 24.850000 3.000000
    endloop
  endfacet
  facet normal 0.000000 0.000000 1.000000
    outer loop
      vertex 19.000000 22.850000 3.000000
      vertex 33.010000 24.850000 3.000000
      vertex 33.010000 22.850000 3.000000
    endloop
  endfacet
  facet normal 0.000000 0.000000 -1.000000
    outer loop
      vertex 19.000000 24.850000 0.000000
      vertex 33.010000 24.850000 0.000000
      vertex 33.010000 27.930000 0.000000
    endloop
  endfacet
  facet normal 0.000000 0.000000 -1.000000
    outer loop
      vertex 19.000000 24.850000 0.000000
      vertex 33.010000 27.930000 0.000000
      vertex 19.000000 27.930000 0.000000
    endloop
  endfacet
  facet normal 0.000000 0.000000 1.000000
    outer loop
      vertex 19.000000 24.850000 3.000000
      vertex 19.000000 27.930000 3.000000
      vertex 33.010000 27.930000 3.000000
    endloop
  endfacet
  facet normal 0.000000 0.000000 1.000000
    outer loop
      vertex 19.000000 24.850000 3.000000
      vertex 33.010000 27.930000 3.000000
      vertex 33.010000 24.850000 3.000000
    endloop
  endfacet
  facet normal 0.000000 0.000000 -1.000000
    outer loop
      vertex 19.000000 27.930000 0.000000
      vertex 33.010000 27.930000 0.000000
      vertex 33.010000 29.850000 0.000000
    endloop
  endfacet
  facet normal 0.000000 0.000000 -1.000000
    outer loop
      vertex 19.000000 27.930000 0.000000
      vertex 33.010000 29.850000 0.000000
      vertex 19.000000 29.850000 0.000000
    endloop
  endfacet
  facet normal 0.000000 0.000000 1.000000
    outer loop
      vertex 19.000000 27.930000 3.000000
      vertex 19.000000 29.850000 3.000000
      vertex 33.010000 29.850000 3.000000
    endloop
  endfacet
  facet normal 0.000000 0.000000 1.000000
    outer loop
      vertex 19.000000 27.930000 3.000000
      vertex 33.010000 29.850000 3.000000
      vertex 33.010000 27.930000 3.000000
    endloop
  endfacet
  facet normal 0.000000 0.000000 -1.000000
    outer loop
      vertex 19.000000 29.850000 0.000000
      vertex 33.010000 29.850000 0.000000
      vertex 33.010000 29.930000 0.000000
    endloop
  endfacet
  facet normal 0.000000 0.000000 -1.000000
    outer loop
      vertex 19.000000 29.850000 0.000000
      vertex 33.010000 29.930000 0.000000
      vertex 19.000000 29.930000 0.000000
    endloop
  endfacet
  facet normal 0.000000 0.000000 1.000000
    outer loop
      vertex 19.000000 29.850000 3.000000
      vertex 19.000000 29.930000 3.000000
      vertex 33.010000 29.930000 3.000000
    endloop
  endfacet
  facet normal 0.000000 0.000000 1.000000
    outer loop
      vertex 19.000000 29.850000 3.000000
      vertex 33.010000 29.930000 3.000000
      vertex 33.010000 29.850000 3.000000
    endloop
  endfacet
  facet normal 0.000000 0.000000 -1.000000
    outer loop
      vertex 19.000000 29.930000 0.000000
      vertex 33.010000 29.930000 0.000000
      vertex 33.010000 31.850000 0.000000
    endloop
  endfacet
  facet normal 0.000000 0.000000 -1.000000
    outer loop
      vertex 19.000000 29.930000 0.000000
      vertex 33.010000 31.850000 0.000000
      vertex 19.000000 31.850000 0.000000
    endloop
  endfacet
  facet normal 0.000000 0.000000 1.000000
    outer loop
      vertex 19.000000 29.930000 3.000000
      vertex 19.000000 31.850000 3.000000
      vertex 33.010000 31.850000 3.000000
    endloop
  endfacet
  facet normal 0.000000 0.000000 1.000000
    outer loop
      vertex 19.000000 29.930000 3.000000
      vertex 33.010000 31.850000 3.000000
      vertex 33.010000 29.930000 3.000000
    endloop
  endfacet
  facet normal 0.000000 0.000000 -1.000000
    outer loop
      vertex 19.000000 31.850000 0.000000
      vertex 33.010000 31.850000 0.000000
      vertex 33.010000 34.930000 0.000000
    endloop
  endfacet
  facet normal 0.000000 0.000000 -1.000000
    outer loop
      vertex 19.000000 31.850000 0.000000
      vertex 33.010000 34.930000 0.000000
      vertex 19.000000 34.930000 0.000000
    endloop
  endfacet
  facet normal 0.000000 0.000000 1.000000
    outer loop
      vertex 19.000000 31.850000 3.000000
      vertex 19.000000 34.930000 3.000000
      vertex 33.010000 34.930000 3.000000
    endloop
  endfacet
  facet normal 0.000000 0.000000 1.000000
    outer loop
      vertex 19.000000 31.850000 3.000000
      vertex 33.010000 34.930000 3.000000
      vertex 33.010000 31.850000 3.000000
    endloop
  endfacet
  facet normal 0.000000 0.000000 -1.000000
    outer loop
      vertex 19.000000 34.930000 0.000000
      vertex 33.010000 34.930000 0.000000
      vertex 33.010000 36.930000 0.000000
    endloop
  endfacet
  facet normal 0.000000 0.000000 -1.000000
    outer loop
      vertex 19.000000 34.930000 0.000000
      vertex 33.010000 36.930000 0.000000
      vertex 19.000000 36.930000 0.000000
    endloop
  endfacet
  facet normal 0.000000 0.000000 1.000000
    outer loop
      vertex 19.000000 34.930000 3.000000
      vertex 19.000000 36.930000 3.000000
      vertex 33.010000 36.930000 3.000000
    endloop
  endfacet
  facet normal 0.000000 0.000000 1.000000
    outer loop
      vertex 19.000000 34.930000 3.000000
      vertex 33.010000 36.930000 3.000000
      vertex 33.010000 34.930000 3.000000
    endloop
  endfacet
  facet normal 0.000000 0.000000 -1.000000
    outer loop
      vertex 19.000000 36.930000 0.000000
      vertex 33.010000 36.930000 0.000000
      vertex 33.010000 53.480000 0.000000
    endloop
  endfacet
  facet normal 0.000000 0.000000 -1.000000
    outer loop
      vertex 19.000000 36.930000 0.000000
      vertex 33.010000 53.480000 0.000000
      vertex 19.000000 53.480000 0.000000
    endloop
  endfacet
  facet normal 0.000000 0.000000 1.000000
    outer loop
      vertex 19.000000 36.930000 3.000000
      vertex 19.000000 53.480000 3.000000
      vertex 33.010000 53.480000 3.000000
    endloop
  endfacet
  facet normal 0.000000 0.000000 1.000000
    outer loop
      vertex 19.000000 36.930000 3.000000
      vertex 33.010000 53.480000 3.000000
      vertex 33.010000 36.930000 3.000000
    endloop
  endfacet
  facet normal 0.000000 0.000000 -1.000000
    outer loop
      vertex 19.000000 53.480000 0.000000
      vertex 33.010000 53.480000 0.000000
      vertex 33.010000 55.870000 0.000000
    endloop
  endfacet
  facet normal 0.000000 0.000000 -1.000000
    outer loop
      vertex 19.000000 53.480000 0.000000
      vertex 33.010000 55.870000 0.000000
      vertex 19.000000 55.870000 0.000000
    endloop
  endfacet
  facet normal 0.000000 0.000000 1.000000
    outer loop
      vertex 19.000000 53.480000 3.000000
      vertex 19.000000 55.870000 3.000000
      vertex 33.010000 55.870000 3.000000
    endloop
  endfacet
  facet normal 0.000000 0.000000 1.000000
    outer loop
      vertex 19.000000 53.480000 3.000000
      vertex 33.010000 55.870000 3.000000
      vertex 33.010000 53.480000 3.000000
    endloop
  endfacet
  facet normal 0.000000 0.000000 -1.000000
    outer loop
      vertex 19.000000 55.870000 0.000000
      vertex 33.010000 55.870000 0.000000
      vertex 33.010000 57.870000 0.000000
    endloop
  endfacet
  facet normal 0.000000 0.000000 -1.000000
    outer loop
      vertex 19.000000 55.870000 0.000000
      vertex 33.010000 57.870000 0.000000
      vertex 19.000000 57.870000 0.000000
    endloop
  endfacet
  facet normal 0.000000 0.000000 1.000000
    outer loop
      vertex 19.000000 55.870000 3.000000
      vertex 19.000000 57.870000 3.000000
      vertex 33.010000 57.870000 3.000000
    endloop
  endfacet
  facet normal 0.000000 0.000000 1.000000
    outer loop
      vertex 19.000000 55.870000 3.000000
      vertex 33.010000 57.870000 3.000000
      vertex 33.010000 55.870000 3.000000
    endloop
  endfacet
  facet normal 0.000000 0.000000 -1.000000
    outer loop
      vertex 19.000000 57.870000 0.000000
      vertex 33.010000 57.870000 0.000000
      vertex 33.010000 62.870000 0.000000
    endloop
  endfacet
  facet normal 0.000000 0.000000 -1.000000
    outer loop
      vertex 19.000000 57.870000 0.000000
      vertex 33.010000 62.870000 0.000000
      vertex 19.000000 62.870000 0.000000
    endloop
  endfacet
  facet normal 0.000000 0.000000 1.000000
    outer loop
      vertex 19.000000 57.870000 3.000000
      vertex 19.000000 62.870000 3.000000
      vertex 33.010000 62.870000 3.000000
    endloop
  endfacet
  facet normal 0.000000 0.000000 1.000000
    outer loop
      vertex 19.000000 57.870000 3.000000
      vertex 33.010000 62.870000 3.000000
      vertex 33.010000 57.870000 3.000000
    endloop
  endfacet
  facet normal 0.000000 0.000000 -1.000000
    outer loop
      vertex 19.000000 62.870000 0.000000
      vertex 33.010000 62.870000 0.000000
      vertex 33.010000 64.480000 0.000000
    endloop
  endfacet
  facet normal 0.000000 0.000000 -1.000000
    outer loop
      vertex 19.000000 62.870000 0.000000
      vertex 33.010000 64.480000 0.000000
      vertex 19.000000 64.480000 0.000000
    endloop
  endfacet
  facet normal 0.000000 0.000000 1.000000
    outer loop
      vertex 19.000000 62.870000 3.000000
      vertex 19.000000 64.480000 3.000000
      vertex 33.010000 64.480000 3.000000
    endloop
  endfacet
  facet normal 0.000000 0.000000 1.000000
    outer loop
      vertex 19.000000 62.870000 3.000000
      vertex 33.010000 64.480000 3.000000
      vertex 33.010000 62.870000 3.000000
    endloop
  endfacet
  facet normal 0.000000 0.000000 -1.000000
    outer loop
      vertex 19.000000 64.480000 0.000000
      vertex 33.010000 64.480000 0.000000
      vertex 33.010000 64.870000 0.000000
    endloop
  endfacet
  facet normal 0.000000 0.000000 -1.000000
    outer loop
      vertex 19.000000 64.480000 0.000000
      vertex 33.010000 64.870000 0.000000
      vertex 19.000000 64.870000 0.000000
    endloop
  endfacet
  facet normal 0.000000 0.000000 1.000000
    outer loop
      vertex 19.000000 64.480000 3.000000
      vertex 19.000000 64.870000 3.000000
      vertex 33.010000 64.870000 3.000000
    endloop
  endfacet
  facet normal 0.000000 0.000000 1.000000
    outer loop
      vertex 19.000000 64.480000 3.000000
      vertex 33.010000 64.870000 3.000000
      vertex 33.010000 64.480000 3.000000
    endloop
  endfacet
  facet normal 0.000000 0.000000 -1.000000
    outer loop
      vertex 19.000000 64.870000 0.000000
      vertex 33.010000 64.870000 0.000000
      vertex 33.010000 66.880000 0.000000
    endloop
  endfacet
  facet normal 0.000000 0.000000 -1.000000
    outer loop
      vertex 19.000000 64.870000 0.000000
      vertex 33.010000 66.880000 0.000000
      vertex 19.000000 66.880000 0.000000
    endloop
  endfacet
  facet normal 0.000000 0.000000 1.000000
    outer loop
      vertex 19.000000 64.870000 3.000000
      vertex 19.000000 66.880000 3.000000
      vertex 33.010000 66.880000 3.000000
    endloop
  endfacet
  facet normal 0.000000 0.000000 1.000000
    outer loop
      vertex 19.000000 64.870000 3.000000
      vertex 33.010000 66.880000 3.000000
      vertex 33.010000 64.870000 3.000000
    endloop
  endfacet
  facet normal 0.000000 1.000000 0.000000
    outer loop
      vertex 19.000000 72.480000 0.000000
      vertex 33.010000 72.480000 0.000000
      vertex 33.010000 72.480000 3.000000
    endloop
  endfacet
  facet normal 0.000000 1.000000 0.000000
    outer loop
      vertex 19.000000 72.480000 0.000000
      vertex 33.010000 72.480000 3.000000
      vertex 19.000000 72.480000 3.000000
    endloop
  endfacet
  facet normal 0.000000 0.000000 -1.000000
    outer loop
      vertex 19.000000 66.880000 0.000000
      vertex 33.010000 66.880000 0.000000
      vertex 33.010000 72.480000 0.000000
    endloop
  endfacet
  facet normal 0.000000 0.000000 -1.000000
    outer loop
      vertex 19.000000 66.880000 0.000000
      vertex 33.010000 72.480000 0.000000
      vertex 19.000000 72.480000 0.000000
    endloop
  endfacet
  facet normal 0.000000 0.000000 1.000000
    outer loop
      vertex 19.000000 66.880000 3.000000
      vertex 19.000000 72.480000 3.000000
      vertex 33.010000 72.480000 3.000000
    endloop
  endfacet
  facet normal 0.000000 0.000000 1.000000
    outer loop
      vertex 19.000000 66.880000 3.000000
      vertex 33.010000 72.480000 3.000000
      vertex 33.010000 66.880000 3.000000
    endloop
  endfacet
  facet normal 0.000000 -1.000000 0.000000
    outer loop
      vertex 33.010000 0.000000 0.000000
      vertex 33.010000 0.000000 3.000000
      vertex 35.010000 0.000000 3.000000
    endloop
  endfacet
  facet normal 0.000000 -1.000000 0.000000
    outer loop
      vertex 33.010000 0.000000 0.000000
      vertex 35.010000 0.000000 3.000000
      vertex 35.010000 0.000000 0.000000
    endloop
  endfacet
  facet normal 0.000000 0.000000 -1.000000
    outer loop
      vertex 33.010000 0.000000 0.000000
      vertex 35.010000 0.000000 0.000000
      vertex 35.010000 5.600000 0.000000
    endloop
  endfacet
  facet normal 0.000000 0.000000 -1.000000
    outer loop
      vertex 33.010000 0.000000 0.000000
      vertex 35.010000 5.600000 0.000000
      vertex 33.010000 5.600000 0.000000
    endloop
  endfacet
  facet normal 0.000000 0.000000 1.000000
    outer loop
      vertex 33.010000 0.000000 3.000000
      vertex 33.010000 5.600000 3.000000
      vertex 35.010000 5.600000 3.000000
    endloop
  endfacet
  facet normal 0.000000 0.000000 1.000000
    outer loop
      vertex 33.010000 0.000000 3.000000
      vertex 35.010000 5.600000 3.000000
      vertex 35.010000 0.000000 3.000000
    endloop
  endfacet
  facet normal 0.000000 0.000000 -1.000000
    outer loop
      vertex 33.010000 5.600000 0.000000
      vertex 35.010000 5.600000 0.000000
      vertex 35.010000 8.000000 0.000000
    endloop
  endfacet
  facet normal 0.000000 0.000000 -1.000000
    outer loop
      vertex 33.010000 5.600000 0.000000
      vertex 35.010000 8.000000 0.000000
      vertex 33.010000 8.000000 0.000000
    endloop
  endfacet
  facet normal 0.000000 0.000000 1.000000
    outer loop
      vertex 33.010000 5.600000 3.000000
      vertex 33.010000 8.000000 3.000000
      vertex 35.010000 8.000000 3.000000
    endloop
  endfacet
  facet normal 0.000000 0.000000 1.000000
    outer loop
      vertex 33.010000 5.600000 3.000000
      vertex 35.010000 8.000000 3.000000
      vertex 35.010000 5.600000 3.000000
    endloop
  endfacet
  facet normal 0.000000 0.000000 -1.000000
    outer loop
      vertex 33.010000 8.000000 0.000000
      vertex 35.010000 8.000000 0.000000
      vertex 35.010000 19.000000 0.000000
    endloop
  endfacet
  facet normal 0.000000 0.000000 -1.000000
    outer loop
      vertex 33.010000 8.000000 0.000000
      vertex 35.010000 19.000000 0.000000
      vertex 33.010000 19.000000 0.000000
    endloop
  endfacet
  facet normal 0.000000 0.000000 1.000000
    outer loop
      vertex 33.010000 8.000000 3.000000
      vertex 33.010000 19.000000 3.000000
      vertex 35.010000 19.000000 3.000000
    endloop
  endfacet
  facet normal 0.000000 0.000000 1.000000
    outer loop
      vertex 33.010000 8.000000 3.000000
      vertex 35.010000 19.000000 3.000000
      vertex 35.010000 8.000000 3.000000
    endloop
  endfacet
  facet normal 0.000000 0.000000 -1.000000
    outer loop
      vertex 33.010000 19.000000 0.000000
      vertex 35.010000 19.000000 0.000000
      vertex 35.010000 22.850000 0.000000
    endloop
  endfacet
  facet normal 0.000000 0.000000 -1.000000
    outer loop
      vertex 33.010000 19.000000 0.000000
      vertex 35.010000 22.850000 0.000000
      vertex 33.010000 22.850000 0.000000
    endloop
  endfacet
  facet normal 0.000000 0.000000 1.000000
    outer loop
      vertex 33.010000 19.000000 3.000000
      vertex 33.010000 22.850000 3.000000
      vertex 35.010000 22.850000 3.000000
    endloop
  endfacet
  facet normal 0.000000 0.000000 1.000000
    outer loop
      vertex 33.010000 19.000000 3.000000
      vertex 35.010000 22.850000 3.000000
      vertex 35.010000 19.000000 3.000000
    endloop
  endfacet
  facet normal 0.000000 0.000000 -1.000000
    outer loop
      vertex 33.010000 22.850000 0.000000
      vertex 35.010000 22.850000 0.000000
      vertex 35.010000 24.850000 0.000000
    endloop
  endfacet
  facet normal 0.000000 0.000000 -1.000000
    outer loop
      vertex 33.010000 22.850000 0.000000
      vertex 35.010000 24.850000 0.000000
      vertex 33.010000 24.850000 0.000000
    endloop
  endfacet
  facet normal -1.000000 0.000000 0.000000
    outer loop
      vertex 33.010000 22.850000 3.000000
      vertex 33.010000 24.850000 3.000000
      vertex 33.010000 24.850000 7.000000
    endloop
  endfacet
  facet normal -1.000000 0.000000 0.000000
    outer loop
      vertex 33.010000 22.850000 3.000000
      vertex 33.010000 24.850000 7.000000
      vertex 33.010000 22.850000 7.000000
    endloop
  endfacet
  facet normal 0.000000 -1.000000 0.000000
    outer loop
      vertex 33.010000 22.850000 3.000000
      vertex 33.010000 22.850000 7.000000
      vertex 35.010000 22.850000 7.000000
    endloop
  endfacet
  facet normal 0.000000 -1.000000 0.000000
    outer loop
      vertex 33.010000 22.850000 3.000000
      vertex 35.010000 22.850000 7.000000
      vertex 35.010000 22.850000 3.000000
    endloop
  endfacet
  facet normal 0.000000 0.000000 1.000000
    outer loop
      vertex 33.010000 22.850000 7.000000
      vertex 33.010000 24.850000 7.000000
      vertex 35.010000 24.850000 7.000000
    endloop
  endfacet
  facet normal 0.000000 0.000000 1.000000
    outer loop
      vertex 33.010000 22.850000 7.000000
      vertex 35.010000 24.850000 7.000000
      vertex 35.010000 22.850000 7.000000
    endloop
  endfacet
  facet normal 1.000000 0.000000 0.000000
    outer loop
      vertex 35.010000 24.850000 0.000000
      vertex 35.010000 24.850000 3.000000
      vertex 35.010000 27.930000 3.000000
    endloop
  endfacet
  facet normal 1.000000 0.000000 0.000000
    outer loop
      vertex 35.010000 24.850000 0.000000
      vertex 35.010000 27.930000 3.000000
      vertex 35.010000 27.930000 0.000000
    endloop
  endfacet
  facet normal 0.000000 0.000000 -1.000000
    outer loop
      vertex 33.010000 24.850000 0.000000
      vertex 35.010000 24.850000 0.000000
      vertex 35.010000 27.930000 0.000000
    endloop
  endfacet
  facet normal 0.000000 0.000000 -1.000000
    outer loop
      vertex 33.010000 24.850000 0.000000
      vertex 35.010000 27.930000 0.000000
      vertex 33.010000 27.930000 0.000000
    endloop
  endfacet
  facet normal -1.000000 0.000000 0.000000
    outer loop
      vertex 33.010000 24.850000 3.000000
      vertex 33.010000 27.930000 3.000000
      vertex 33.010000 27.930000 7.000000
    endloop
  endfacet
  facet normal -1.000000 0.000000 0.000000
    outer loop
      vertex 33.010000 24.850000 3.000000
      vertex 33.010000 27.930000 7.000000
      vertex 33.010000 24.850000 7.000000
    endloop
  endfacet
  facet normal 1.000000 0.000000 0.000000
    outer loop
      vertex 35.010000 24.850000 3.000000
      vertex 35.010000 24.850000 7.000000
      vertex 35.010000 27.930000 7.000000
    endloop
  endfacet
  facet normal 1.000000 0.000000 0.000000
    outer loop
      vertex 35.010000 24.850000 3.000000
      vertex 35.010000 27.930000 7.000000
      vertex 35.010000 27.930000 3.000000
    endloop
  endfacet
  facet normal 0.000000 0.000000 1.000000
    outer loop
      vertex 33.010000 24.850000 7.000000
      vertex 33.010000 27.930000 7.000000
      vertex 35.010000 27.930000 7.000000
    endloop
  endfacet
  facet normal 0.000000 0.000000 1.000000
    outer loop
      vertex 33.010000 24.850000 7.000000
      vertex 35.010000 27.930000 7.000000
      vertex 35.010000 24.850000 7.000000
    endloop
  endfacet
  facet normal 1.000000 0.000000 0.000000
    outer loop
      vertex 35.010000 27.930000 0.000000
      vertex 35.010000 27.930000 3.000000
      vertex 35.010000 29.850000 3.000000
    endloop
  endfacet
  facet normal 1.000000 0.000000 0.000000
    outer loop
      vertex 35.010000 27.930000 0.000000
      vertex 35.010000 29.850000 3.000000
      vertex 35.010000 29.850000 0.000000
    endloop
  endfacet
  facet normal 0.000000 0.000000 -1.000000
    outer loop
      vertex 33.010000 27.930000 0.000000
      vertex 35.010000 27.930000 0.000000
      vertex 35.010000 29.850000 0.000000
    endloop
  endfacet
  facet normal 0.000000 0.000000 -1.000000
    outer loop
      vertex 33.010000 27.930000 0.000000
      vertex 35.010000 29.850000 0.000000
      vertex 33.010000 29.850000 0.000000
    endloop
  endfacet
  facet normal -1.000000 0.000000 0.000000
    outer loop
      vertex 33.010000 27.930000 3.000000
      vertex 33.010000 29.850000 3.000000
      vertex 33.010000 29.850000 7.000000
    endloop
  endfacet
  facet normal -1.000000 0.000000 0.000000
    outer loop
      vertex 33.010000 27.930000 3.000000
      vertex 33.010000 29.850000 7.000000
      vertex 33.010000 27.930000 7.000000
    endloop
  endfacet
  facet normal 1.000000 0.000000 0.000000
    outer loop
      vertex 35.010000 27.930000 3.000000
      vertex 35.010000 27.930000 7.000000
      vertex 35.010000 29.850000 7.000000
    endloop
  endfacet
  facet normal 1.000000 0.000000 0.000000
    outer loop
      vertex 35.010000 27.930000 3.000000
      vertex 35.010000 29.850000 7.000000
      vertex 35.010000 29.850000 3.000000
    endloop
  endfacet
  facet normal 0.000000 0.000000 1.000000
    outer loop
      vertex 33.010000 27.930000 7.000000
      vertex 33.010000 29.850000 7.000000
      vertex 35.010000 29.850000 7.000000
    endloop
  endfacet
  facet normal 0.000000 0.000000 1.000000
    outer loop
      vertex 33.010000 27.930000 7.000000
      vertex 35.010000 29.850000 7.000000
      vertex 35.010000 27.930000 7.000000
    endloop
  endfacet
  facet normal 0.000000 0.000000 -1.000000
    outer loop
      vertex 33.010000 29.850000 0.000000
      vertex 35.010000 29.850000 0.000000
      vertex 35.010000 29.930000 0.000000
    endloop
  endfacet
  facet normal 0.000000 0.000000 -1.000000
    outer loop
      vertex 33.010000 29.850000 0.000000
      vertex 35.010000 29.930000 0.000000
      vertex 33.010000 29.930000 0.000000
    endloop
  endfacet
  facet normal -1.000000 0.000000 0.000000
    outer loop
      vertex 33.010000 29.850000 3.000000
      vertex 33.010000 29.930000 3.000000
      vertex 33.010000 29.930000 7.000000
    endloop
  endfacet
  facet normal -1.000000 0.000000 0.000000
    outer loop
      vertex 33.010000 29.850000 3.000000
      vertex 33.010000 29.930000 7.000000
      vertex 33.010000 29.850000 7.000000
    endloop
  endfacet
  facet normal 0.000000 0.000000 1.000000
    outer loop
      vertex 33.010000 29.850000 7.000000
      vertex 33.010000 29.930000 7.000000
      vertex 35.010000 29.930000 7.000000
    endloop
  endfacet
  facet normal 0.000000 0.000000 1.000000
    outer loop
      vertex 33.010000 29.850000 7.000000
      vertex 35.010000 29.930000 7.000000
      vertex 35.010000 29.850000 7.000000
    endloop
  endfacet
  facet normal 0.000000 0.000000 -1.000000
    outer loop
      vertex 33.010000 29.930000 0.000000
      vertex 35.010000 29.930000 0.000000
      vertex 35.010000 31.850000 0.000000
    endloop
  endfacet
  facet normal 0.000000 0.000000 -1.000000
    outer loop
      vertex 33.010000 29.930000 0.000000
      vertex 35.010000 31.850000 0.000000
      vertex 33.010000 31.850000 0.000000
    endloop
  endfacet
  facet normal -1.000000 0.000000 0.000000
    outer loop
      vertex 33.010000 29.930000 3.000000
      vertex 33.010000 31.850000 3.000000
      vertex 33.010000 31.850000 7.000000
    endloop
  endfacet
  facet normal -1.000000 0.000000 0.000000
    outer loop
      vertex 33.010000 29.930000 3.000000
      vertex 33.010000 31.850000 7.000000
      vertex 33.010000 29.930000 7.000000
    endloop
  endfacet
  facet normal 0.000000 1.000000 0.000000
    outer loop
      vertex 33.010000 31.850000 3.000000
      vertex 35.010000 31.850000 3.000000
      vertex 35.010000 31.850000 7.000000
    endloop
  endfacet
  facet normal 0.000000 1.000000 0.000000
    outer loop
      vertex 33.010000 31.850000 3.000000
      vertex 35.010000 31.850000 7.000000
      vertex 33.010000 31.850000 7.000000
    endloop
  endfacet
  facet normal 0.000000 0.000000 1.000000
    outer loop
      vertex 33.010000 29.930000 7.000000
      vertex 33.010000 31.850000 7.000000
      vertex 35.010000 31.850000 7.000000
    endloop
  endfacet
  facet normal 0.000000 0.000000 1.000000
    outer loop
      vertex 33.010000 29.930000 7.000000
      vertex 35.010000 31.850000 7.000000
      vertex 35.010000 29.930000 7.000000
    endloop
  endfacet
  facet normal 0.000000 0.000000 -1.000000
    outer loop
      vertex 33.010000 31.850000 0.000000
      vertex 35.010000 31.850000 0.000000
      vertex 35.010000 34.930000 0.000000
    endloop
  endfacet
  facet normal 0.000000 0.000000 -1.000000
    outer loop
      vertex 33.010000 31.850000 0.000000
      vertex 35.010000 34.930000 0.000000
      vertex 33.010000 34.930000 0.000000
    endloop
  endfacet
  facet normal 0.000000 0.000000 1.000000
    outer loop
      vertex 33.010000 31.850000 3.000000
      vertex 33.010000 34.930000 3.000000
      vertex 35.010000 34.930000 3.000000
    endloop
  endfacet
  facet normal 0.000000 0.000000 1.000000
    outer loop
      vertex 33.010000 31.850000 3.000000
      vertex 35.010000 34.930000 3.000000
      vertex 35.010000 31.850000 3.000000
    endloop
  endfacet
  facet normal 0.000000 0.000000 -1.000000
    outer loop
      vertex 33.010000 34.930000 0.000000
      vertex 35.010000 34.930000 0.000000
      vertex 35.010000 36.930000 0.000000
    endloop
  endfacet
  facet normal 0.000000 0.000000 -1.000000
    outer loop
      vertex 33.010000 34.930000 0.000000
      vertex 35.010000 36.930000 0.000000
      vertex 33.010000 36.930000 0.000000
    endloop
  endfacet
  facet normal 0.000000 0.000000 1.000000
    outer loop
      vertex 33.010000 34.930000 3.000000
      vertex 33.010000 36.930000 3.000000
      vertex 35.010000 36.930000 3.000000
    endloop
  endfacet
  facet normal 0.000000 0.000000 1.000000
    outer loop
      vertex 33.010000 34.930000 3.000000
      vertex 35.010000 36.930000 3.000000
      vertex 35.010000 34.930000 3.000000
    endloop
  endfacet
  facet normal 0.000000 0.000000 -1.000000
    outer loop
      vertex 33.010000 36.930000 0.000000
      vertex 35.010000 36.930000 0.000000
      vertex 35.010000 53.480000 0.000000
    endloop
  endfacet
  facet normal 0.000000 0.000000 -1.000000
    outer loop
      vertex 33.010000 36.930000 0.000000
      vertex 35.010000 53.480000 0.000000
      vertex 33.010000 53.480000 0.000000
    endloop
  endfacet
  facet normal 0.000000 0.000000 1.000000
    outer loop
      vertex 33.010000 36.930000 3.000000
      vertex 33.010000 53.480000 3.000000
      vertex 35.010000 53.480000 3.000000
    endloop
  endfacet
  facet normal 0.000000 0.000000 1.000000
    outer loop
      vertex 33.010000 36.930000 3.000000
      vertex 35.010000 53.480000 3.000000
      vertex 35.010000 36.930000 3.000000
    endloop
  endfacet
  facet normal 0.000000 0.000000 -1.000000
    outer loop
      vertex 33.010000 53.480000 0.000000
      vertex 35.010000 53.480000 0.000000
      vertex 35.010000 55.870000 0.000000
    endloop
  endfacet
  facet normal 0.000000 0.000000 -1.000000
    outer loop
      vertex 33.010000 53.480000 0.000000
      vertex 35.010000 55.870000 0.000000
      vertex 33.010000 55.870000 0.000000
    endloop
  endfacet
  facet normal 0.000000 0.000000 1.000000
    outer loop
      vertex 33.010000 53.480000 3.000000
      vertex 33.010000 55.870000 3.000000
      vertex 35.010000 55.870000 3.000000
    endloop
  endfacet
  facet normal 0.000000 0.000000 1.000000
    outer loop
      vertex 33.010000 53.480000 3.000000
      vertex 35.010000 55.870000 3.000000
      vertex 35.010000 53.480000 3.000000
    endloop
  endfacet
  facet normal 0.000000 0.000000 -1.000000
    outer loop
      vertex 33.010000 55.870000 0.000000
      vertex 35.010000 55.870000 0.000000
      vertex 35.010000 57.870000 0.000000
    endloop
  endfacet
  facet normal 0.000000 0.000000 -1.000000
    outer loop
      vertex 33.010000 55.870000 0.000000
      vertex 35.010000 57.870000 0.000000
      vertex 33.010000 57.870000 0.000000
    endloop
  endfacet
  facet normal 0.000000 0.000000 1.000000
    outer loop
      vertex 33.010000 55.870000 3.000000
      vertex 33.010000 57.870000 3.000000
      vertex 35.010000 57.870000 3.000000
    endloop
  endfacet
  facet normal 0.000000 0.000000 1.000000
    outer loop
      vertex 33.010000 55.870000 3.000000
      vertex 35.010000 57.870000 3.000000
      vertex 35.010000 55.870000 3.000000
    endloop
  endfacet
  facet normal 0.000000 0.000000 -1.000000
    outer loop
      vertex 33.010000 57.870000 0.000000
      vertex 35.010000 57.870000 0.000000
      vertex 35.010000 62.870000 0.000000
    endloop
  endfacet
  facet normal 0.000000 0.000000 -1.000000
    outer loop
      vertex 33.010000 57.870000 0.000000
      vertex 35.010000 62.870000 0.000000
      vertex 33.010000 62.870000 0.000000
    endloop
  endfacet
  facet normal 0.000000 0.000000 1.000000
    outer loop
      vertex 33.010000 57.870000 3.000000
      vertex 33.010000 62.870000 3.000000
      vertex 35.010000 62.870000 3.000000
    endloop
  endfacet
  facet normal 0.000000 0.000000 1.000000
    outer loop
      vertex 33.010000 57.870000 3.000000
      vertex 35.010000 62.870000 3.000000
      vertex 35.010000 57.870000 3.000000
    endloop
  endfacet
  facet normal 0.000000 0.000000 -1.000000
    outer loop
      vertex 33.010000 62.870000 0.000000
      vertex 35.010000 62.870000 0.000000
      vertex 35.010000 64.480000 0.000000
    endloop
  endfacet
  facet normal 0.000000 0.000000 -1.000000
    outer loop
      vertex 33.010000 62.870000 0.000000
      vertex 35.010000 64.480000 0.000000
      vertex 33.010000 64.480000 0.000000
    endloop
  endfacet
  facet normal 0.000000 0.000000 1.000000
    outer loop
      vertex 33.010000 62.870000 3.000000
      vertex 33.010000 64.480000 3.000000
      vertex 35.010000 64.480000 3.000000
    endloop
  endfacet
  facet normal 0.000000 0.000000 1.000000
    outer loop
      vertex 33.010000 62.870000 3.000000
      vertex 35.010000 64.480000 3.000000
      vertex 35.010000 62.870000 3.000000
    endloop
  endfacet
  facet normal 0.000000 0.000000 -1.000000
    outer loop
      vertex 33.010000 64.480000 0.000000
      vertex 35.010000 64.480000 0.000000
      vertex 35.010000 64.870000 0.000000
    endloop
  endfacet
  facet normal 0.000000 0.000000 -1.000000
    outer loop
      vertex 33.010000 64.480000 0.000000
      vertex 35.010000 64.870000 0.000000
      vertex 33.010000 64.870000 0.000000
    endloop
  endfacet
  facet normal 0.000000 0.000000 1.000000
    outer loop
      vertex 33.010000 64.480000 3.000000
      vertex 33.010000 64.870000 3.000000
      vertex 35.010000 64.870000 3.000000
    endloop
  endfacet
  facet normal 0.000000 0.000000 1.000000
    outer loop
      vertex 33.010000 64.480000 3.000000
      vertex 35.010000 64.870000 3.000000
      vertex 35.010000 64.480000 3.000000
    endloop
  endfacet
  facet normal 0.000000 0.000000 -1.000000
    outer loop
      vertex 33.010000 64.870000 0.000000
      vertex 35.010000 64.870000 0.000000
      vertex 35.010000 66.880000 0.000000
    endloop
  endfacet
  facet normal 0.000000 0.000000 -1.000000
    outer loop
      vertex 33.010000 64.870000 0.000000
      vertex 35.010000 66.880000 0.000000
      vertex 33.010000 66.880000 0.000000
    endloop
  endfacet
  facet normal 0.000000 0.000000 1.000000
    outer loop
      vertex 33.010000 64.870000 3.000000
      vertex 33.010000 66.880000 3.000000
      vertex 35.010000 66.880000 3.000000
    endloop
  endfacet
  facet normal 0.000000 0.000000 1.000000
    outer loop
      vertex 33.010000 64.870000 3.000000
      vertex 35.010000 66.880000 3.000000
      vertex 35.010000 64.870000 3.000000
    endloop
  endfacet
  facet normal 0.000000 1.000000 0.000000
    outer loop
      vertex 33.010000 72.480000 0.000000
      vertex 35.010000 72.480000 0.000000
      vertex 35.010000 72.480000 3.000000
    endloop
  endfacet
  facet normal 0.000000 1.000000 0.000000
    outer loop
      vertex 33.010000 72.480000 0.000000
      vertex 35.010000 72.480000 3.000000
      vertex 33.010000 72.480000 3.000000
    endloop
  endfacet
  facet normal 0.000000 0.000000 -1.000000
    outer loop
      vertex 33.010000 66.880000 0.000000
      vertex 35.010000 66.880000 0.000000
      vertex 35.010000 72.480000 0.000000
    endloop
  endfacet
  facet normal 0.000000 0.000000 -1.000000
    outer loop
      vertex 33.010000 66.880000 0.000000
      vertex 35.010000 72.480000 0.000000
      vertex 33.010000 72.480000 0.000000
    endloop
  endfacet
  facet normal 0.000000 0.000000 1.000000
    outer loop
      vertex 33.010000 66.880000 3.000000
      vertex 33.010000 72.480000 3.000000
      vertex 35.010000 72.480000 3.000000
    endloop
  endfacet
  facet normal 0.000000 0.000000 1.000000
    outer loop
      vertex 33.010000 66.880000 3.000000
      vertex 35.010000 72.480000 3.000000
      vertex 35.010000 66.880000 3.000000
    endloop
  endfacet
  facet normal 0.000000 -1.000000 0.000000
    outer loop
      vertex 35.010000 0.000000 0.000000
      vertex 35.010000 0.000000 3.000000
      vertex 40.010000 0.000000 3.000000
    endloop
  endfacet
  facet normal 0.000000 -1.000000 0.000000
    outer loop
      vertex 35.010000 0.000000 0.000000
      vertex 40.010000 0.000000 3.000000
      vertex 40.010000 0.000000 0.000000
    endloop
  endfacet
  facet normal 0.000000 0.000000 -1.000000
    outer loop
      vertex 35.010000 0.000000 0.000000
      vertex 40.010000 0.000000 0.000000
      vertex 40.010000 5.600000 0.000000
    endloop
  endfacet
  facet normal 0.000000 0.000000 -1.000000
    outer loop
      vertex 35.010000 0.000000 0.000000
      vertex 40.010000 5.600000 0.000000
      vertex 35.010000 5.600000 0.000000
    endloop
  endfacet
  facet normal 0.000000 0.000000 1.000000
    outer loop
      vertex 35.010000 0.000000 3.000000
      vertex 35.010000 5.600000 3.000000
      vertex 40.010000 5.600000 3.000000
    endloop
  endfacet
  facet normal 0.000000 0.000000 1.000000
    outer loop
      vertex 35.010000 0.000000 3.000000
      vertex 40.010000 5.600000 3.000000
      vertex 40.010000 0.000000 3.000000
    endloop
  endfacet
  facet normal 0.000000 0.000000 -1.000000
    outer loop
      vertex 35.010000 5.600000 0.000000
      vertex 40.010000 5.600000 0.000000
      vertex 40.010000 8.000000 0.000000
    endloop
  endfacet
  facet normal 0.000000 0.000000 -1.000000
    outer loop
      vertex 35.010000 5.600000 0.000000
      vertex 40.010000 8.000000 0.000000
      vertex 35.010000 8.000000 0.000000
    endloop
  endfacet
  facet normal 0.000000 0.000000 1.000000
    outer loop
      vertex 35.010000 5.600000 3.000000
      vertex 35.010000 8.000000 3.000000
      vertex 40.010000 8.000000 3.000000
    endloop
  endfacet
  facet normal 0.000000 0.000000 1.000000
    outer loop
      vertex 35.010000 5.600000 3.000000
      vertex 40.010000 8.000000 3.000000
      vertex 40.010000 5.600000 3.000000
    endloop
  endfacet
  facet normal 0.000000 0.000000 -1.000000
    outer loop
      vertex 35.010000 8.000000 0.000000
      vertex 40.010000 8.000000 0.000000
      vertex 40.010000 19.000000 0.000000
    endloop
  endfacet
  facet normal 0.000000 0.000000 -1.000000
    outer loop
      vertex 35.010000 8.000000 0.000000
      vertex 40.010000 19.000000 0.000000
      vertex 35.010000 19.000000 0.000000
    endloop
  endfacet
  facet normal 0.000000 0.000000 1.000000
    outer loop
      vertex 35.010000 8.000000 3.000000
      vertex 35.010000 19.000000 3.000000
      vertex 40.010000 19.000000 3.000000
    endloop
  endfacet
  facet normal 0.000000 0.000000 1.000000
    outer loop
      vertex 35.010000 8.000000 3.000000
      vertex 40.010000 19.000000 3.000000
      vertex 40.010000 8.000000 3.000000
    endloop
  endfacet
  facet normal 0.000000 0.000000 -1.000000
    outer loop
      vertex 35.010000 19.000000 0.000000
      vertex 40.010000 19.000000 0.000000
      vertex 40.010000 22.850000 0.000000
    endloop
  endfacet
  facet normal 0.000000 0.000000 -1.000000
    outer loop
      vertex 35.010000 19.000000 0.000000
      vertex 40.010000 22.850000 0.000000
      vertex 35.010000 22.850000 0.000000
    endloop
  endfacet
  facet normal 0.000000 0.000000 1.000000
    outer loop
      vertex 35.010000 19.000000 3.000000
      vertex 35.010000 22.850000 3.000000
      vertex 40.010000 22.850000 3.000000
    endloop
  endfacet
  facet normal 0.000000 0.000000 1.000000
    outer loop
      vertex 35.010000 19.000000 3.000000
      vertex 40.010000 22.850000 3.000000
      vertex 40.010000 19.000000 3.000000
    endloop
  endfacet
  facet normal 0.000000 1.000000 0.000000
    outer loop
      vertex 35.010000 24.850000 0.000000
      vertex 40.010000 24.850000 0.000000
      vertex 40.010000 24.850000 3.000000
    endloop
  endfacet
  facet normal 0.000000 1.000000 0.000000
    outer loop
      vertex 35.010000 24.850000 0.000000
      vertex 40.010000 24.850000 3.000000
      vertex 35.010000 24.850000 3.000000
    endloop
  endfacet
  facet normal 0.000000 0.000000 -1.000000
    outer loop
      vertex 35.010000 22.850000 0.000000
      vertex 40.010000 22.850000 0.000000
      vertex 40.010000 24.850000 0.000000
    endloop
  endfacet
  facet normal 0.000000 0.000000 -1.000000
    outer loop
      vertex 35.010000 22.850000 0.000000
      vertex 40.010000 24.850000 0.000000
      vertex 35.010000 24.850000 0.000000
    endloop
  endfacet
  facet normal 0.000000 -1.000000 0.000000
    outer loop
      vertex 35.010000 22.850000 3.000000
      vertex 35.010000 22.850000 7.000000
      vertex 40.010000 22.850000 7.000000
    endloop
  endfacet
  facet normal 0.000000 -1.000000 0.000000
    outer loop
      vertex 35.010000 22.850000 3.000000
      vertex 40.010000 22.850000 7.000000
      vertex 40.010000 22.850000 3.000000
    endloop
  endfacet
  facet normal 0.000000 1.000000 0.000000
    outer loop
      vertex 35.010000 24.850000 3.000000
      vertex 40.010000 24.850000 3.000000
      vertex 40.010000 24.850000 7.000000
    endloop
  endfacet
  facet normal 0.000000 1.000000 0.000000
    outer loop
      vertex 35.010000 24.850000 3.000000
      vertex 40.010000 24.850000 7.000000
      vertex 35.010000 24.850000 7.000000
    endloop
  endfacet
  facet normal 0.000000 0.000000 1.000000
    outer loop
      vertex 35.010000 22.850000 7.000000
      vertex 35.010000 24.850000 7.000000
      vertex 40.010000 24.850000 7.000000
    endloop
  endfacet
  facet normal 0.000000 0.000000 1.000000
    outer loop
      vertex 35.010000 22.850000 7.000000
      vertex 40.010000 24.850000 7.000000
      vertex 40.010000 22.850000 7.000000
    endloop
  endfacet
  facet normal 0.000000 -1.000000 0.000000
    outer loop
      vertex 35.010000 29.850000 0.000000
      vertex 35.010000 29.850000 3.000000
      vertex 40.010000 29.850000 3.000000
    endloop
  endfacet
  facet normal 0.000000 -1.000000 0.000000
    outer loop
      vertex 35.010000 29.850000 0.000000
      vertex 40.010000 29.850000 3.000000
      vertex 40.010000 29.850000 0.000000
    endloop
  endfacet
  facet normal 0.000000 0.000000 -1.000000
    outer loop
      vertex 35.010000 29.850000 0.000000
      vertex 40.010000 29.850000 0.000000
      vertex 40.010000 29.930000 0.000000
    endloop
  endfacet
  facet normal 0.000000 0.000000 -1.000000
    outer loop
      vertex 35.010000 29.850000 0.000000
      vertex 40.010000 29.930000 0.000000
      vertex 35.010000 29.930000 0.000000
    endloop
  endfacet
  facet normal 0.000000 -1.000000 0.000000
    outer loop
      vertex 35.010000 29.850000 3.000000
      vertex 35.010000 29.850000 7.000000
      vertex 40.010000 29.850000 7.000000
    endloop
  endfacet
  facet normal 0.000000 -1.000000 0.000000
    outer loop
      vertex 35.010000 29.850000 3.000000
      vertex 40.010000 29.850000 7.000000
      vertex 40.010000 29.850000 3.000000
    endloop
  endfacet
  facet normal 0.000000 0.000000 1.000000
    outer loop
      vertex 35.010000 29.850000 7.000000
      vertex 35.010000 29.930000 7.000000
      vertex 40.010000 29.930000 7.000000
    endloop
  endfacet
  facet normal 0.000000 0.000000 1.000000
    outer loop
      vertex 35.010000 29.850000 7.000000
      vertex 40.010000 29.930000 7.000000
      vertex 40.010000 29.850000 7.000000
    endloop
  endfacet
  facet normal 0.000000 0.000000 -1.000000
    outer loop
      vertex 35.010000 29.930000 0.000000
      vertex 40.010000 29.930000 0.000000
      vertex 40.010000 31.850000 0.000000
    endloop
  endfacet
  facet normal 0.000000 0.000000 -1.000000
    outer loop
      vertex 35.010000 29.930000 0.000000
      vertex 40.010000 31.850000 0.000000
      vertex 35.010000 31.850000 0.000000
    endloop
  endfacet
  facet normal 0.000000 1.000000 0.000000
    outer loop
      vertex 35.010000 31.850000 3.000000
      vertex 40.010000 31.850000 3.000000
      vertex 40.010000 31.850000 7.000000
    endloop
  endfacet
  facet normal 0.000000 1.000000 0.000000
    outer loop
      vertex 35.010000 31.850000 3.000000
      vertex 40.010000 31.850000 7.000000
      vertex 35.010000 31.850000 7.000000
    endloop
  endfacet
  facet normal 0.000000 0.000000 1.000000
    outer loop
      vertex 35.010000 29.930000 7.000000
      vertex 35.010000 31.850000 7.000000
      vertex 40.010000 31.850000 7.000000
    endloop
  endfacet
  facet normal 0.000000 0.000000 1.000000
    outer loop
      vertex 35.010000 29.930000 7.000000
      vertex 40.010000 31.850000 7.000000
      vertex 40.010000 29.930000 7.000000
    endloop
  endfacet
  facet normal 0.000000 0.000000 -1.000000
    outer loop
      vertex 35.010000 31.850000 0.000000
      vertex 40.010000 31.850000 0.000000
      vertex 40.010000 34.930000 0.000000
    endloop
  endfacet
  facet normal 0.000000 0.000000 -1.000000
    outer loop
      vertex 35.010000 31.850000 0.000000
      vertex 40.010000 34.930000 0.000000
      vertex 35.010000 34.930000 0.000000
    endloop
  endfacet
  facet normal 0.000000 0.000000 1.000000
    outer loop
      vertex 35.010000 31.850000 3.000000
      vertex 35.010000 34.930000 3.000000
      vertex 40.010000 34.930000 3.000000
    endloop
  endfacet
  facet normal 0.000000 0.000000 1.000000
    outer loop
      vertex 35.010000 31.850000 3.000000
      vertex 40.010000 34.930000 3.000000
      vertex 40.010000 31.850000 3.000000
    endloop
  endfacet
  facet normal 0.000000 0.000000 -1.000000
    outer loop
      vertex 35.010000 34.930000 0.000000
      vertex 40.010000 34.930000 0.000000
      vertex 40.010000 36.930000 0.000000
    endloop
  endfacet
  facet normal 0.000000 0.000000 -1.000000
    outer loop
      vertex 35.010000 34.930000 0.000000
      vertex 40.010000 36.930000 0.000000
      vertex 35.010000 36.930000 0.000000
    endloop
  endfacet
  facet normal 0.000000 0.000000 1.000000
    outer loop
      vertex 35.010000 34.930000 3.000000
      vertex 35.010000 36.930000 3.000000
      vertex 40.010000 36.930000 3.000000
    endloop
  endfacet
  facet normal 0.000000 0.000000 1.000000
    outer loop
      vertex 35.010000 34.930000 3.000000
      vertex 40.010000 36.930000 3.000000
      vertex 40.010000 34.930000 3.000000
    endloop
  endfacet
  facet normal 0.000000 0.000000 -1.000000
    outer loop
      vertex 35.010000 36.930000 0.000000
      vertex 40.010000 36.930000 0.000000
      vertex 40.010000 53.480000 0.000000
    endloop
  endfacet
  facet normal 0.000000 0.000000 -1.000000
    outer loop
      vertex 35.010000 36.930000 0.000000
      vertex 40.010000 53.480000 0.000000
      vertex 35.010000 53.480000 0.000000
    endloop
  endfacet
  facet normal 0.000000 0.000000 1.000000
    outer loop
      vertex 35.010000 36.930000 3.000000
      vertex 35.010000 53.480000 3.000000
      vertex 40.010000 53.480000 3.000000
    endloop
  endfacet
  facet normal 0.000000 0.000000 1.000000
    outer loop
      vertex 35.010000 36.930000 3.000000
      vertex 40.010000 53.480000 3.000000
      vertex 40.010000 36.930000 3.000000
    endloop
  endfacet
  facet normal 0.000000 0.000000 -1.000000
    outer loop
      vertex 35.010000 53.480000 0.000000
      vertex 40.010000 53.480000 0.000000
      vertex 40.010000 55.870000 0.000000
    endloop
  endfacet
  facet normal 0.000000 0.000000 -1.000000
    outer loop
      vertex 35.010000 53.480000 0.000000
      vertex 40.010000 55.870000 0.000000
      vertex 35.010000 55.870000 0.000000
    endloop
  endfacet
  facet normal 0.000000 0.000000 1.000000
    outer loop
      vertex 35.010000 53.480000 3.000000
      vertex 35.010000 55.870000 3.000000
      vertex 40.010000 55.870000 3.000000
    endloop
  endfacet
  facet normal 0.000000 0.000000 1.000000
    outer loop
      vertex 35.010000 53.480000 3.000000
      vertex 40.010000 55.870000 3.000000
      vertex 40.010000 53.480000 3.000000
    endloop
  endfacet
  facet normal 0.000000 0.000000 -1.000000
    outer loop
      vertex 35.010000 55.870000 0.000000
      vertex 40.010000 55.870000 0.000000
      vertex 40.010000 57.870000 0.000000
    endloop
  endfacet
  facet normal 0.000000 0.000000 -1.000000
    outer loop
      vertex 35.010000 55.870000 0.000000
      vertex 40.010000 57.870000 0.000000
      vertex 35.010000 57.870000 0.000000
    endloop
  endfacet
  facet normal 0.000000 0.000000 1.000000
    outer loop
      vertex 35.010000 55.870000 3.000000
      vertex 35.010000 57.870000 3.000000
      vertex 40.010000 57.870000 3.000000
    endloop
  endfacet
  facet normal 0.000000 0.000000 1.000000
    outer loop
      vertex 35.010000 55.870000 3.000000
      vertex 40.010000 57.870000 3.000000
      vertex 40.010000 55.870000 3.000000
    endloop
  endfacet
  facet normal 0.000000 0.000000 -1.000000
    outer loop
      vertex 35.010000 57.870000 0.000000
      vertex 40.010000 57.870000 0.000000
      vertex 40.010000 62.870000 0.000000
    endloop
  endfacet
  facet normal 0.000000 0.000000 -1.000000
    outer loop
      vertex 35.010000 57.870000 0.000000
      vertex 40.010000 62.870000 0.000000
      vertex 35.010000 62.870000 0.000000
    endloop
  endfacet
  facet normal 0.000000 0.000000 1.000000
    outer loop
      vertex 35.010000 57.870000 3.000000
      vertex 35.010000 62.870000 3.000000
      vertex 40.010000 62.870000 3.000000
    endloop
  endfacet
  facet normal 0.000000 0.000000 1.000000
    outer loop
      vertex 35.010000 57.870000 3.000000
      vertex 40.010000 62.870000 3.000000
      vertex 40.010000 57.870000 3.000000
    endloop
  endfacet
  facet normal 0.000000 0.000000 -1.000000
    outer loop
      vertex 35.010000 62.870000 0.000000
      vertex 40.010000 62.870000 0.000000
      vertex 40.010000 64.480000 0.000000
    endloop
  endfacet
  facet normal 0.000000 0.000000 -1.000000
    outer loop
      vertex 35.010000 62.870000 0.000000
      vertex 40.010000 64.480000 0.000000
      vertex 35.010000 64.480000 0.000000
    endloop
  endfacet
  facet normal 0.000000 0.000000 1.000000
    outer loop
      vertex 35.010000 62.870000 3.000000
      vertex 35.010000 64.480000 3.000000
      vertex 40.010000 64.480000 3.000000
    endloop
  endfacet
  facet normal 0.000000 0.000000 1.000000
    outer loop
      vertex 35.010000 62.870000 3.000000
      vertex 40.010000 64.480000 3.000000
      vertex 40.010000 62.870000 3.000000
    endloop
  endfacet
  facet normal 0.000000 0.000000 -1.000000
    outer loop
      vertex 35.010000 64.480000 0.000000
      vertex 40.010000 64.480000 0.000000
      vertex 40.010000 64.870000 0.000000
    endloop
  endfacet
  facet normal 0.000000 0.000000 -1.000000
    outer loop
      vertex 35.010000 64.480000 0.000000
      vertex 40.010000 64.870000 0.000000
      vertex 35.010000 64.870000 0.000000
    endloop
  endfacet
  facet normal 0.000000 0.000000 1.000000
    outer loop
      vertex 35.010000 64.480000 3.000000
      vertex 35.010000 64.870000 3.000000
      vertex 40.010000 64.870000 3.000000
    endloop
  endfacet
  facet normal 0.000000 0.000000 1.000000
    outer loop
      vertex 35.010000 64.480000 3.000000
      vertex 40.010000 64.870000 3.000000
      vertex 40.010000 64.480000 3.000000
    endloop
  endfacet
  facet normal 0.000000 0.000000 -1.000000
    outer loop
      vertex 35.010000 64.870000 0.000000
      vertex 40.010000 64.870000 0.000000
      vertex 40.010000 66.880000 0.000000
    endloop
  endfacet
  facet normal 0.000000 0.000000 -1.000000
    outer loop
      vertex 35.010000 64.870000 0.000000
      vertex 40.010000 66.880000 0.000000
      vertex 35.010000 66.880000 0.000000
    endloop
  endfacet
  facet normal 0.000000 0.000000 1.000000
    outer loop
      vertex 35.010000 64.870000 3.000000
      vertex 35.010000 66.880000 3.000000
      vertex 40.010000 66.880000 3.000000
    endloop
  endfacet
  facet normal 0.000000 0.000000 1.000000
    outer loop
      vertex 35.010000 64.870000 3.000000
      vertex 40.010000 66.880000 3.000000
      vertex 40.010000 64.870000 3.000000
    endloop
  endfacet
  facet normal 0.000000 1.000000 0.000000
    outer loop
      vertex 35.010000 72.480000 0.000000
      vertex 40.010000 72.480000 0.000000
      vertex 40.010000 72.480000 3.000000
    endloop
  endfacet
  facet normal 0.000000 1.000000 0.000000
    outer loop
      vertex 35.010000 72.480000 0.000000
      vertex 40.010000 72.480000 3.000000
      vertex 35.010000 72.480000 3.000000
    endloop
  endfacet
  facet normal 0.000000 0.000000 -1.000000
    outer loop
      vertex 35.010000 66.880000 0.000000
      vertex 40.010000 66.880000 0.000000
      vertex 40.010000 72.480000 0.000000
    endloop
  endfacet
  facet normal 0.000000 0.000000 -1.000000
    outer loop
      vertex 35.010000 66.880000 0.000000
      vertex 40.010000 72.480000 0.000000
      vertex 35.010000 72.480000 0.000000
    endloop
  endfacet
  facet normal 0.000000 0.000000 1.000000
    outer loop
      vertex 35.010000 66.880000 3.000000
      vertex 35.010000 72.480000 3.000000
      vertex 40.010000 72.480000 3.000000
    endloop
  endfacet
  facet normal 0.000000 0.000000 1.000000
    outer loop
      vertex 35.010000 66.880000 3.000000
      vertex 40.010000 72.480000 3.000000
      vertex 40.010000 66.880000 3.000000
    endloop
  endfacet
  facet normal 0.000000 -1.000000 0.000000
    outer loop
      vertex 40.010000 0.000000 0.000000
      vertex 40.010000 0.000000 3.000000
      vertex 42.010000 0.000000 3.000000
    endloop
  endfacet
  facet normal 0.000000 -1.000000 0.000000
    outer loop
      vertex 40.010000 0.000000 0.000000
      vertex 42.010000 0.000000 3.000000
      vertex 42.010000 0.000000 0.000000
    endloop
  endfacet
  facet normal 0.000000 0.000000 -1.000000
    outer loop
      vertex 40.010000 0.000000 0.000000
      vertex 42.010000 0.000000 0.000000
      vertex 42.010000 5.600000 0.000000
    endloop
  endfacet
  facet normal 0.000000 0.000000 -1.000000
    outer loop
      vertex 40.010000 0.000000 0.000000
      vertex 42.010000 5.600000 0.000000
      vertex 40.010000 5.600000 0.000000
    endloop
  endfacet
  facet normal 0.000000 0.000000 1.000000
    outer loop
      vertex 40.010000 0.000000 3.000000
      vertex 40.010000 5.600000 3.000000
      vertex 42.010000 5.600000 3.000000
    endloop
  endfacet
  facet normal 0.000000 0.000000 1.000000
    outer loop
      vertex 40.010000 0.000000 3.000000
      vertex 42.010000 5.600000 3.000000
      vertex 42.010000 0.000000 3.000000
    endloop
  endfacet
  facet normal 0.000000 0.000000 -1.000000
    outer loop
      vertex 40.010000 5.600000 0.000000
      vertex 42.010000 5.600000 0.000000
      vertex 42.010000 8.000000 0.000000
    endloop
  endfacet
  facet normal 0.000000 0.000000 -1.000000
    outer loop
      vertex 40.010000 5.600000 0.000000
      vertex 42.010000 8.000000 0.000000
      vertex 40.010000 8.000000 0.000000
    endloop
  endfacet
  facet normal 0.000000 0.000000 1.000000
    outer loop
      vertex 40.010000 5.600000 3.000000
      vertex 40.010000 8.000000 3.000000
      vertex 42.010000 8.000000 3.000000
    endloop
  endfacet
  facet normal 0.000000 0.000000 1.000000
    outer loop
      vertex 40.010000 5.600000 3.000000
      vertex 42.010000 8.000000 3.000000
      vertex 42.010000 5.600000 3.000000
    endloop
  endfacet
  facet normal 0.000000 0.000000 -1.000000
    outer loop
      vertex 40.010000 8.000000 0.000000
      vertex 42.010000 8.000000 0.000000
      vertex 42.010000 19.000000 0.000000
    endloop
  endfacet
  facet normal 0.000000 0.000000 -1.000000
    outer loop
      vertex 40.010000 8.000000 0.000000
      vertex 42.010000 19.000000 0.000000
      vertex 40.010000 19.000000 0.000000
    endloop
  endfacet
  facet normal 0.000000 0.000000 1.000000
    outer loop
      vertex 40.010000 8.000000 3.000000
      vertex 40.010000 19.000000 3.000000
      vertex 42.010000 19.000000 3.000000
    endloop
  endfacet
  facet normal 0.000000 0.000000 1.000000
    outer loop
      vertex 40.010000 8.000000 3.000000
      vertex 42.010000 19.000000 3.000000
      vertex 42.010000 8.000000 3.000000
    endloop
  endfacet
  facet normal 0.000000 0.000000 -1.000000
    outer loop
      vertex 40.010000 19.000000 0.000000
      vertex 42.010000 19.000000 0.000000
      vertex 42.010000 22.850000 0.000000
    endloop
  endfacet
  facet normal 0.000000 0.000000 -1.000000
    outer loop
      vertex 40.010000 19.000000 0.000000
      vertex 42.010000 22.850000 0.000000
      vertex 40.010000 22.850000 0.000000
    endloop
  endfacet
  facet normal 0.000000 0.000000 1.000000
    outer loop
      vertex 40.010000 19.000000 3.000000
      vertex 40.010000 22.850000 3.000000
      vertex 42.010000 22.850000 3.000000
    endloop
  endfacet
  facet normal 0.000000 0.000000 1.000000
    outer loop
      vertex 40.010000 19.000000 3.000000
      vertex 42.010000 22.850000 3.000000
      vertex 42.010000 19.000000 3.000000
    endloop
  endfacet
  facet normal 0.000000 0.000000 -1.000000
    outer loop
      vertex 40.010000 22.850000 0.000000
      vertex 42.010000 22.850000 0.000000
      vertex 42.010000 24.850000 0.000000
    endloop
  endfacet
  facet normal 0.000000 0.000000 -1.000000
    outer loop
      vertex 40.010000 22.850000 0.000000
      vertex 42.010000 24.850000 0.000000
      vertex 40.010000 24.850000 0.000000
    endloop
  endfacet
  facet normal 1.000000 0.000000 0.000000
    outer loop
      vertex 42.010000 22.850000 3.000000
      vertex 42.010000 22.850000 7.000000
      vertex 42.010000 24.850000 7.000000
    endloop
  endfacet
  facet normal 1.000000 0.000000 0.000000
    outer loop
      vertex 42.010000 22.850000 3.000000
      vertex 42.010000 24.850000 7.000000
      vertex 42.010000 24.850000 3.000000
    endloop
  endfacet
  facet normal 0.000000 -1.000000 0.000000
    outer loop
      vertex 40.010000 22.850000 3.000000
      vertex 40.010000 22.850000 7.000000
      vertex 42.010000 22.850000 7.000000
    endloop
  endfacet
  facet normal 0.000000 -1.000000 0.000000
    outer loop
      vertex 40.010000 22.850000 3.000000
      vertex 42.010000 22.850000 7.000000
      vertex 42.010000 22.850000 3.000000
    endloop
  endfacet
  facet normal 0.000000 0.000000 1.000000
    outer loop
      vertex 40.010000 22.850000 7.000000
      vertex 40.010000 24.850000 7.000000
      vertex 42.010000 24.850000 7.000000
    endloop
  endfacet
  facet normal 0.000000 0.000000 1.000000
    outer loop
      vertex 40.010000 22.850000 7.000000
      vertex 42.010000 24.850000 7.000000
      vertex 42.010000 22.850000 7.000000
    endloop
  endfacet
  facet normal -1.000000 0.000000 0.000000
    outer loop
      vertex 40.010000 24.850000 0.000000
      vertex 40.010000 27.930000 0.000000
      vertex 40.010000 27.930000 3.000000
    endloop
  endfacet
  facet normal -1.000000 0.000000 0.000000
    outer loop
      vertex 40.010000 24.850000 0.000000
      vertex 40.010000 27.930000 3.000000
      vertex 40.010000 24.850000 3.000000
    endloop
  endfacet
  facet normal 0.000000 0.000000 -1.000000
    outer loop
      vertex 40.010000 24.850000 0.000000
      vertex 42.010000 24.850000 0.000000
      vertex 42.010000 27.930000 0.000000
    endloop
  endfacet
  facet normal 0.000000 0.000000 -1.000000
    outer loop
      vertex 40.010000 24.850000 0.000000
      vertex 42.010000 27.930000 0.000000
      vertex 40.010000 27.930000 0.000000
    endloop
  endfacet
  facet normal -1.000000 0.000000 0.000000
    outer loop
      vertex 40.010000 24.850000 3.000000
      vertex 40.010000 27.930000 3.000000
      vertex 40.010000 27.930000 7.000000
    endloop
  endfacet
  facet normal -1.000000 0.000000 0.000000
    outer loop
      vertex 40.010000 24.850000 3.000000
      vertex 40.010000 27.930000 7.000000
      vertex 40.010000 24.850000 7.000000
    endloop
  endfacet
  facet normal 1.000000 0.000000 0.000000
    outer loop
      vertex 42.010000 24.850000 3.000000
      vertex 42.010000 24.850000 7.000000
      vertex 42.010000 27.930000 7.000000
    endloop
  endfacet
  facet normal 1.000000 0.000000 0.000000
    outer loop
      vertex 42.010000 24.850000 3.000000
      vertex 42.010000 27.930000 7.000000
      vertex 42.010000 27.930000 3.000000
    endloop
  endfacet
  facet normal 0.000000 0.000000 1.000000
    outer loop
      vertex 40.010000 24.850000 7.000000
      vertex 40.010000 27.930000 7.000000
      vertex 42.010000 27.930000 7.000000
    endloop
  endfacet
  facet normal 0.000000 0.000000 1.000000
    outer loop
      vertex 40.010000 24.850000 7.000000
      vertex 42.010000 27.930000 7.000000
      vertex 42.010000 24.850000 7.000000
    endloop
  endfacet
  facet normal -1.000000 0.000000 0.000000
    outer loop
      vertex 40.010000 27.930000 0.000000
      vertex 40.010000 29.850000 0.000000
      vertex 40.010000 29.850000 3.000000
    endloop
  endfacet
  facet normal -1.000000 0.000000 0.000000
    outer loop
      vertex 40.010000 27.930000 0.000000
      vertex 40.010000 29.850000 3.000000
      vertex 40.010000 27.930000 3.000000
    endloop
  endfacet
  facet normal 0.000000 0.000000 -1.000000
    outer loop
      vertex 40.010000 27.930000 0.000000
      vertex 42.010000 27.930000 0.000000
      vertex 42.010000 29.850000 0.000000
    endloop
  endfacet
  facet normal 0.000000 0.000000 -1.000000
    outer loop
      vertex 40.010000 27.930000 0.000000
      vertex 42.010000 29.850000 0.000000
      vertex 40.010000 29.850000 0.000000
    endloop
  endfacet
  facet normal -1.000000 0.000000 0.000000
    outer loop
      vertex 40.010000 27.930000 3.000000
      vertex 40.010000 29.850000 3.000000
      vertex 40.010000 29.850000 7.000000
    endloop
  endfacet
  facet normal -1.000000 0.000000 0.000000
    outer loop
      vertex 40.010000 27.930000 3.000000
      vertex 40.010000 29.850000 7.000000
      vertex 40.010000 27.930000 7.000000
    endloop
  endfacet
  facet normal 1.000000 0.000000 0.000000
    outer loop
      vertex 42.010000 27.930000 3.000000
      vertex 42.010000 27.930000 7.000000
      vertex 42.010000 29.850000 7.000000
    endloop
  endfacet
  facet normal 1.000000 0.000000 0.000000
    outer loop
      vertex 42.010000 27.930000 3.000000
      vertex 42.010000 29.850000 7.000000
      vertex 42.010000 29.850000 3.000000
    endloop
  endfacet
  facet normal 0.000000 0.000000 1.000000
    outer loop
      vertex 40.010000 27.930000 7.000000
      vertex 40.010000 29.850000 7.000000
      vertex 42.010000 29.850000 7.000000
    endloop
  endfacet
  facet normal 0.000000 0.000000 1.000000
    outer loop
      vertex 40.010000 27.930000 7.000000
      vertex 42.010000 29.850000 7.000000
      vertex 42.010000 27.930000 7.000000
    endloop
  endfacet
  facet normal 0.000000 0.000000 -1.000000
    outer loop
      vertex 40.010000 29.850000 0.000000
      vertex 42.010000 29.850000 0.000000
      vertex 42.010000 29.930000 0.000000
    endloop
  endfacet
  facet normal 0.000000 0.000000 -1.000000
    outer loop
      vertex 40.010000 29.850000 0.000000
      vertex 42.010000 29.930000 0.000000
      vertex 40.010000 29.930000 0.000000
    endloop
  endfacet
  facet normal 1.000000 0.000000 0.000000
    outer loop
      vertex 42.010000 29.850000 3.000000
      vertex 42.010000 29.850000 7.000000
      vertex 42.010000 29.930000 7.000000
    endloop
  endfacet
  facet normal 1.000000 0.000000 0.000000
    outer loop
      vertex 42.010000 29.850000 3.000000
      vertex 42.010000 29.930000 7.000000
      vertex 42.010000 29.930000 3.000000
    endloop
  endfacet
  facet normal 0.000000 0.000000 1.000000
    outer loop
      vertex 40.010000 29.850000 7.000000
      vertex 40.010000 29.930000 7.000000
      vertex 42.010000 29.930000 7.000000
    endloop
  endfacet
  facet normal 0.000000 0.000000 1.000000
    outer loop
      vertex 40.010000 29.850000 7.000000
      vertex 42.010000 29.930000 7.000000
      vertex 42.010000 29.850000 7.000000
    endloop
  endfacet
  facet normal 0.000000 0.000000 -1.000000
    outer loop
      vertex 40.010000 29.930000 0.000000
      vertex 42.010000 29.930000 0.000000
      vertex 42.010000 31.850000 0.000000
    endloop
  endfacet
  facet normal 0.000000 0.000000 -1.000000
    outer loop
      vertex 40.010000 29.930000 0.000000
      vertex 42.010000 31.850000 0.000000
      vertex 40.010000 31.850000 0.000000
    endloop
  endfacet
  facet normal 1.000000 0.000000 0.000000
    outer loop
      vertex 42.010000 29.930000 3.000000
      vertex 42.010000 29.930000 7.000000
      vertex 42.010000 31.850000 7.000000
    endloop
  endfacet
  facet normal 1.000000 0.000000 0.000000
    outer loop
      vertex 42.010000 29.930000 3.000000
      vertex 42.010000 31.850000 7.000000
      vertex 42.010000 31.850000 3.000000
    endloop
  endfacet
  facet normal 0.000000 1.000000 0.000000
    outer loop
      vertex 40.010000 31.850000 3.000000
      vertex 42.010000 31.850000 3.000000
      vertex 42.010000 31.850000 7.000000
    endloop
  endfacet
  facet normal 0.000000 1.000000 0.000000
    outer loop
      vertex 40.010000 31.850000 3.000000
      vertex 42.010000 31.850000 7.000000
      vertex 40.010000 31.850000 7.000000
    endloop
  endfacet
  facet normal 0.000000 0.000000 1.000000
    outer loop
      vertex 40.010000 29.930000 7.000000
      vertex 40.010000 31.850000 7.000000
      vertex 42.010000 31.850000 7.000000
    endloop
  endfacet
  facet normal 0.000000 0.000000 1.000000
    outer loop
      vertex 40.010000 29.930000 7.000000
      vertex 42.010000 31.850000 7.000000
      vertex 42.010000 29.930000 7.000000
    endloop
  endfacet
  facet normal 0.000000 0.000000 -1.000000
    outer loop
      vertex 40.010000 31.850000 0.000000
      vertex 42.010000 31.850000 0.000000
      vertex 42.010000 34.930000 0.000000
    endloop
  endfacet
  facet normal 0.000000 0.000000 -1.000000
    outer loop
      vertex 40.010000 31.850000 0.000000
      vertex 42.010000 34.930000 0.000000
      vertex 40.010000 34.930000 0.000000
    endloop
  endfacet
  facet normal 0.000000 0.000000 1.000000
    outer loop
      vertex 40.010000 31.850000 3.000000
      vertex 40.010000 34.930000 3.000000
      vertex 42.010000 34.930000 3.000000
    endloop
  endfacet
  facet normal 0.000000 0.000000 1.000000
    outer loop
      vertex 40.010000 31.850000 3.000000
      vertex 42.010000 34.930000 3.000000
      vertex 42.010000 31.850000 3.000000
    endloop
  endfacet
  facet normal 0.000000 0.000000 -1.000000
    outer loop
      vertex 40.010000 34.930000 0.000000
      vertex 42.010000 34.930000 0.000000
      vertex 42.010000 36.930000 0.000000
    endloop
  endfacet
  facet normal 0.000000 0.000000 -1.000000
    outer loop
      vertex 40.010000 34.930000 0.000000
      vertex 42.010000 36.930000 0.000000
      vertex 40.010000 36.930000 0.000000
    endloop
  endfacet
  facet normal 0.000000 0.000000 1.000000
    outer loop
      vertex 40.010000 34.930000 3.000000
      vertex 40.010000 36.930000 3.000000
      vertex 42.010000 36.930000 3.000000
    endloop
  endfacet
  facet normal 0.000000 0.000000 1.000000
    outer loop
      vertex 40.010000 34.930000 3.000000
      vertex 42.010000 36.930000 3.000000
      vertex 42.010000 34.930000 3.000000
    endloop
  endfacet
  facet normal 0.000000 0.000000 -1.000000
    outer loop
      vertex 40.010000 36.930000 0.000000
      vertex 42.010000 36.930000 0.000000
      vertex 42.010000 53.480000 0.000000
    endloop
  endfacet
  facet normal 0.000000 0.000000 -1.000000
    outer loop
      vertex 40.010000 36.930000 0.000000
      vertex 42.010000 53.480000 0.000000
      vertex 40.010000 53.480000 0.000000
    endloop
  endfacet
  facet normal 0.000000 0.000000 1.000000
    outer loop
      vertex 40.010000 36.930000 3.000000
      vertex 40.010000 53.480000 3.000000
      vertex 42.010000 53.480000 3.000000
    endloop
  endfacet
  facet normal 0.000000 0.000000 1.000000
    outer loop
      vertex 40.010000 36.930000 3.000000
      vertex 42.010000 53.480000 3.000000
      vertex 42.010000 36.930000 3.000000
    endloop
  endfacet
  facet normal 0.000000 0.000000 -1.000000
    outer loop
      vertex 40.010000 53.480000 0.000000
      vertex 42.010000 53.480000 0.000000
      vertex 42.010000 55.870000 0.000000
    endloop
  endfacet
  facet normal 0.000000 0.000000 -1.000000
    outer loop
      vertex 40.010000 53.480000 0.000000
      vertex 42.010000 55.870000 0.000000
      vertex 40.010000 55.870000 0.000000
    endloop
  endfacet
  facet normal 0.000000 0.000000 1.000000
    outer loop
      vertex 40.010000 53.480000 3.000000
      vertex 40.010000 55.870000 3.000000
      vertex 42.010000 55.870000 3.000000
    endloop
  endfacet
  facet normal 0.000000 0.000000 1.000000
    outer loop
      vertex 40.010000 53.480000 3.000000
      vertex 42.010000 55.870000 3.000000
      vertex 42.010000 53.480000 3.000000
    endloop
  endfacet
  facet normal 0.000000 0.000000 -1.000000
    outer loop
      vertex 40.010000 55.870000 0.000000
      vertex 42.010000 55.870000 0.000000
      vertex 42.010000 57.870000 0.000000
    endloop
  endfacet
  facet normal 0.000000 0.000000 -1.000000
    outer loop
      vertex 40.010000 55.870000 0.000000
      vertex 42.010000 57.870000 0.000000
      vertex 40.010000 57.870000 0.000000
    endloop
  endfacet
  facet normal 0.000000 0.000000 1.000000
    outer loop
      vertex 40.010000 55.870000 3.000000
      vertex 40.010000 57.870000 3.000000
      vertex 42.010000 57.870000 3.000000
    endloop
  endfacet
  facet normal 0.000000 0.000000 1.000000
    outer loop
      vertex 40.010000 55.870000 3.000000
      vertex 42.010000 57.870000 3.000000
      vertex 42.010000 55.870000 3.000000
    endloop
  endfacet
  facet normal 0.000000 0.000000 -1.000000
    outer loop
      vertex 40.010000 57.870000 0.000000
      vertex 42.010000 57.870000 0.000000
      vertex 42.010000 62.870000 0.000000
    endloop
  endfacet
  facet normal 0.000000 0.000000 -1.000000
    outer loop
      vertex 40.010000 57.870000 0.000000
      vertex 42.010000 62.870000 0.000000
      vertex 40.010000 62.870000 0.000000
    endloop
  endfacet
  facet normal 0.000000 0.000000 1.000000
    outer loop
      vertex 40.010000 57.870000 3.000000
      vertex 40.010000 62.870000 3.000000
      vertex 42.010000 62.870000 3.000000
    endloop
  endfacet
  facet normal 0.000000 0.000000 1.000000
    outer loop
      vertex 40.010000 57.870000 3.000000
      vertex 42.010000 62.870000 3.000000
      vertex 42.010000 57.870000 3.000000
    endloop
  endfacet
  facet normal 0.000000 0.000000 -1.000000
    outer loop
      vertex 40.010000 62.870000 0.000000
      vertex 42.010000 62.870000 0.000000
      vertex 42.010000 64.480000 0.000000
    endloop
  endfacet
  facet normal 0.000000 0.000000 -1.000000
    outer loop
      vertex 40.010000 62.870000 0.000000
      vertex 42.010000 64.480000 0.000000
      vertex 40.010000 64.480000 0.000000
    endloop
  endfacet
  facet normal 0.000000 0.000000 1.000000
    outer loop
      vertex 40.010000 62.870000 3.000000
      vertex 40.010000 64.480000 3.000000
      vertex 42.010000 64.480000 3.000000
    endloop
  endfacet
  facet normal 0.000000 0.000000 1.000000
    outer loop
      vertex 40.010000 62.870000 3.000000
      vertex 42.010000 64.480000 3.000000
      vertex 42.010000 62.870000 3.000000
    endloop
  endfacet
  facet normal 0.000000 0.000000 -1.000000
    outer loop
      vertex 40.010000 64.480000 0.000000
      vertex 42.010000 64.480000 0.000000
      vertex 42.010000 64.870000 0.000000
    endloop
  endfacet
  facet normal 0.000000 0.000000 -1.000000
    outer loop
      vertex 40.010000 64.480000 0.000000
      vertex 42.010000 64.870000 0.000000
      vertex 40.010000 64.870000 0.000000
    endloop
  endfacet
  facet normal 0.000000 0.000000 1.000000
    outer loop
      vertex 40.010000 64.480000 3.000000
      vertex 40.010000 64.870000 3.000000
      vertex 42.010000 64.870000 3.000000
    endloop
  endfacet
  facet normal 0.000000 0.000000 1.000000
    outer loop
      vertex 40.010000 64.480000 3.000000
      vertex 42.010000 64.870000 3.000000
      vertex 42.010000 64.480000 3.000000
    endloop
  endfacet
  facet normal 0.000000 0.000000 -1.000000
    outer loop
      vertex 40.010000 64.870000 0.000000
      vertex 42.010000 64.870000 0.000000
      vertex 42.010000 66.880000 0.000000
    endloop
  endfacet
  facet normal 0.000000 0.000000 -1.000000
    outer loop
      vertex 40.010000 64.870000 0.000000
      vertex 42.010000 66.880000 0.000000
      vertex 40.010000 66.880000 0.000000
    endloop
  endfacet
  facet normal 0.000000 0.000000 1.000000
    outer loop
      vertex 40.010000 64.870000 3.000000
      vertex 40.010000 66.880000 3.000000
      vertex 42.010000 66.880000 3.000000
    endloop
  endfacet
  facet normal 0.000000 0.000000 1.000000
    outer loop
      vertex 40.010000 64.870000 3.000000
      vertex 42.010000 66.880000 3.000000
      vertex 42.010000 64.870000 3.000000
    endloop
  endfacet
  facet normal 0.000000 1.000000 0.000000
    outer loop
      vertex 40.010000 72.480000 0.000000
      vertex 42.010000 72.480000 0.000000
      vertex 42.010000 72.480000 3.000000
    endloop
  endfacet
  facet normal 0.000000 1.000000 0.000000
    outer loop
      vertex 40.010000 72.480000 0.000000
      vertex 42.010000 72.480000 3.000000
      vertex 40.010000 72.480000 3.000000
    endloop
  endfacet
  facet normal 0.000000 0.000000 -1.000000
    outer loop
      vertex 40.010000 66.880000 0.000000
      vertex 42.010000 66.880000 0.000000
      vertex 42.010000 72.480000 0.000000
    endloop
  endfacet
  facet normal 0.000000 0.000000 -1.000000
    outer loop
      vertex 40.010000 66.880000 0.000000
      vertex 42.010000 72.480000 0.000000
      vertex 40.010000 72.480000 0.000000
    endloop
  endfacet
  facet normal 0.000000 0.000000 1.000000
    outer loop
      vertex 40.010000 66.880000 3.000000
      vertex 40.010000 72.480000 3.000000
      vertex 42.010000 72.480000 3.000000
    endloop
  endfacet
  facet normal 0.000000 0.000000 1.000000
    outer loop
      vertex 40.010000 66.880000 3.000000
      vertex 42.010000 72.480000 3.000000
      vertex 42.010000 66.880000 3.000000
    endloop
  endfacet
  facet normal 0.000000 -1.000000 0.000000
    outer loop
      vertex 42.010000 0.000000 0.000000
      vertex 42.010000 0.000000 3.000000
      vertex 88.890000 0.000000 3.000000
    endloop
  endfacet
  facet normal 0.000000 -1.000000 0.000000
    outer loop
      vertex 42.010000 0.000000 0.000000
      vertex 88.890000 0.000000 3.000000
      vertex 88.890000 0.000000 0.000000
    endloop
  endfacet
  facet normal 0.000000 0.000000 -1.000000
    outer loop
      vertex 42.010000 0.000000 0.000000
      vertex 88.890000 0.000000 0.000000
      vertex 88.890000 5.600000 0.000000
    endloop
  endfacet
  facet normal 0.000000 0.000000 -1.000000
    outer loop
      vertex 42.010000 0.000000 0.000000
      vertex 88.890000 5.600000 0.000000
      vertex 42.010000 5.600000 0.000000
    endloop
  endfacet
  facet normal 0.000000 0.000000 1.000000
    outer loop
      vertex 42.010000 0.000000 3.000000
      vertex 42.010000 5.600000 3.000000
      vertex 88.890000 5.600000 3.000000
    endloop
  endfacet
  facet normal 0.000000 0.000000 1.000000
    outer loop
      vertex 42.010000 0.000000 3.000000
      vertex 88.890000 5.600000 3.000000
      vertex 88.890000 0.000000 3.000000
    endloop
  endfacet
  facet normal 0.000000 0.000000 -1.000000
    outer loop
      vertex 42.010000 5.600000 0.000000
      vertex 88.890000 5.600000 0.000000
      vertex 88.890000 8.000000 0.000000
    endloop
  endfacet
  facet normal 0.000000 0.000000 -1.000000
    outer loop
      vertex 42.010000 5.600000 0.000000
      vertex 88.890000 8.000000 0.000000
      vertex 42.010000 8.000000 0.000000
    endloop
  endfacet
  facet normal 0.000000 0.000000 1.000000
    outer loop
      vertex 42.010000 5.600000 3.000000
      vertex 42.010000 8.000000 3.000000
      vertex 88.890000 8.000000 3.000000
    endloop
  endfacet
  facet normal 0.000000 0.000000 1.000000
    outer loop
      vertex 42.010000 5.600000 3.000000
      vertex 88.890000 8.000000 3.000000
      vertex 88.890000 5.600000 3.000000
    endloop
  endfacet
  facet normal 0.000000 0.000000 -1.000000
    outer loop
      vertex 42.010000 8.000000 0.000000
      vertex 88.890000 8.000000 0.000000
      vertex 88.890000 19.000000 0.000000
    endloop
  endfacet
  facet normal 0.000000 0.000000 -1.000000
    outer loop
      vertex 42.010000 8.000000 0.000000
      vertex 88.890000 19.000000 0.000000
      vertex 42.010000 19.000000 0.000000
    endloop
  endfacet
  facet normal 0.000000 0.000000 1.000000
    outer loop
      vertex 42.010000 8.000000 3.000000
      vertex 42.010000 19.000000 3.000000
      vertex 88.890000 19.000000 3.000000
    endloop
  endfacet
  facet normal 0.000000 0.000000 1.000000
    outer loop
      vertex 42.010000 8.000000 3.000000
      vertex 88.890000 19.000000 3.000000
      vertex 88.890000 8.000000 3.000000
    endloop
  endfacet
  facet normal 0.000000 0.000000 -1.000000
    outer loop
      vertex 42.010000 19.000000 0.000000
      vertex 88.890000 19.000000 0.000000
      vertex 88.890000 22.850000 0.000000
    endloop
  endfacet
  facet normal 0.000000 0.000000 -1.000000
    outer loop
      vertex 42.010000 19.000000 0.000000
      vertex 88.890000 22.850000 0.000000
      vertex 42.010000 22.850000 0.000000
    endloop
  endfacet
  facet normal 0.000000 0.000000 1.000000
    outer loop
      vertex 42.010000 19.000000 3.000000
      vertex 42.010000 22.850000 3.000000
      vertex 88.890000 22.850000 3.000000
    endloop
  endfacet
  facet normal 0.000000 0.000000 1.000000
    outer loop
      vertex 42.010000 19.000000 3.000000
      vertex 88.890000 22.850000 3.000000
      vertex 88.890000 19.000000 3.000000
    endloop
  endfacet
  facet normal 0.000000 0.000000 -1.000000
    outer loop
      vertex 42.010000 22.850000 0.000000
      vertex 88.890000 22.850000 0.000000
      vertex 88.890000 24.850000 0.000000
    endloop
  endfacet
  facet normal 0.000000 0.000000 -1.000000
    outer loop
      vertex 42.010000 22.850000 0.000000
      vertex 88.890000 24.850000 0.000000
      vertex 42.010000 24.850000 0.000000
    endloop
  endfacet
  facet normal 0.000000 0.000000 1.000000
    outer loop
      vertex 42.010000 22.850000 3.000000
      vertex 42.010000 24.850000 3.000000
      vertex 88.890000 24.850000 3.000000
    endloop
  endfacet
  facet normal 0.000000 0.000000 1.000000
    outer loop
      vertex 42.010000 22.850000 3.000000
      vertex 88.890000 24.850000 3.000000
      vertex 88.890000 22.850000 3.000000
    endloop
  endfacet
  facet normal 0.000000 0.000000 -1.000000
    outer loop
      vertex 42.010000 24.850000 0.000000
      vertex 88.890000 24.850000 0.000000
      vertex 88.890000 27.930000 0.000000
    endloop
  endfacet
  facet normal 0.000000 0.000000 -1.000000
    outer loop
      vertex 42.010000 24.850000 0.000000
      vertex 88.890000 27.930000 0.000000
      vertex 42.010000 27.930000 0.000000
    endloop
  endfacet
  facet normal 0.000000 0.000000 1.000000
    outer loop
      vertex 42.010000 24.850000 3.000000
      vertex 42.010000 27.930000 3.000000
      vertex 88.890000 27.930000 3.000000
    endloop
  endfacet
  facet normal 0.000000 0.000000 1.000000
    outer loop
      vertex 42.010000 24.850000 3.000000
      vertex 88.890000 27.930000 3.000000
      vertex 88.890000 24.850000 3.000000
    endloop
  endfacet
  facet normal 0.000000 0.000000 -1.000000
    outer loop
      vertex 42.010000 27.930000 0.000000
      vertex 88.890000 27.930000 0.000000
      vertex 88.890000 29.850000 0.000000
    endloop
  endfacet
  facet normal 0.000000 0.000000 -1.000000
    outer loop
      vertex 42.010000 27.930000 0.000000
      vertex 88.890000 29.850000 0.000000
      vertex 42.010000 29.850000 0.000000
    endloop
  endfacet
  facet normal 0.000000 0.000000 1.000000
    outer loop
      vertex 42.010000 27.930000 3.000000
      vertex 42.010000 29.850000 3.000000
      vertex 88.890000 29.850000 3.000000
    endloop
  endfacet
  facet normal 0.000000 0.000000 1.000000
    outer loop
      vertex 42.010000 27.930000 3.000000
      vertex 88.890000 29.850000 3.000000
      vertex 88.890000 27.930000 3.000000
    endloop
  endfacet
  facet normal 0.000000 0.000000 -1.000000
    outer loop
      vertex 42.010000 29.850000 0.000000
      vertex 88.890000 29.850000 0.000000
      vertex 88.890000 29.930000 0.000000
    endloop
  endfacet
  facet normal 0.000000 0.000000 -1.000000
    outer loop
      vertex 42.010000 29.850000 0.000000
      vertex 88.890000 29.930000 0.000000
      vertex 42.010000 29.930000 0.000000
    endloop
  endfacet
  facet normal 0.000000 0.000000 1.000000
    outer loop
      vertex 42.010000 29.850000 3.000000
      vertex 42.010000 29.930000 3.000000
      vertex 88.890000 29.930000 3.000000
    endloop
  endfacet
  facet normal 0.000000 0.000000 1.000000
    outer loop
      vertex 42.010000 29.850000 3.000000
      vertex 88.890000 29.930000 3.000000
      vertex 88.890000 29.850000 3.000000
    endloop
  endfacet
  facet normal 0.000000 0.000000 -1.000000
    outer loop
      vertex 42.010000 29.930000 0.000000
      vertex 88.890000 29.930000 0.000000
      vertex 88.890000 31.850000 0.000000
    endloop
  endfacet
  facet normal 0.000000 0.000000 -1.000000
    outer loop
      vertex 42.010000 29.930000 0.000000
      vertex 88.890000 31.850000 0.000000
      vertex 42.010000 31.850000 0.000000
    endloop
  endfacet
  facet normal 0.000000 0.000000 1.000000
    outer loop
      vertex 42.010000 29.930000 3.000000
      vertex 42.010000 31.850000 3.000000
      vertex 88.890000 31.850000 3.000000
    endloop
  endfacet
  facet normal 0.000000 0.000000 1.000000
    outer loop
      vertex 42.010000 29.930000 3.000000
      vertex 88.890000 31.850000 3.000000
      vertex 88.890000 29.930000 3.000000
    endloop
  endfacet
  facet normal 0.000000 0.000000 -1.000000
    outer loop
      vertex 42.010000 31.850000 0.000000
      vertex 88.890000 31.850000 0.000000
      vertex 88.890000 34.930000 0.000000
    endloop
  endfacet
  facet normal 0.000000 0.000000 -1.000000
    outer loop
      vertex 42.010000 31.850000 0.000000
      vertex 88.890000 34.930000 0.000000
      vertex 42.010000 34.930000 0.000000
    endloop
  endfacet
  facet normal 0.000000 0.000000 1.000000
    outer loop
      vertex 42.010000 31.850000 3.000000
      vertex 42.010000 34.930000 3.000000
      vertex 88.890000 34.930000 3.000000
    endloop
  endfacet
  facet normal 0.000000 0.000000 1.000000
    outer loop
      vertex 42.010000 31.850000 3.000000
      vertex 88.890000 34.930000 3.000000
      vertex 88.890000 31.850000 3.000000
    endloop
  endfacet
  facet normal 0.000000 0.000000 -1.000000
    outer loop
      vertex 42.010000 34.930000 0.000000
      vertex 88.890000 34.930000 0.000000
      vertex 88.890000 36.930000 0.000000
    endloop
  endfacet
  facet normal 0.000000 0.000000 -1.000000
    outer loop
      vertex 42.010000 34.930000 0.000000
      vertex 88.890000 36.930000 0.000000
      vertex 42.010000 36.930000 0.000000
    endloop
  endfacet
  facet normal 0.000000 0.000000 1.000000
    outer loop
      vertex 42.010000 34.930000 3.000000
      vertex 42.010000 36.930000 3.000000
      vertex 88.890000 36.930000 3.000000
    endloop
  endfacet
  facet normal 0.000000 0.000000 1.000000
    outer loop
      vertex 42.010000 34.930000 3.000000
      vertex 88.890000 36.930000 3.000000
      vertex 88.890000 34.930000 3.000000
    endloop
  endfacet
  facet normal 0.000000 0.000000 -1.000000
    outer loop
      vertex 42.010000 36.930000 0.000000
      vertex 88.890000 36.930000 0.000000
      vertex 88.890000 53.480000 0.000000
    endloop
  endfacet
  facet normal 0.000000 0.000000 -1.000000
    outer loop
      vertex 42.010000 36.930000 0.000000
      vertex 88.890000 53.480000 0.000000
      vertex 42.010000 53.480000 0.000000
    endloop
  endfacet
  facet normal 0.000000 0.000000 1.000000
    outer loop
      vertex 42.010000 36.930000 3.000000
      vertex 42.010000 53.480000 3.000000
      vertex 88.890000 53.480000 3.000000
    endloop
  endfacet
  facet normal 0.000000 0.000000 1.000000
    outer loop
      vertex 42.010000 36.930000 3.000000
      vertex 88.890000 53.480000 3.000000
      vertex 88.890000 36.930000 3.000000
    endloop
  endfacet
  facet normal 0.000000 0.000000 -1.000000
    outer loop
      vertex 42.010000 53.480000 0.000000
      vertex 88.890000 53.480000 0.000000
      vertex 88.890000 55.870000 0.000000
    endloop
  endfacet
  facet normal 0.000000 0.000000 -1.000000
    outer loop
      vertex 42.010000 53.480000 0.000000
      vertex 88.890000 55.870000 0.000000
      vertex 42.010000 55.870000 0.000000
    endloop
  endfacet
  facet normal 0.000000 0.000000 1.000000
    outer loop
      vertex 42.010000 53.480000 3.000000
      vertex 42.010000 55.870000 3.000000
      vertex 88.890000 55.870000 3.000000
    endloop
  endfacet
  facet normal 0.000000 0.000000 1.000000
    outer loop
      vertex 42.010000 53.480000 3.000000
      vertex 88.890000 55.870000 3.000000
      vertex 88.890000 53.480000 3.000000
    endloop
  endfacet
  facet normal 0.000000 0.000000 -1.000000
    outer loop
      vertex 42.010000 55.870000 0.000000
      vertex 88.890000 55.870000 0.000000
      vertex 88.890000 57.870000 0.000000
    endloop
  endfacet
  facet normal 0.000000 0.000000 -1.000000
    outer loop
      vertex 42.010000 55.870000 0.000000
      vertex 88.890000 57.870000 0.000000
      vertex 42.010000 57.870000 0.000000
    endloop
  endfacet
  facet normal 0.000000 0.000000 1.000000
    outer loop
      vertex 42.010000 55.870000 3.000000
      vertex 42.010000 57.870000 3.000000
      vertex 88.890000 57.870000 3.000000
    endloop
  endfacet
  facet normal 0.000000 0.000000 1.000000
    outer loop
      vertex 42.010000 55.870000 3.000000
      vertex 88.890000 57.870000 3.000000
      vertex 88.890000 55.870000 3.000000
    endloop
  endfacet
  facet normal 0.000000 0.000000 -1.000000
    outer loop
      vertex 42.010000 57.870000 0.000000
      vertex 88.890000 57.870000 0.000000
      vertex 88.890000 62.870000 0.000000
    endloop
  endfacet
  facet normal 0.000000 0.000000 -1.000000
    outer loop
      vertex 42.010000 57.870000 0.000000
      vertex 88.890000 62.870000 0.000000
      vertex 42.010000 62.870000 0.000000
    endloop
  endfacet
  facet normal 0.000000 0.000000 1.000000
    outer loop
      vertex 42.010000 57.870000 3.000000
      vertex 42.010000 62.870000 3.000000
      vertex 88.890000 62.870000 3.000000
    endloop
  endfacet
  facet normal 0.000000 0.000000 1.000000
    outer loop
      vertex 42.010000 57.870000 3.000000
      vertex 88.890000 62.870000 3.000000
      vertex 88.890000 57.870000 3.000000
    endloop
  endfacet
  facet normal 0.000000 0.000000 -1.000000
    outer loop
      vertex 42.010000 62.870000 0.000000
      vertex 88.890000 62.870000 0.000000
      vertex 88.890000 64.480000 0.000000
    endloop
  endfacet
  facet normal 0.000000 0.000000 -1.000000
    outer loop
      vertex 42.010000 62.870000 0.000000
      vertex 88.890000 64.480000 0.000000
      vertex 42.010000 64.480000 0.000000
    endloop
  endfacet
  facet normal 0.000000 0.000000 1.000000
    outer loop
      vertex 42.010000 62.870000 3.000000
      vertex 42.010000 64.480000 3.000000
      vertex 88.890000 64.480000 3.000000
    endloop
  endfacet
  facet normal 0.000000 0.000000 1.000000
    outer loop
      vertex 42.010000 62.870000 3.000000
      vertex 88.890000 64.480000 3.000000
      vertex 88.890000 62.870000 3.000000
    endloop
  endfacet
  facet normal 0.000000 0.000000 -1.000000
    outer loop
      vertex 42.010000 64.480000 0.000000
      vertex 88.890000 64.480000 0.000000
      vertex 88.890000 64.870000 0.000000
    endloop
  endfacet
  facet normal 0.000000 0.000000 -1.000000
    outer loop
      vertex 42.010000 64.480000 0.000000
      vertex 88.890000 64.870000 0.000000
      vertex 42.010000 64.870000 0.000000
    endloop
  endfacet
  facet normal 0.000000 0.000000 1.000000
    outer loop
      vertex 42.010000 64.480000 3.000000
      vertex 42.010000 64.870000 3.000000
      vertex 88.890000 64.870000 3.000000
    endloop
  endfacet
  facet normal 0.000000 0.000000 1.000000
    outer loop
      vertex 42.010000 64.480000 3.000000
      vertex 88.890000 64.870000 3.000000
      vertex 88.890000 64.480000 3.000000
    endloop
  endfacet
  facet normal 0.000000 0.000000 -1.000000
    outer loop
      vertex 42.010000 64.870000 0.000000
      vertex 88.890000 64.870000 0.000000
      vertex 88.890000 66.880000 0.000000
    endloop
  endfacet
  facet normal 0.000000 0.000000 -1.000000
    outer loop
      vertex 42.010000 64.870000 0.000000
      vertex 88.890000 66.880000 0.000000
      vertex 42.010000 66.880000 0.000000
    endloop
  endfacet
  facet normal 0.000000 0.000000 1.000000
    outer loop
      vertex 42.010000 64.870000 3.000000
      vertex 42.010000 66.880000 3.000000
      vertex 88.890000 66.880000 3.000000
    endloop
  endfacet
  facet normal 0.000000 0.000000 1.000000
    outer loop
      vertex 42.010000 64.870000 3.000000
      vertex 88.890000 66.880000 3.000000
      vertex 88.890000 64.870000 3.000000
    endloop
  endfacet
  facet normal 0.000000 1.000000 0.000000
    outer loop
      vertex 42.010000 72.480000 0.000000
      vertex 88.890000 72.480000 0.000000
      vertex 88.890000 72.480000 3.000000
    endloop
  endfacet
  facet normal 0.000000 1.000000 0.000000
    outer loop
      vertex 42.010000 72.480000 0.000000
      vertex 88.890000 72.480000 3.000000
      vertex 42.010000 72.480000 3.000000
    endloop
  endfacet
  facet normal 0.000000 0.000000 -1.000000
    outer loop
      vertex 42.010000 66.880000 0.000000
      vertex 88.890000 66.880000 0.000000
      vertex 88.890000 72.480000 0.000000
    endloop
  endfacet
  facet normal 0.000000 0.000000 -1.000000
    outer loop
      vertex 42.010000 66.880000 0.000000
      vertex 88.890000 72.480000 0.000000
      vertex 42.010000 72.480000 0.000000
    endloop
  endfacet
  facet normal 0.000000 0.000000 1.000000
    outer loop
      vertex 42.010000 66.880000 3.000000
      vertex 42.010000 72.480000 3.000000
      vertex 88.890000 72.480000 3.000000
    endloop
  endfacet
  facet normal 0.000000 0.000000 1.000000
    outer loop
      vertex 42.010000 66.880000 3.000000
      vertex 88.890000 72.480000 3.000000
      vertex 88.890000 66.880000 3.000000
    endloop
  endfacet
  facet normal 0.000000 -1.000000 0.000000
    outer loop
      vertex 88.890000 0.000000 0.000000
      vertex 88.890000 0.000000 3.000000
      vertex 90.890000 0.000000 3.000000
    endloop
  endfacet
  facet normal 0.000000 -1.000000 0.000000
    outer loop
      vertex 88.890000 0.000000 0.000000
      vertex 90.890000 0.000000 3.000000
      vertex 90.890000 0.000000 0.000000
    endloop
  endfacet
  facet normal 0.000000 0.000000 -1.000000
    outer loop
      vertex 88.890000 0.000000 0.000000
      vertex 90.890000 0.000000 0.000000
      vertex 90.890000 5.600000 0.000000
    endloop
  endfacet
  facet normal 0.000000 0.000000 -1.000000
    outer loop
      vertex 88.890000 0.000000 0.000000
      vertex 90.890000 5.600000 0.000000
      vertex 88.890000 5.600000 0.000000
    endloop
  endfacet
  facet normal 0.000000 0.000000 1.000000
    outer loop
      vertex 88.890000 0.000000 3.000000
      vertex 88.890000 5.600000 3.000000
      vertex 90.890000 5.600000 3.000000
    endloop
  endfacet
  facet normal 0.000000 0.000000 1.000000
    outer loop
      vertex 88.890000 0.000000 3.000000
      vertex 90.890000 5.600000 3.000000
      vertex 90.890000 0.000000 3.000000
    endloop
  endfacet
  facet normal 0.000000 0.000000 -1.000000
    outer loop
      vertex 88.890000 5.600000 0.000000
      vertex 90.890000 5.600000 0.000000
      vertex 90.890000 8.000000 0.000000
    endloop
  endfacet
  facet normal 0.000000 0.000000 -1.000000
    outer loop
      vertex 88.890000 5.600000 0.000000
      vertex 90.890000 8.000000 0.000000
      vertex 88.890000 8.000000 0.000000
    endloop
  endfacet
  facet normal 0.000000 0.000000 1.000000
    outer loop
      vertex 88.890000 5.600000 3.000000
      vertex 88.890000 8.000000 3.000000
      vertex 90.890000 8.000000 3.000000
    endloop
  endfacet
  facet normal 0.000000 0.000000 1.000000
    outer loop
      vertex 88.890000 5.600000 3.000000
      vertex 90.890000 8.000000 3.000000
      vertex 90.890000 5.600000 3.000000
    endloop
  endfacet
  facet normal 0.000000 0.000000 -1.000000
    outer loop
      vertex 88.890000 8.000000 0.000000
      vertex 90.890000 8.000000 0.000000
      vertex 90.890000 19.000000 0.000000
    endloop
  endfacet
  facet normal 0.000000 0.000000 -1.000000
    outer loop
      vertex 88.890000 8.000000 0.000000
      vertex 90.890000 19.000000 0.000000
      vertex 88.890000 19.000000 0.000000
    endloop
  endfacet
  facet normal 0.000000 0.000000 1.000000
    outer loop
      vertex 88.890000 8.000000 3.000000
      vertex 88.890000 19.000000 3.000000
      vertex 90.890000 19.000000 3.000000
    endloop
  endfacet
  facet normal 0.000000 0.000000 1.000000
    outer loop
      vertex 88.890000 8.000000 3.000000
      vertex 90.890000 19.000000 3.000000
      vertex 90.890000 8.000000 3.000000
    endloop
  endfacet
  facet normal 0.000000 0.000000 -1.000000
    outer loop
      vertex 88.890000 19.000000 0.000000
      vertex 90.890000 19.000000 0.000000
      vertex 90.890000 22.850000 0.000000
    endloop
  endfacet
  facet normal 0.000000 0.000000 -1.000000
    outer loop
      vertex 88.890000 19.000000 0.000000
      vertex 90.890000 22.850000 0.000000
      vertex 88.890000 22.850000 0.000000
    endloop
  endfacet
  facet normal 0.000000 0.000000 1.000000
    outer loop
      vertex 88.890000 19.000000 3.000000
      vertex 88.890000 22.850000 3.000000
      vertex 90.890000 22.850000 3.000000
    endloop
  endfacet
  facet normal 0.000000 0.000000 1.000000
    outer loop
      vertex 88.890000 19.000000 3.000000
      vertex 90.890000 22.850000 3.000000
      vertex 90.890000 19.000000 3.000000
    endloop
  endfacet
  facet normal 0.000000 0.000000 -1.000000
    outer loop
      vertex 88.890000 22.850000 0.000000
      vertex 90.890000 22.850000 0.000000
      vertex 90.890000 24.850000 0.000000
    endloop
  endfacet
  facet normal 0.000000 0.000000 -1.000000
    outer loop
      vertex 88.890000 22.850000 0.000000
      vertex 90.890000 24.850000 0.000000
      vertex 88.890000 24.850000 0.000000
    endloop
  endfacet
  facet normal 0.000000 0.000000 1.000000
    outer loop
      vertex 88.890000 22.850000 3.000000
      vertex 88.890000 24.850000 3.000000
      vertex 90.890000 24.850000 3.000000
    endloop
  endfacet
  facet normal 0.000000 0.000000 1.000000
    outer loop
      vertex 88.890000 22.850000 3.000000
      vertex 90.890000 24.850000 3.000000
      vertex 90.890000 22.850000 3.000000
    endloop
  endfacet
  facet normal 0.000000 0.000000 -1.000000
    outer loop
      vertex 88.890000 24.850000 0.000000
      vertex 90.890000 24.850000 0.000000
      vertex 90.890000 27.930000 0.000000
    endloop
  endfacet
  facet normal 0.000000 0.000000 -1.000000
    outer loop
      vertex 88.890000 24.850000 0.000000
      vertex 90.890000 27.930000 0.000000
      vertex 88.890000 27.930000 0.000000
    endloop
  endfacet
  facet normal 0.000000 0.000000 1.000000
    outer loop
      vertex 88.890000 24.850000 3.000000
      vertex 88.890000 27.930000 3.000000
      vertex 90.890000 27.930000 3.000000
    endloop
  endfacet
  facet normal 0.000000 0.000000 1.000000
    outer loop
      vertex 88.890000 24.850000 3.000000
      vertex 90.890000 27.930000 3.000000
      vertex 90.890000 24.850000 3.000000
    endloop
  endfacet
  facet normal 0.000000 0.000000 -1.000000
    outer loop
      vertex 88.890000 27.930000 0.000000
      vertex 90.890000 27.930000 0.000000
      vertex 90.890000 29.850000 0.000000
    endloop
  endfacet
  facet normal 0.000000 0.000000 -1.000000
    outer loop
      vertex 88.890000 27.930000 0.000000
      vertex 90.890000 29.850000 0.000000
      vertex 88.890000 29.850000 0.000000
    endloop
  endfacet
  facet normal 0.000000 0.000000 1.000000
    outer loop
      vertex 88.890000 27.930000 3.000000
      vertex 88.890000 29.850000 3.000000
      vertex 90.890000 29.850000 3.000000
    endloop
  endfacet
  facet normal 0.000000 0.000000 1.000000
    outer loop
      vertex 88.890000 27.930000 3.000000
      vertex 90.890000 29.850000 3.000000
      vertex 90.890000 27.930000 3.000000
    endloop
  endfacet
  facet normal 0.000000 0.000000 -1.000000
    outer loop
      vertex 88.890000 29.850000 0.000000
      vertex 90.890000 29.850000 0.000000
      vertex 90.890000 29.930000 0.000000
    endloop
  endfacet
  facet normal 0.000000 0.000000 -1.000000
    outer loop
      vertex 88.890000 29.850000 0.000000
      vertex 90.890000 29.930000 0.000000
      vertex 88.890000 29.930000 0.000000
    endloop
  endfacet
  facet normal 0.000000 0.000000 1.000000
    outer loop
      vertex 88.890000 29.850000 3.000000
      vertex 88.890000 29.930000 3.000000
      vertex 90.890000 29.930000 3.000000
    endloop
  endfacet
  facet normal 0.000000 0.000000 1.000000
    outer loop
      vertex 88.890000 29.850000 3.000000
      vertex 90.890000 29.930000 3.000000
      vertex 90.890000 29.850000 3.000000
    endloop
  endfacet
  facet normal 0.000000 0.000000 -1.000000
    outer loop
      vertex 88.890000 29.930000 0.000000
      vertex 90.890000 29.930000 0.000000
      vertex 90.890000 31.850000 0.000000
    endloop
  endfacet
  facet normal 0.000000 0.000000 -1.000000
    outer loop
      vertex 88.890000 29.930000 0.000000
      vertex 90.890000 31.850000 0.000000
      vertex 88.890000 31.850000 0.000000
    endloop
  endfacet
  facet normal 0.000000 0.000000 1.000000
    outer loop
      vertex 88.890000 29.930000 3.000000
      vertex 88.890000 31.850000 3.000000
      vertex 90.890000 31.850000 3.000000
    endloop
  endfacet
  facet normal 0.000000 0.000000 1.000000
    outer loop
      vertex 88.890000 29.930000 3.000000
      vertex 90.890000 31.850000 3.000000
      vertex 90.890000 29.930000 3.000000
    endloop
  endfacet
  facet normal 0.000000 0.000000 -1.000000
    outer loop
      vertex 88.890000 31.850000 0.000000
      vertex 90.890000 31.850000 0.000000
      vertex 90.890000 34.930000 0.000000
    endloop
  endfacet
  facet normal 0.000000 0.000000 -1.000000
    outer loop
      vertex 88.890000 31.850000 0.000000
      vertex 90.890000 34.930000 0.000000
      vertex 88.890000 34.930000 0.000000
    endloop
  endfacet
  facet normal 0.000000 0.000000 1.000000
    outer loop
      vertex 88.890000 31.850000 3.000000
      vertex 88.890000 34.930000 3.000000
      vertex 90.890000 34.930000 3.000000
    endloop
  endfacet
  facet normal 0.000000 0.000000 1.000000
    outer loop
      vertex 88.890000 31.850000 3.000000
      vertex 90.890000 34.930000 3.000000
      vertex 90.890000 31.850000 3.000000
    endloop
  endfacet
  facet normal 0.000000 0.000000 -1.000000
    outer loop
      vertex 88.890000 34.930000 0.000000
      vertex 90.890000 34.930000 0.000000
      vertex 90.890000 36.930000 0.000000
    endloop
  endfacet
  facet normal 0.000000 0.000000 -1.000000
    outer loop
      vertex 88.890000 34.930000 0.000000
      vertex 90.890000 36.930000 0.000000
      vertex 88.890000 36.930000 0.000000
    endloop
  endfacet
  facet normal 0.000000 0.000000 1.000000
    outer loop
      vertex 88.890000 34.930000 3.000000
      vertex 88.890000 36.930000 3.000000
      vertex 90.890000 36.930000 3.000000
    endloop
  endfacet
  facet normal 0.000000 0.000000 1.000000
    outer loop
      vertex 88.890000 34.930000 3.000000
      vertex 90.890000 36.930000 3.000000
      vertex 90.890000 34.930000 3.000000
    endloop
  endfacet
  facet normal 0.000000 0.000000 -1.000000
    outer loop
      vertex 88.890000 36.930000 0.000000
      vertex 90.890000 36.930000 0.000000
      vertex 90.890000 53.480000 0.000000
    endloop
  endfacet
  facet normal 0.000000 0.000000 -1.000000
    outer loop
      vertex 88.890000 36.930000 0.000000
      vertex 90.890000 53.480000 0.000000
      vertex 88.890000 53.480000 0.000000
    endloop
  endfacet
  facet normal 0.000000 0.000000 1.000000
    outer loop
      vertex 88.890000 36.930000 3.000000
      vertex 88.890000 53.480000 3.000000
      vertex 90.890000 53.480000 3.000000
    endloop
  endfacet
  facet normal 0.000000 0.000000 1.000000
    outer loop
      vertex 88.890000 36.930000 3.000000
      vertex 90.890000 53.480000 3.000000
      vertex 90.890000 36.930000 3.000000
    endloop
  endfacet
  facet normal 0.000000 0.000000 -1.000000
    outer loop
      vertex 88.890000 53.480000 0.000000
      vertex 90.890000 53.480000 0.000000
      vertex 90.890000 55.870000 0.000000
    endloop
  endfacet
  facet normal 0.000000 0.000000 -1.000000
    outer loop
      vertex 88.890000 53.480000 0.000000
      vertex 90.890000 55.870000 0.000000
      vertex 88.890000 55.870000 0.000000
    endloop
  endfacet
  facet normal 0.000000 0.000000 1.000000
    outer loop
      vertex 88.890000 53.480000 3.000000
      vertex 88.890000 55.870000 3.000000
      vertex 90.890000 55.870000 3.000000
    endloop
  endfacet
  facet normal 0.000000 0.000000 1.000000
    outer loop
      vertex 88.890000 53.480000 3.000000
      vertex 90.890000 55.870000 3.000000
      vertex 90.890000 53.480000 3.000000
    endloop
  endfacet
  facet normal 0.000000 0.000000 -1.000000
    outer loop
      vertex 88.890000 55.870000 0.000000
      vertex 90.890000 55.870000 0.000000
      vertex 90.890000 57.870000 0.000000
    endloop
  endfacet
  facet normal 0.000000 0.000000 -1.000000
    outer loop
      vertex 88.890000 55.870000 0.000000
      vertex 90.890000 57.870000 0.000000
      vertex 88.890000 57.870000 0.000000
    endloop
  endfacet
  facet normal -1.000000 0.000000 0.000000
    outer loop
      vertex 88.890000 55.870000 3.000000
      vertex 88.890000 57.870000 3.000000
      vertex 88.890000 57.870000 7.000000
    endloop
  endfacet
  facet normal -1.000000 0.000000 0.000000
    outer loop
      vertex 88.890000 55.870000 3.000000
      vertex 88.890000 57.870000 7.000000
      vertex 88.890000 55.870000 7.000000
    endloop
  endfacet
  facet normal 0.000000 -1.000000 0.000000
    outer loop
      vertex 88.890000 55.870000 3.000000
      vertex 88.890000 55.870000 7.000000
      vertex 90.890000 55.870000 7.000000
    endloop
  endfacet
  facet normal 0.000000 -1.000000 0.000000
    outer loop
      vertex 88.890000 55.870000 3.000000
      vertex 90.890000 55.870000 7.000000
      vertex 90.890000 55.870000 3.000000
    endloop
  endfacet
  facet normal 0.000000 0.000000 1.000000
    outer loop
      vertex 88.890000 55.870000 7.000000
      vertex 88.890000 57.870000 7.000000
      vertex 90.890000 57.870000 7.000000
    endloop
  endfacet
  facet normal 0.000000 0.000000 1.000000
    outer loop
      vertex 88.890000 55.870000 7.000000
      vertex 90.890000 57.870000 7.000000
      vertex 90.890000 55.870000 7.000000
    endloop
  endfacet
  facet normal 1.000000 0.000000 0.000000
    outer loop
      vertex 90.890000 57.870000 0.000000
      vertex 90.890000 57.870000 3.000000
      vertex 90.890000 62.870000 3.000000
    endloop
  endfacet
  facet normal 1.000000 0.000000 0.000000
    outer loop
      vertex 90.890000 57.870000 0.000000
      vertex 90.890000 62.870000 3.000000
      vertex 90.890000 62.870000 0.000000
    endloop
  endfacet
  facet normal 0.000000 0.000000 -1.000000
    outer loop
      vertex 88.890000 57.870000 0.000000
      vertex 90.890000 57.870000 0.000000
      vertex 90.890000 62.870000 0.000000
    endloop
  endfacet
  facet normal 0.000000 0.000000 -1.000000
    outer loop
      vertex 88.890000 57.870000 0.000000
      vertex 90.890000 62.870000 0.000000
      vertex 88.890000 62.870000 0.000000
    endloop
  endfacet
  facet normal -1.000000 0.000000 0.000000
    outer loop
      vertex 88.890000 57.870000 3.000000
      vertex 88.890000 62.870000 3.000000
      vertex 88.890000 62.870000 7.000000
    endloop
  endfacet
  facet normal -1.000000 0.000000 0.000000
    outer loop
      vertex 88.890000 57.870000 3.000000
      vertex 88.890000 62.870000 7.000000
      vertex 88.890000 57.870000 7.000000
    endloop
  endfacet
  facet normal 1.000000 0.000000 0.000000
    outer loop
      vertex 90.890000 57.870000 3.000000
      vertex 90.890000 57.870000 7.000000
      vertex 90.890000 62.870000 7.000000
    endloop
  endfacet
  facet normal 1.000000 0.000000 0.000000
    outer loop
      vertex 90.890000 57.870000 3.000000
      vertex 90.890000 62.870000 7.000000
      vertex 90.890000 62.870000 3.000000
    endloop
  endfacet
  facet normal 0.000000 0.000000 1.000000
    outer loop
      vertex 88.890000 57.870000 7.000000
      vertex 88.890000 62.870000 7.000000
      vertex 90.890000 62.870000 7.000000
    endloop
  endfacet
  facet normal 0.000000 0.000000 1.000000
    outer loop
      vertex 88.890000 57.870000 7.000000
      vertex 90.890000 62.870000 7.000000
      vertex 90.890000 57.870000 7.000000
    endloop
  endfacet
  facet normal 0.000000 0.000000 -1.000000
    outer loop
      vertex 88.890000 62.870000 0.000000
      vertex 90.890000 62.870000 0.000000
      vertex 90.890000 64.480000 0.000000
    endloop
  endfacet
  facet normal 0.000000 0.000000 -1.000000
    outer loop
      vertex 88.890000 62.870000 0.000000
      vertex 90.890000 64.480000 0.000000
      vertex 88.890000 64.480000 0.000000
    endloop
  endfacet
  facet normal -1.000000 0.000000 0.000000
    outer loop
      vertex 88.890000 62.870000 3.000000
      vertex 88.890000 64.480000 3.000000
      vertex 88.890000 64.480000 7.000000
    endloop
  endfacet
  facet normal -1.000000 0.000000 0.000000
    outer loop
      vertex 88.890000 62.870000 3.000000
      vertex 88.890000 64.480000 7.000000
      vertex 88.890000 62.870000 7.000000
    endloop
  endfacet
  facet normal 0.000000 0.000000 1.000000
    outer loop
      vertex 88.890000 62.870000 7.000000
      vertex 88.890000 64.480000 7.000000
      vertex 90.890000 64.480000 7.000000
    endloop
  endfacet
  facet normal 0.000000 0.000000 1.000000
    outer loop
      vertex 88.890000 62.870000 7.000000
      vertex 90.890000 64.480000 7.000000
      vertex 90.890000 62.870000 7.000000
    endloop
  endfacet
  facet normal 0.000000 0.000000 -1.000000
    outer loop
      vertex 88.890000 64.480000 0.000000
      vertex 90.890000 64.480000 0.000000
      vertex 90.890000 64.870000 0.000000
    endloop
  endfacet
  facet normal 0.000000 0.000000 -1.000000
    outer loop
      vertex 88.890000 64.480000 0.000000
      vertex 90.890000 64.870000 0.000000
      vertex 88.890000 64.870000 0.000000
    endloop
  endfacet
  facet normal -1.000000 0.000000 0.000000
    outer loop
      vertex 88.890000 64.480000 3.000000
      vertex 88.890000 64.870000 3.000000
      vertex 88.890000 64.870000 7.000000
    endloop
  endfacet
  facet normal -1.000000 0.000000 0.000000
    outer loop
      vertex 88.890000 64.480000 3.000000
      vertex 88.890000 64.870000 7.000000
      vertex 88.890000 64.480000 7.000000
    endloop
  endfacet
  facet normal 0.000000 1.000000 0.000000
    outer loop
      vertex 88.890000 64.870000 3.000000
      vertex 90.890000 64.870000 3.000000
      vertex 90.890000 64.870000 7.000000
    endloop
  endfacet
  facet normal 0.000000 1.000000 0.000000
    outer loop
      vertex 88.890000 64.870000 3.000000
      vertex 90.890000 64.870000 7.000000
      vertex 88.890000 64.870000 7.000000
    endloop
  endfacet
  facet normal 0.000000 0.000000 1.000000
    outer loop
      vertex 88.890000 64.480000 7.000000
      vertex 88.890000 64.870000 7.000000
      vertex 90.890000 64.870000 7.000000
    endloop
  endfacet
  facet normal 0.000000 0.000000 1.000000
    outer loop
      vertex 88.890000 64.480000 7.000000
      vertex 90.890000 64.870000 7.000000
      vertex 90.890000 64.480000 7.000000
    endloop
  endfacet
  facet normal 0.000000 0.000000 -1.000000
    outer loop
      vertex 88.890000 64.870000 0.000000
      vertex 90.890000 64.870000 0.000000
      vertex 90.890000 66.880000 0.000000
    endloop
  endfacet
  facet normal 0.000000 0.000000 -1.000000
    outer loop
      vertex 88.890000 64.870000 0.000000
      vertex 90.890000 66.880000 0.000000
      vertex 88.890000 66.880000 0.000000
    endloop
  endfacet
  facet normal 0.000000 0.000000 1.000000
    outer loop
      vertex 88.890000 64.870000 3.000000
      vertex 88.890000 66.880000 3.000000
      vertex 90.890000 66.880000 3.000000
    endloop
  endfacet
  facet normal 0.000000 0.000000 1.000000
    outer loop
      vertex 88.890000 64.870000 3.000000
      vertex 90.890000 66.880000 3.000000
      vertex 90.890000 64.870000 3.000000
    endloop
  endfacet
  facet normal 0.000000 1.000000 0.000000
    outer loop
      vertex 88.890000 72.480000 0.000000
      vertex 90.890000 72.480000 0.000000
      vertex 90.890000 72.480000 3.000000
    endloop
  endfacet
  facet normal 0.000000 1.000000 0.000000
    outer loop
      vertex 88.890000 72.480000 0.000000
      vertex 90.890000 72.480000 3.000000
      vertex 88.890000 72.480000 3.000000
    endloop
  endfacet
  facet normal 0.000000 0.000000 -1.000000
    outer loop
      vertex 88.890000 66.880000 0.000000
      vertex 90.890000 66.880000 0.000000
      vertex 90.890000 72.480000 0.000000
    endloop
  endfacet
  facet normal 0.000000 0.000000 -1.000000
    outer loop
      vertex 88.890000 66.880000 0.000000
      vertex 90.890000 72.480000 0.000000
      vertex 88.890000 72.480000 0.000000
    endloop
  endfacet
  facet normal 0.000000 0.000000 1.000000
    outer loop
      vertex 88.890000 66.880000 3.000000
      vertex 88.890000 72.480000 3.000000
      vertex 90.890000 72.480000 3.000000
    endloop
  endfacet
  facet normal 0.000000 0.000000 1.000000
    outer loop
      vertex 88.890000 66.880000 3.000000
      vertex 90.890000 72.480000 3.000000
      vertex 90.890000 66.880000 3.000000
    endloop
  endfacet
  facet normal 0.000000 -1.000000 0.000000
    outer loop
      vertex 90.890000 0.000000 0.000000
      vertex 90.890000 0.000000 3.000000
      vertex 95.890000 0.000000 3.000000
    endloop
  endfacet
  facet normal 0.000000 -1.000000 0.000000
    outer loop
      vertex 90.890000 0.000000 0.000000
      vertex 95.890000 0.000000 3.000000
      vertex 95.890000 0.000000 0.000000
    endloop
  endfacet
  facet normal 0.000000 0.000000 -1.000000
    outer loop
      vertex 90.890000 0.000000 0.000000
      vertex 95.890000 0.000000 0.000000
      vertex 95.890000 5.600000 0.000000
    endloop
  endfacet
  facet normal 0.000000 0.000000 -1.000000
    outer loop
      vertex 90.890000 0.000000 0.000000
      vertex 95.890000 5.600000 0.000000
      vertex 90.890000 5.600000 0.000000
    endloop
  endfacet
  facet normal 0.000000 0.000000 1.000000
    outer loop
      vertex 90.890000 0.000000 3.000000
      vertex 90.890000 5.600000 3.000000
      vertex 95.890000 5.600000 3.000000
    endloop
  endfacet
  facet normal 0.000000 0.000000 1.000000
    outer loop
      vertex 90.890000 0.000000 3.000000
      vertex 95.890000 5.600000 3.000000
      vertex 95.890000 0.000000 3.000000
    endloop
  endfacet
  facet normal 0.000000 0.000000 -1.000000
    outer loop
      vertex 90.890000 5.600000 0.000000
      vertex 95.890000 5.600000 0.000000
      vertex 95.890000 8.000000 0.000000
    endloop
  endfacet
  facet normal 0.000000 0.000000 -1.000000
    outer loop
      vertex 90.890000 5.600000 0.000000
      vertex 95.890000 8.000000 0.000000
      vertex 90.890000 8.000000 0.000000
    endloop
  endfacet
  facet normal 0.000000 0.000000 1.000000
    outer loop
      vertex 90.890000 5.600000 3.000000
      vertex 90.890000 8.000000 3.000000
      vertex 95.890000 8.000000 3.000000
    endloop
  endfacet
  facet normal 0.000000 0.000000 1.000000
    outer loop
      vertex 90.890000 5.600000 3.000000
      vertex 95.890000 8.000000 3.000000
      vertex 95.890000 5.600000 3.000000
    endloop
  endfacet
  facet normal 0.000000 0.000000 -1.000000
    outer loop
      vertex 90.890000 8.000000 0.000000
      vertex 95.890000 8.000000 0.000000
      vertex 95.890000 19.000000 0.000000
    endloop
  endfacet
  facet normal 0.000000 0.000000 -1.000000
    outer loop
      vertex 90.890000 8.000000 0.000000
      vertex 95.890000 19.000000 0.000000
      vertex 90.890000 19.000000 0.000000
    endloop
  endfacet
  facet normal 0.000000 0.000000 1.000000
    outer loop
      vertex 90.890000 8.000000 3.000000
      vertex 90.890000 19.000000 3.000000
      vertex 95.890000 19.000000 3.000000
    endloop
  endfacet
  facet normal 0.000000 0.000000 1.000000
    outer loop
      vertex 90.890000 8.000000 3.000000
      vertex 95.890000 19.000000 3.000000
      vertex 95.890000 8.000000 3.000000
    endloop
  endfacet
  facet normal 0.000000 0.000000 -1.000000
    outer loop
      vertex 90.890000 19.000000 0.000000
      vertex 95.890000 19.000000 0.000000
      vertex 95.890000 22.850000 0.000000
    endloop
  endfacet
  facet normal 0.000000 0.000000 -1.000000
    outer loop
      vertex 90.890000 19.000000 0.000000
      vertex 95.890000 22.850000 0.000000
      vertex 90.890000 22.850000 0.000000
    endloop
  endfacet
  facet normal 0.000000 0.000000 1.000000
    outer loop
      vertex 90.890000 19.000000 3.000000
      vertex 90.890000 22.850000 3.000000
      vertex 95.890000 22.850000 3.000000
    endloop
  endfacet
  facet normal 0.000000 0.000000 1.000000
    outer loop
      vertex 90.890000 19.000000 3.000000
      vertex 95.890000 22.850000 3.000000
      vertex 95.890000 19.000000 3.000000
    endloop
  endfacet
  facet normal 0.000000 0.000000 -1.000000
    outer loop
      vertex 90.890000 22.850000 0.000000
      vertex 95.890000 22.850000 0.000000
      vertex 95.890000 24.850000 0.000000
    endloop
  endfacet
  facet normal 0.000000 0.000000 -1.000000
    outer loop
      vertex 90.890000 22.850000 0.000000
      vertex 95.890000 24.850000 0.000000
      vertex 90.890000 24.850000 0.000000
    endloop
  endfacet
  facet normal 0.000000 0.000000 1.000000
    outer loop
      vertex 90.890000 22.850000 3.000000
      vertex 90.890000 24.850000 3.000000
      vertex 95.890000 24.850000 3.000000
    endloop
  endfacet
  facet normal 0.000000 0.000000 1.000000
    outer loop
      vertex 90.890000 22.850000 3.000000
      vertex 95.890000 24.850000 3.000000
      vertex 95.890000 22.850000 3.000000
    endloop
  endfacet
  facet normal 0.000000 0.000000 -1.000000
    outer loop
      vertex 90.890000 24.850000 0.000000
      vertex 95.890000 24.850000 0.000000
      vertex 95.890000 27.930000 0.000000
    endloop
  endfacet
  facet normal 0.000000 0.000000 -1.000000
    outer loop
      vertex 90.890000 24.850000 0.000000
      vertex 95.890000 27.930000 0.000000
      vertex 90.890000 27.930000 0.000000
    endloop
  endfacet
  facet normal 0.000000 0.000000 1.000000
    outer loop
      vertex 90.890000 24.850000 3.000000
      vertex 90.890000 27.930000 3.000000
      vertex 95.890000 27.930000 3.000000
    endloop
  endfacet
  facet normal 0.000000 0.000000 1.000000
    outer loop
      vertex 90.890000 24.850000 3.000000
      vertex 95.890000 27.930000 3.000000
      vertex 95.890000 24.850000 3.000000
    endloop
  endfacet
  facet normal 0.000000 0.000000 -1.000000
    outer loop
      vertex 90.890000 27.930000 0.000000
      vertex 95.890000 27.930000 0.000000
      vertex 95.890000 29.850000 0.000000
    endloop
  endfacet
  facet normal 0.000000 0.000000 -1.000000
    outer loop
      vertex 90.890000 27.930000 0.000000
      vertex 95.890000 29.850000 0.000000
      vertex 90.890000 29.850000 0.000000
    endloop
  endfacet
  facet normal 0.000000 0.000000 1.000000
    outer loop
      vertex 90.890000 27.930000 3.000000
      vertex 90.890000 29.850000 3.000000
      vertex 95.890000 29.850000 3.000000
    endloop
  endfacet
  facet normal 0.000000 0.000000 1.000000
    outer loop
      vertex 90.890000 27.930000 3.000000
      vertex 95.890000 29.850000 3.000000
      vertex 95.890000 27.930000 3.000000
    endloop
  endfacet
  facet normal 0.000000 0.000000 -1.000000
    outer loop
      vertex 90.890000 29.850000 0.000000
      vertex 95.890000 29.850000 0.000000
      vertex 95.890000 29.930000 0.000000
    endloop
  endfacet
  facet normal 0.000000 0.000000 -1.000000
    outer loop
      vertex 90.890000 29.850000 0.000000
      vertex 95.890000 29.930000 0.000000
      vertex 90.890000 29.930000 0.000000
    endloop
  endfacet
  facet normal 0.000000 0.000000 1.000000
    outer loop
      vertex 90.890000 29.850000 3.000000
      vertex 90.890000 29.930000 3.000000
      vertex 95.890000 29.930000 3.000000
    endloop
  endfacet
  facet normal 0.000000 0.000000 1.000000
    outer loop
      vertex 90.890000 29.850000 3.000000
      vertex 95.890000 29.930000 3.000000
      vertex 95.890000 29.850000 3.000000
    endloop
  endfacet
  facet normal 0.000000 0.000000 -1.000000
    outer loop
      vertex 90.890000 29.930000 0.000000
      vertex 95.890000 29.930000 0.000000
      vertex 95.890000 31.850000 0.000000
    endloop
  endfacet
  facet normal 0.000000 0.000000 -1.000000
    outer loop
      vertex 90.890000 29.930000 0.000000
      vertex 95.890000 31.850000 0.000000
      vertex 90.890000 31.850000 0.000000
    endloop
  endfacet
  facet normal 0.000000 0.000000 1.000000
    outer loop
      vertex 90.890000 29.930000 3.000000
      vertex 90.890000 31.850000 3.000000
      vertex 95.890000 31.850000 3.000000
    endloop
  endfacet
  facet normal 0.000000 0.000000 1.000000
    outer loop
      vertex 90.890000 29.930000 3.000000
      vertex 95.890000 31.850000 3.000000
      vertex 95.890000 29.930000 3.000000
    endloop
  endfacet
  facet normal 0.000000 0.000000 -1.000000
    outer loop
      vertex 90.890000 31.850000 0.000000
      vertex 95.890000 31.850000 0.000000
      vertex 95.890000 34.930000 0.000000
    endloop
  endfacet
  facet normal 0.000000 0.000000 -1.000000
    outer loop
      vertex 90.890000 31.850000 0.000000
      vertex 95.890000 34.930000 0.000000
      vertex 90.890000 34.930000 0.000000
    endloop
  endfacet
  facet normal 0.000000 0.000000 1.000000
    outer loop
      vertex 90.890000 31.850000 3.000000
      vertex 90.890000 34.930000 3.000000
      vertex 95.890000 34.930000 3.000000
    endloop
  endfacet
  facet normal 0.000000 0.000000 1.000000
    outer loop
      vertex 90.890000 31.850000 3.000000
      vertex 95.890000 34.930000 3.000000
      vertex 95.890000 31.850000 3.000000
    endloop
  endfacet
  facet normal 0.000000 0.000000 -1.000000
    outer loop
      vertex 90.890000 34.930000 0.000000
      vertex 95.890000 34.930000 0.000000
      vertex 95.890000 36.930000 0.000000
    endloop
  endfacet
  facet normal 0.000000 0.000000 -1.000000
    outer loop
      vertex 90.890000 34.930000 0.000000
      vertex 95.890000 36.930000 0.000000
      vertex 90.890000 36.930000 0.000000
    endloop
  endfacet
  facet normal 0.000000 0.000000 1.000000
    outer loop
      vertex 90.890000 34.930000 3.000000
      vertex 90.890000 36.930000 3.000000
      vertex 95.890000 36.930000 3.000000
    endloop
  endfacet
  facet normal 0.000000 0.000000 1.000000
    outer loop
      vertex 90.890000 34.930000 3.000000
      vertex 95.890000 36.930000 3.000000
      vertex 95.890000 34.930000 3.000000
    endloop
  endfacet
  facet normal 0.000000 0.000000 -1.000000
    outer loop
      vertex 90.890000 36.930000 0.000000
      vertex 95.890000 36.930000 0.000000
      vertex 95.890000 53.480000 0.000000
    endloop
  endfacet
  facet normal 0.000000 0.000000 -1.000000
    outer loop
      vertex 90.890000 36.930000 0.000000
      vertex 95.890000 53.480000 0.000000
      vertex 90.890000 53.480000 0.000000
    endloop
  endfacet
  facet normal 0.000000 0.000000 1.000000
    outer loop
      vertex 90.890000 36.930000 3.000000
      vertex 90.890000 53.480000 3.000000
      vertex 95.890000 53.480000 3.000000
    endloop
  endfacet
  facet normal 0.000000 0.000000 1.000000
    outer loop
      vertex 90.890000 36.930000 3.000000
      vertex 95.890000 53.480000 3.000000
      vertex 95.890000 36.930000 3.000000
    endloop
  endfacet
  facet normal 0.000000 0.000000 -1.000000
    outer loop
      vertex 90.890000 53.480000 0.000000
      vertex 95.890000 53.480000 0.000000
      vertex 95.890000 55.870000 0.000000
    endloop
  endfacet
  facet normal 0.000000 0.000000 -1.000000
    outer loop
      vertex 90.890000 53.480000 0.000000
      vertex 95.890000 55.870000 0.000000
      vertex 90.890000 55.870000 0.000000
    endloop
  endfacet
  facet normal 0.000000 0.000000 1.000000
    outer loop
      vertex 90.890000 53.480000 3.000000
      vertex 90.890000 55.870000 3.000000
      vertex 95.890000 55.870000 3.000000
    endloop
  endfacet
  facet normal 0.000000 0.000000 1.000000
    outer loop
      vertex 90.890000 53.480000 3.000000
      vertex 95.890000 55.870000 3.000000
      vertex 95.890000 53.480000 3.000000
    endloop
  endfacet
  facet normal 0.000000 1.000000 0.000000
    outer loop
      vertex 90.890000 57.870000 0.000000
      vertex 95.890000 57.870000 0.000000
      vertex 95.890000 57.870000 3.000000
    endloop
  endfacet
  facet normal 0.000000 1.000000 0.000000
    outer loop
      vertex 90.890000 57.870000 0.000000
      vertex 95.890000 57.870000 3.000000
      vertex 90.890000 57.870000 3.000000
    endloop
  endfacet
  facet normal 0.000000 0.000000 -1.000000
    outer loop
      vertex 90.890000 55.870000 0.000000
      vertex 95.890000 55.870000 0.000000
      vertex 95.890000 57.870000 0.000000
    endloop
  endfacet
  facet normal 0.000000 0.000000 -1.000000
    outer loop
      vertex 90.890000 55.870000 0.000000
      vertex 95.890000 57.870000 0.000000
      vertex 90.890000 57.870000 0.000000
    endloop
  endfacet
  facet normal 0.000000 -1.000000 0.000000
    outer loop
      vertex 90.890000 55.870000 3.000000
      vertex 90.890000 55.870000 7.000000
      vertex 95.890000 55.870000 7.000000
    endloop
  endfacet
  facet normal 0.000000 -1.000000 0.000000
    outer loop
      vertex 90.890000 55.870000 3.000000
      vertex 95.890000 55.870000 7.000000
      vertex 95.890000 55.870000 3.000000
    endloop
  endfacet
  facet normal 0.000000 1.000000 0.000000
    outer loop
      vertex 90.890000 57.870000 3.000000
      vertex 95.890000 57.870000 3.000000
      vertex 95.890000 57.870000 7.000000
    endloop
  endfacet
  facet normal 0.000000 1.000000 0.000000
    outer loop
      vertex 90.890000 57.870000 3.000000
      vertex 95.890000 57.870000 7.000000
      vertex 90.890000 57.870000 7.000000
    endloop
  endfacet
  facet normal 0.000000 0.000000 1.000000
    outer loop
      vertex 90.890000 55.870000 7.000000
      vertex 90.890000 57.870000 7.000000
      vertex 95.890000 57.870000 7.000000
    endloop
  endfacet
  facet normal 0.000000 0.000000 1.000000
    outer loop
      vertex 90.890000 55.870000 7.000000
      vertex 95.890000 57.870000 7.000000
      vertex 95.890000 55.870000 7.000000
    endloop
  endfacet
  facet normal 0.000000 -1.000000 0.000000
    outer loop
      vertex 90.890000 62.870000 0.000000
      vertex 90.890000 62.870000 3.000000
      vertex 95.890000 62.870000 3.000000
    endloop
  endfacet
  facet normal 0.000000 -1.000000 0.000000
    outer loop
      vertex 90.890000 62.870000 0.000000
      vertex 95.890000 62.870000 3.000000
      vertex 95.890000 62.870000 0.000000
    endloop
  endfacet
  facet normal 0.000000 0.000000 -1.000000
    outer loop
      vertex 90.890000 62.870000 0.000000
      vertex 95.890000 62.870000 0.000000
      vertex 95.890000 64.480000 0.000000
    endloop
  endfacet
  facet normal 0.000000 0.000000 -1.000000
    outer loop
      vertex 90.890000 62.870000 0.000000
      vertex 95.890000 64.480000 0.000000
      vertex 90.890000 64.480000 0.000000
    endloop
  endfacet
  facet normal 0.000000 -1.000000 0.000000
    outer loop
      vertex 90.890000 62.870000 3.000000
      vertex 90.890000 62.870000 7.000000
      vertex 95.890000 62.870000 7.000000
    endloop
  endfacet
  facet normal 0.000000 -1.000000 0.000000
    outer loop
      vertex 90.890000 62.870000 3.000000
      vertex 95.890000 62.870000 7.000000
      vertex 95.890000 62.870000 3.000000
    endloop
  endfacet
  facet normal 0.000000 0.000000 1.000000
    outer loop
      vertex 90.890000 62.870000 7.000000
      vertex 90.890000 64.480000 7.000000
      vertex 95.890000 64.480000 7.000000
    endloop
  endfacet
  facet normal 0.000000 0.000000 1.000000
    outer loop
      vertex 90.890000 62.870000 7.000000
      vertex 95.890000 64.480000 7.000000
      vertex 95.890000 62.870000 7.000000
    endloop
  endfacet
  facet normal 0.000000 0.000000 -1.000000
    outer loop
      vertex 90.890000 64.480000 0.000000
      vertex 95.890000 64.480000 0.000000
      vertex 95.890000 64.870000 0.000000
    endloop
  endfacet
  facet normal 0.000000 0.000000 -1.000000
    outer loop
      vertex 90.890000 64.480000 0.000000
      vertex 95.890000 64.870000 0.000000
      vertex 90.890000 64.870000 0.000000
    endloop
  endfacet
  facet normal 0.000000 1.000000 0.000000
    outer loop
      vertex 90.890000 64.870000 3.000000
      vertex 95.890000 64.870000 3.000000
      vertex 95.890000 64.870000 7.000000
    endloop
  endfacet
  facet normal 0.000000 1.000000 0.000000
    outer loop
      vertex 90.890000 64.870000 3.000000
      vertex 95.890000 64.870000 7.000000
      vertex 90.890000 64.870000 7.000000
    endloop
  endfacet
  facet normal 0.000000 0.000000 1.000000
    outer loop
      vertex 90.890000 64.480000 7.000000
      vertex 90.890000 64.870000 7.000000
      vertex 95.890000 64.870000 7.000000
    endloop
  endfacet
  facet normal 0.000000 0.000000 1.000000
    outer loop
      vertex 90.890000 64.480000 7.000000
      vertex 95.890000 64.870000 7.000000
      vertex 95.890000 64.480000 7.000000
    endloop
  endfacet
  facet normal 0.000000 0.000000 -1.000000
    outer loop
      vertex 90.890000 64.870000 0.000000
      vertex 95.890000 64.870000 0.000000
      vertex 95.890000 66.880000 0.000000
    endloop
  endfacet
  facet normal 0.000000 0.000000 -1.000000
    outer loop
      vertex 90.890000 64.870000 0.000000
      vertex 95.890000 66.880000 0.000000
      vertex 90.890000 66.880000 0.000000
    endloop
  endfacet
  facet normal 0.000000 0.000000 1.000000
    outer loop
      vertex 90.890000 64.870000 3.000000
      vertex 90.890000 66.880000 3.000000
      vertex 95.890000 66.880000 3.000000
    endloop
  endfacet
  facet normal 0.000000 0.000000 1.000000
    outer loop
      vertex 90.890000 64.870000 3.000000
      vertex 95.890000 66.880000 3.000000
      vertex 95.890000 64.870000 3.000000
    endloop
  endfacet
  facet normal 0.000000 1.000000 0.000000
    outer loop
      vertex 90.890000 72.480000 0.000000
      vertex 95.890000 72.480000 0.000000
      vertex 95.890000 72.480000 3.000000
    endloop
  endfacet
  facet normal 0.000000 1.000000 0.000000
    outer loop
      vertex 90.890000 72.480000 0.000000
      vertex 95.890000 72.480000 3.000000
      vertex 90.890000 72.480000 3.000000
    endloop
  endfacet
  facet normal 0.000000 0.000000 -1.000000
    outer loop
      vertex 90.890000 66.880000 0.000000
      vertex 95.890000 66.880000 0.000000
      vertex 95.890000 72.480000 0.000000
    endloop
  endfacet
  facet normal 0.000000 0.000000 -1.000000
    outer loop
      vertex 90.890000 66.880000 0.000000
      vertex 95.890000 72.480000 0.000000
      vertex 90.890000 72.480000 0.000000
    endloop
  endfacet
  facet normal 0.000000 0.000000 1.000000
    outer loop
      vertex 90.890000 66.880000 3.000000
      vertex 90.890000 72.480000 3.000000
      vertex 95.890000 72.480000 3.000000
    endloop
  endfacet
  facet normal 0.000000 0.000000 1.000000
    outer loop
      vertex 90.890000 66.880000 3.000000
      vertex 95.890000 72.480000 3.000000
      vertex 95.890000 66.880000 3.000000
    endloop
  endfacet
  facet normal 0.000000 -1.000000 0.000000
    outer loop
      vertex 95.890000 0.000000 0.000000
      vertex 95.890000 0.000000 3.000000
      vertex 97.890000 0.000000 3.000000
    endloop
  endfacet
  facet normal 0.000000 -1.000000 0.000000
    outer loop
      vertex 95.890000 0.000000 0.000000
      vertex 97.890000 0.000000 3.000000
      vertex 97.890000 0.000000 0.000000
    endloop
  endfacet
  facet normal 0.000000 0.000000 -1.000000
    outer loop
      vertex 95.890000 0.000000 0.000000
      vertex 97.890000 0.000000 0.000000
      vertex 97.890000 5.600000 0.000000
    endloop
  endfacet
  facet normal 0.000000 0.000000 -1.000000
    outer loop
      vertex 95.890000 0.000000 0.000000
      vertex 97.890000 5.600000 0.000000
      vertex 95.890000 5.600000 0.000000
    endloop
  endfacet
  facet normal 0.000000 0.000000 1.000000
    outer loop
      vertex 95.890000 0.000000 3.000000
      vertex 95.890000 5.600000 3.000000
      vertex 97.890000 5.600000 3.000000
    endloop
  endfacet
  facet normal 0.000000 0.000000 1.000000
    outer loop
      vertex 95.890000 0.000000 3.000000
      vertex 97.890000 5.600000 3.000000
      vertex 97.890000 0.000000 3.000000
    endloop
  endfacet
  facet normal 0.000000 0.000000 -1.000000
    outer loop
      vertex 95.890000 5.600000 0.000000
      vertex 97.890000 5.600000 0.000000
      vertex 97.890000 8.000000 0.000000
    endloop
  endfacet
  facet normal 0.000000 0.000000 -1.000000
    outer loop
      vertex 95.890000 5.600000 0.000000
      vertex 97.890000 8.000000 0.000000
      vertex 95.890000 8.000000 0.000000
    endloop
  endfacet
  facet normal 0.000000 0.000000 1.000000
    outer loop
      vertex 95.890000 5.600000 3.000000
      vertex 95.890000 8.000000 3.000000
      vertex 97.890000 8.000000 3.000000
    endloop
  endfacet
  facet normal 0.000000 0.000000 1.000000
    outer loop
      vertex 95.890000 5.600000 3.000000
      vertex 97.890000 8.000000 3.000000
      vertex 97.890000 5.600000 3.000000
    endloop
  endfacet
  facet normal 0.000000 0.000000 -1.000000
    outer loop
      vertex 95.890000 8.000000 0.000000
      vertex 97.890000 8.000000 0.000000
      vertex 97.890000 19.000000 0.000000
    endloop
  endfacet
  facet normal 0.000000 0.000000 -1.000000
    outer loop
      vertex 95.890000 8.000000 0.000000
      vertex 97.890000 19.000000 0.000000
      vertex 95.890000 19.000000 0.000000
    endloop
  endfacet
  facet normal 0.000000 0.000000 1.000000
    outer loop
      vertex 95.890000 8.000000 3.000000
      vertex 95.890000 19.000000 3.000000
      vertex 97.890000 19.000000 3.000000
    endloop
  endfacet
  facet normal 0.000000 0.000000 1.000000
    outer loop
      vertex 95.890000 8.000000 3.000000
      vertex 97.890000 19.000000 3.000000
      vertex 97.890000 8.000000 3.000000
    endloop
  endfacet
  facet normal 0.000000 0.000000 -1.000000
    outer loop
      vertex 95.890000 19.000000 0.000000
      vertex 97.890000 19.000000 0.000000
      vertex 97.890000 22.850000 0.000000
    endloop
  endfacet
  facet normal 0.000000 0.000000 -1.000000
    outer loop
      vertex 95.890000 19.000000 0.000000
      vertex 97.890000 22.850000 0.000000
      vertex 95.890000 22.850000 0.000000
    endloop
  endfacet
  facet normal 0.000000 0.000000 1.000000
    outer loop
      vertex 95.890000 19.000000 3.000000
      vertex 95.890000 22.850000 3.000000
      vertex 97.890000 22.850000 3.000000
    endloop
  endfacet
  facet normal 0.000000 0.000000 1.000000
    outer loop
      vertex 95.890000 19.000000 3.000000
      vertex 97.890000 22.850000 3.000000
      vertex 97.890000 19.000000 3.000000
    endloop
  endfacet
  facet normal 0.000000 0.000000 -1.000000
    outer loop
      vertex 95.890000 22.850000 0.000000
      vertex 97.890000 22.850000 0.000000
      vertex 97.890000 24.850000 0.000000
    endloop
  endfacet
  facet normal 0.000000 0.000000 -1.000000
    outer loop
      vertex 95.890000 22.850000 0.000000
      vertex 97.890000 24.850000 0.000000
      vertex 95.890000 24.850000 0.000000
    endloop
  endfacet
  facet normal 0.000000 0.000000 1.000000
    outer loop
      vertex 95.890000 22.850000 3.000000
      vertex 95.890000 24.850000 3.000000
      vertex 97.890000 24.850000 3.000000
    endloop
  endfacet
  facet normal 0.000000 0.000000 1.000000
    outer loop
      vertex 95.890000 22.850000 3.000000
      vertex 97.890000 24.850000 3.000000
      vertex 97.890000 22.850000 3.000000
    endloop
  endfacet
  facet normal 0.000000 0.000000 -1.000000
    outer loop
      vertex 95.890000 24.850000 0.000000
      vertex 97.890000 24.850000 0.000000
      vertex 97.890000 27.930000 0.000000
    endloop
  endfacet
  facet normal 0.000000 0.000000 -1.000000
    outer loop
      vertex 95.890000 24.850000 0.000000
      vertex 97.890000 27.930000 0.000000
      vertex 95.890000 27.930000 0.000000
    endloop
  endfacet
  facet normal 0.000000 0.000000 1.000000
    outer loop
      vertex 95.890000 24.850000 3.000000
      vertex 95.890000 27.930000 3.000000
      vertex 97.890000 27.930000 3.000000
    endloop
  endfacet
  facet normal 0.000000 0.000000 1.000000
    outer loop
      vertex 95.890000 24.850000 3.000000
      vertex 97.890000 27.930000 3.000000
      vertex 97.890000 24.850000 3.000000
    endloop
  endfacet
  facet normal 0.000000 0.000000 -1.000000
    outer loop
      vertex 95.890000 27.930000 0.000000
      vertex 97.890000 27.930000 0.000000
      vertex 97.890000 29.850000 0.000000
    endloop
  endfacet
  facet normal 0.000000 0.000000 -1.000000
    outer loop
      vertex 95.890000 27.930000 0.000000
      vertex 97.890000 29.850000 0.000000
      vertex 95.890000 29.850000 0.000000
    endloop
  endfacet
  facet normal 0.000000 0.000000 1.000000
    outer loop
      vertex 95.890000 27.930000 3.000000
      vertex 95.890000 29.850000 3.000000
      vertex 97.890000 29.850000 3.000000
    endloop
  endfacet
  facet normal 0.000000 0.000000 1.000000
    outer loop
      vertex 95.890000 27.930000 3.000000
      vertex 97.890000 29.850000 3.000000
      vertex 97.890000 27.930000 3.000000
    endloop
  endfacet
  facet normal 0.000000 0.000000 -1.000000
    outer loop
      vertex 95.890000 29.850000 0.000000
      vertex 97.890000 29.850000 0.000000
      vertex 97.890000 29.930000 0.000000
    endloop
  endfacet
  facet normal 0.000000 0.000000 -1.000000
    outer loop
      vertex 95.890000 29.850000 0.000000
      vertex 97.890000 29.930000 0.000000
      vertex 95.890000 29.930000 0.000000
    endloop
  endfacet
  facet normal 0.000000 0.000000 1.000000
    outer loop
      vertex 95.890000 29.850000 3.000000
      vertex 95.890000 29.930000 3.000000
      vertex 97.890000 29.930000 3.000000
    endloop
  endfacet
  facet normal 0.000000 0.000000 1.000000
    outer loop
      vertex 95.890000 29.850000 3.000000
      vertex 97.890000 29.930000 3.000000
      vertex 97.890000 29.850000 3.000000
    endloop
  endfacet
  facet normal 0.000000 0.000000 -1.000000
    outer loop
      vertex 95.890000 29.930000 0.000000
      vertex 97.890000 29.930000 0.000000
      vertex 97.890000 31.850000 0.000000
    endloop
  endfacet
  facet normal 0.000000 0.000000 -1.000000
    outer loop
      vertex 95.890000 29.930000 0.000000
      vertex 97.890000 31.850000 0.000000
      vertex 95.890000 31.850000 0.000000
    endloop
  endfacet
  facet normal 0.000000 0.000000 1.000000
    outer loop
      vertex 95.890000 29.930000 3.000000
      vertex 95.890000 31.850000 3.000000
      vertex 97.890000 31.850000 3.000000
    endloop
  endfacet
  facet normal 0.000000 0.000000 1.000000
    outer loop
      vertex 95.890000 29.930000 3.000000
      vertex 97.890000 31.850000 3.000000
      vertex 97.890000 29.930000 3.000000
    endloop
  endfacet
  facet normal 0.000000 0.000000 -1.000000
    outer loop
      vertex 95.890000 31.850000 0.000000
      vertex 97.890000 31.850000 0.000000
      vertex 97.890000 34.930000 0.000000
    endloop
  endfacet
  facet normal 0.000000 0.000000 -1.000000
    outer loop
      vertex 95.890000 31.850000 0.000000
      vertex 97.890000 34.930000 0.000000
      vertex 95.890000 34.930000 0.000000
    endloop
  endfacet
  facet normal 0.000000 0.000000 1.000000
    outer loop
      vertex 95.890000 31.850000 3.000000
      vertex 95.890000 34.930000 3.000000
      vertex 97.890000 34.930000 3.000000
    endloop
  endfacet
  facet normal 0.000000 0.000000 1.000000
    outer loop
      vertex 95.890000 31.850000 3.000000
      vertex 97.890000 34.930000 3.000000
      vertex 97.890000 31.850000 3.000000
    endloop
  endfacet
  facet normal 0.000000 0.000000 -1.000000
    outer loop
      vertex 95.890000 34.930000 0.000000
      vertex 97.890000 34.930000 0.000000
      vertex 97.890000 36.930000 0.000000
    endloop
  endfacet
  facet normal 0.000000 0.000000 -1.000000
    outer loop
      vertex 95.890000 34.930000 0.000000
      vertex 97.890000 36.930000 0.000000
      vertex 95.890000 36.930000 0.000000
    endloop
  endfacet
  facet normal 0.000000 0.000000 1.000000
    outer loop
      vertex 95.890000 34.930000 3.000000
      vertex 95.890000 36.930000 3.000000
      vertex 97.890000 36.930000 3.000000
    endloop
  endfacet
  facet normal 0.000000 0.000000 1.000000
    outer loop
      vertex 95.890000 34.930000 3.000000
      vertex 97.890000 36.930000 3.000000
      vertex 97.890000 34.930000 3.000000
    endloop
  endfacet
  facet normal 0.000000 0.000000 -1.000000
    outer loop
      vertex 95.890000 36.930000 0.000000
      vertex 97.890000 36.930000 0.000000
      vertex 97.890000 53.480000 0.000000
    endloop
  endfacet
  facet normal 0.000000 0.000000 -1.000000
    outer loop
      vertex 95.890000 36.930000 0.000000
      vertex 97.890000 53.480000 0.000000
      vertex 95.890000 53.480000 0.000000
    endloop
  endfacet
  facet normal 0.000000 0.000000 1.000000
    outer loop
      vertex 95.890000 36.930000 3.000000
      vertex 95.890000 53.480000 3.000000
      vertex 97.890000 53.480000 3.000000
    endloop
  endfacet
  facet normal 0.000000 0.000000 1.000000
    outer loop
      vertex 95.890000 36.930000 3.000000
      vertex 97.890000 53.480000 3.000000
      vertex 97.890000 36.930000 3.000000
    endloop
  endfacet
  facet normal 0.000000 0.000000 -1.000000
    outer loop
      vertex 95.890000 53.480000 0.000000
      vertex 97.890000 53.480000 0.000000
      vertex 97.890000 55.870000 0.000000
    endloop
  endfacet
  facet normal 0.000000 0.000000 -1.000000
    outer loop
      vertex 95.890000 53.480000 0.000000
      vertex 97.890000 55.870000 0.000000
      vertex 95.890000 55.870000 0.000000
    endloop
  endfacet
  facet normal 0.000000 0.000000 1.000000
    outer loop
      vertex 95.890000 53.480000 3.000000
      vertex 95.890000 55.870000 3.000000
      vertex 97.890000 55.870000 3.000000
    endloop
  endfacet
  facet normal 0.000000 0.000000 1.000000
    outer loop
      vertex 95.890000 53.480000 3.000000
      vertex 97.890000 55.870000 3.000000
      vertex 97.890000 53.480000 3.000000
    endloop
  endfacet
  facet normal 0.000000 0.000000 -1.000000
    outer loop
      vertex 95.890000 55.870000 0.000000
      vertex 97.890000 55.870000 0.000000
      vertex 97.890000 57.870000 0.000000
    endloop
  endfacet
  facet normal 0.000000 0.000000 -1.000000
    outer loop
      vertex 95.890000 55.870000 0.000000
      vertex 97.890000 57.870000 0.000000
      vertex 95.890000 57.870000 0.000000
    endloop
  endfacet
  facet normal 1.000000 0.000000 0.000000
    outer loop
      vertex 97.890000 55.870000 3.000000
      vertex 97.890000 55.870000 7.000000
      vertex 97.890000 57.870000 7.000000
    endloop
  endfacet
  facet normal 1.000000 0.000000 0.000000
    outer loop
      vertex 97.890000 55.870000 3.000000
      vertex 97.890000 57.870000 7.000000
      vertex 97.890000 57.870000 3.000000
    endloop
  endfacet
  facet normal 0.000000 -1.000000 0.000000
    outer loop
      vertex 95.890000 55.870000 3.000000
      vertex 95.890000 55.870000 7.000000
      vertex 97.890000 55.870000 7.000000
    endloop
  endfacet
  facet normal 0.000000 -1.000000 0.000000
    outer loop
      vertex 95.890000 55.870000 3.000000
      vertex 97.890000 55.870000 7.000000
      vertex 97.890000 55.870000 3.000000
    endloop
  endfacet
  facet normal 0.000000 0.000000 1.000000
    outer loop
      vertex 95.890000 55.870000 7.000000
      vertex 95.890000 57.870000 7.000000
      vertex 97.890000 57.870000 7.000000
    endloop
  endfacet
  facet normal 0.000000 0.000000 1.000000
    outer loop
      vertex 95.890000 55.870000 7.000000
      vertex 97.890000 57.870000 7.000000
      vertex 97.890000 55.870000 7.000000
    endloop
  endfacet
  facet normal -1.000000 0.000000 0.000000
    outer loop
      vertex 95.890000 57.870000 0.000000
      vertex 95.890000 62.870000 0.000000
      vertex 95.890000 62.870000 3.000000
    endloop
  endfacet
  facet normal -1.000000 0.000000 0.000000
    outer loop
      vertex 95.890000 57.870000 0.000000
      vertex 95.890000 62.870000 3.000000
      vertex 95.890000 57.870000 3.000000
    endloop
  endfacet
  facet normal 0.000000 0.000000 -1.000000
    outer loop
      vertex 95.890000 57.870000 0.000000
      vertex 97.890000 57.870000 0.000000
      vertex 97.890000 62.870000 0.000000
    endloop
  endfacet
  facet normal 0.000000 0.000000 -1.000000
    outer loop
      vertex 95.890000 57.870000 0.000000
      vertex 97.890000 62.870000 0.000000
      vertex 95.890000 62.870000 0.000000
    endloop
  endfacet
  facet normal -1.000000 0.000000 0.000000
    outer loop
      vertex 95.890000 57.870000 3.000000
      vertex 95.890000 62.870000 3.000000
      vertex 95.890000 62.870000 7.000000
    endloop
  endfacet
  facet normal -1.000000 0.000000 0.000000
    outer loop
      vertex 95.890000 57.870000 3.000000
      vertex 95.890000 62.870000 7.000000
      vertex 95.890000 57.870000 7.000000
    endloop
  endfacet
  facet normal 1.000000 0.000000 0.000000
    outer loop
      vertex 97.890000 57.870000 3.000000
      vertex 97.890000 57.870000 7.000000
      vertex 97.890000 62.870000 7.000000
    endloop
  endfacet
  facet normal 1.000000 0.000000 0.000000
    outer loop
      vertex 97.890000 57.870000 3.000000
      vertex 97.890000 62.870000 7.000000
      vertex 97.890000 62.870000 3.000000
    endloop
  endfacet
  facet normal 0.000000 0.000000 1.000000
    outer loop
      vertex 95.890000 57.870000 7.000000
      vertex 95.890000 62.870000 7.000000
      vertex 97.890000 62.870000 7.000000
    endloop
  endfacet
  facet normal 0.000000 0.000000 1.000000
    outer loop
      vertex 95.890000 57.870000 7.000000
      vertex 97.890000 62.870000 7.000000
      vertex 97.890000 57.870000 7.000000
    endloop
  endfacet
  facet normal 0.000000 0.000000 -1.000000
    outer loop
      vertex 95.890000 62.870000 0.000000
      vertex 97.890000 62.870000 0.000000
      vertex 97.890000 64.480000 0.000000
    endloop
  endfacet
  facet normal 0.000000 0.000000 -1.000000
    outer loop
      vertex 95.890000 62.870000 0.000000
      vertex 97.890000 64.480000 0.000000
      vertex 95.890000 64.480000 0.000000
    endloop
  endfacet
  facet normal 1.000000 0.000000 0.000000
    outer loop
      vertex 97.890000 62.870000 3.000000
      vertex 97.890000 62.870000 7.000000
      vertex 97.890000 64.480000 7.000000
    endloop
  endfacet
  facet normal 1.000000 0.000000 0.000000
    outer loop
      vertex 97.890000 62.870000 3.000000
      vertex 97.890000 64.480000 7.000000
      vertex 97.890000 64.480000 3.000000
    endloop
  endfacet
  facet normal 0.000000 0.000000 1.000000
    outer loop
      vertex 95.890000 62.870000 7.000000
      vertex 95.890000 64.480000 7.000000
      vertex 97.890000 64.480000 7.000000
    endloop
  endfacet
  facet normal 0.000000 0.000000 1.000000
    outer loop
      vertex 95.890000 62.870000 7.000000
      vertex 97.890000 64.480000 7.000000
      vertex 97.890000 62.870000 7.000000
    endloop
  endfacet
  facet normal 0.000000 0.000000 -1.000000
    outer loop
      vertex 95.890000 64.480000 0.000000
      vertex 97.890000 64.480000 0.000000
      vertex 97.890000 64.870000 0.000000
    endloop
  endfacet
  facet normal 0.000000 0.000000 -1.000000
    outer loop
      vertex 95.890000 64.480000 0.000000
      vertex 97.890000 64.870000 0.000000
      vertex 95.890000 64.870000 0.000000
    endloop
  endfacet
  facet normal 1.000000 0.000000 0.000000
    outer loop
      vertex 97.890000 64.480000 3.000000
      vertex 97.890000 64.480000 7.000000
      vertex 97.890000 64.870000 7.000000
    endloop
  endfacet
  facet normal 1.000000 0.000000 0.000000
    outer loop
      vertex 97.890000 64.480000 3.000000
      vertex 97.890000 64.870000 7.000000
      vertex 97.890000 64.870000 3.000000
    endloop
  endfacet
  facet normal 0.000000 1.000000 0.000000
    outer loop
      vertex 95.890000 64.870000 3.000000
      vertex 97.890000 64.870000 3.000000
      vertex 97.890000 64.870000 7.000000
    endloop
  endfacet
  facet normal 0.000000 1.000000 0.000000
    outer loop
      vertex 95.890000 64.870000 3.000000
      vertex 97.890000 64.870000 7.000000
      vertex 95.890000 64.870000 7.000000
    endloop
  endfacet
  facet normal 0.000000 0.000000 1.000000
    outer loop
      vertex 95.890000 64.480000 7.000000
      vertex 95.890000 64.870000 7.000000
      vertex 97.890000 64.870000 7.000000
    endloop
  endfacet
  facet normal 0.000000 0.000000 1.000000
    outer loop
      vertex 95.890000 64.480000 7.000000
      vertex 97.890000 64.870000 7.000000
      vertex 97.890000 64.480000 7.000000
    endloop
  endfacet
  facet normal 0.000000 0.000000 -1.000000
    outer loop
      vertex 95.890000 64.870000 0.000000
      vertex 97.890000 64.870000 0.000000
      vertex 97.890000 66.880000 0.000000
    endloop
  endfacet
  facet normal 0.000000 0.000000 -1.000000
    outer loop
      vertex 95.890000 64.870000 0.000000
      vertex 97.890000 66.880000 0.000000
      vertex 95.890000 66.880000 0.000000
    endloop
  endfacet
  facet normal 0.000000 0.000000 1.000000
    outer loop
      vertex 95.890000 64.870000 3.000000
      vertex 95.890000 66.880000 3.000000
      vertex 97.890000 66.880000 3.000000
    endloop
  endfacet
  facet normal 0.000000 0.000000 1.000000
    outer loop
      vertex 95.890000 64.870000 3.000000
      vertex 97.890000 66.880000 3.000000
      vertex 97.890000 64.870000 3.000000
    endloop
  endfacet
  facet normal 0.000000 1.000000 0.000000
    outer loop
      vertex 95.890000 72.480000 0.000000
      vertex 97.890000 72.480000 0.000000
      vertex 97.890000 72.480000 3.000000
    endloop
  endfacet
  facet normal 0.000000 1.000000 0.000000
    outer loop
      vertex 95.890000 72.480000 0.000000
      vertex 97.890000 72.480000 3.000000
      vertex 95.890000 72.480000 3.000000
    endloop
  endfacet
  facet normal 0.000000 0.000000 -1.000000
    outer loop
      vertex 95.890000 66.880000 0.000000
      vertex 97.890000 66.880000 0.000000
      vertex 97.890000 72.480000 0.000000
    endloop
  endfacet
  facet normal 0.000000 0.000000 -1.000000
    outer loop
      vertex 95.890000 66.880000 0.000000
      vertex 97.890000 72.480000 0.000000
      vertex 95.890000 72.480000 0.000000
    endloop
  endfacet
  facet normal 0.000000 0.000000 1.000000
    outer loop
      vertex 95.890000 66.880000 3.000000
      vertex 95.890000 72.480000 3.000000
      vertex 97.890000 72.480000 3.000000
    endloop
  endfacet
  facet normal 0.000000 0.000000 1.000000
    outer loop
      vertex 95.890000 66.880000 3.000000
      vertex 97.890000 72.480000 3.000000
      vertex 97.890000 66.880000 3.000000
    endloop
  endfacet
  facet normal 0.000000 -1.000000 0.000000
    outer loop
      vertex 97.890000 0.000000 0.000000
      vertex 97.890000 0.000000 3.000000
      vertex 99.050000 0.000000 3.000000
    endloop
  endfacet
  facet normal 0.000000 -1.000000 0.000000
    outer loop
      vertex 97.890000 0.000000 0.000000
      vertex 99.050000 0.000000 3.000000
      vertex 99.050000 0.000000 0.000000
    endloop
  endfacet
  facet normal 0.000000 0.000000 -1.000000
    outer loop
      vertex 97.890000 0.000000 0.000000
      vertex 99.050000 0.000000 0.000000
      vertex 99.050000 5.600000 0.000000
    endloop
  endfacet
  facet normal 0.000000 0.000000 -1.000000
    outer loop
      vertex 97.890000 0.000000 0.000000
      vertex 99.050000 5.600000 0.000000
      vertex 97.890000 5.600000 0.000000
    endloop
  endfacet
  facet normal 0.000000 0.000000 1.000000
    outer loop
      vertex 97.890000 0.000000 3.000000
      vertex 97.890000 5.600000 3.000000
      vertex 99.050000 5.600000 3.000000
    endloop
  endfacet
  facet normal 0.000000 0.000000 1.000000
    outer loop
      vertex 97.890000 0.000000 3.000000
      vertex 99.050000 5.600000 3.000000
      vertex 99.050000 0.000000 3.000000
    endloop
  endfacet
  facet normal 0.000000 0.000000 -1.000000
    outer loop
      vertex 97.890000 5.600000 0.000000
      vertex 99.050000 5.600000 0.000000
      vertex 99.050000 8.000000 0.000000
    endloop
  endfacet
  facet normal 0.000000 0.000000 -1.000000
    outer loop
      vertex 97.890000 5.600000 0.000000
      vertex 99.050000 8.000000 0.000000
      vertex 97.890000 8.000000 0.000000
    endloop
  endfacet
  facet normal 0.000000 0.000000 1.000000
    outer loop
      vertex 97.890000 5.600000 3.000000
      vertex 97.890000 8.000000 3.000000
      vertex 99.050000 8.000000 3.000000
    endloop
  endfacet
  facet normal 0.000000 0.000000 1.000000
    outer loop
      vertex 97.890000 5.600000 3.000000
      vertex 99.050000 8.000000 3.000000
      vertex 99.050000 5.600000 3.000000
    endloop
  endfacet
  facet normal 0.000000 0.000000 -1.000000
    outer loop
      vertex 97.890000 8.000000 0.000000
      vertex 99.050000 8.000000 0.000000
      vertex 99.050000 19.000000 0.000000
    endloop
  endfacet
  facet normal 0.000000 0.000000 -1.000000
    outer loop
      vertex 97.890000 8.000000 0.000000
      vertex 99.050000 19.000000 0.000000
      vertex 97.890000 19.000000 0.000000
    endloop
  endfacet
  facet normal 0.000000 0.000000 1.000000
    outer loop
      vertex 97.890000 8.000000 3.000000
      vertex 97.890000 19.000000 3.000000
      vertex 99.050000 19.000000 3.000000
    endloop
  endfacet
  facet normal 0.000000 0.000000 1.000000
    outer loop
      vertex 97.890000 8.000000 3.000000
      vertex 99.050000 19.000000 3.000000
      vertex 99.050000 8.000000 3.000000
    endloop
  endfacet
  facet normal 0.000000 0.000000 -1.000000
    outer loop
      vertex 97.890000 19.000000 0.000000
      vertex 99.050000 19.000000 0.000000
      vertex 99.050000 22.850000 0.000000
    endloop
  endfacet
  facet normal 0.000000 0.000000 -1.000000
    outer loop
      vertex 97.890000 19.000000 0.000000
      vertex 99.050000 22.850000 0.000000
      vertex 97.890000 22.850000 0.000000
    endloop
  endfacet
  facet normal 0.000000 0.000000 1.000000
    outer loop
      vertex 97.890000 19.000000 3.000000
      vertex 97.890000 22.850000 3.000000
      vertex 99.050000 22.850000 3.000000
    endloop
  endfacet
  facet normal 0.000000 0.000000 1.000000
    outer loop
      vertex 97.890000 19.000000 3.000000
      vertex 99.050000 22.850000 3.000000
      vertex 99.050000 19.000000 3.000000
    endloop
  endfacet
  facet normal 0.000000 0.000000 -1.000000
    outer loop
      vertex 97.890000 22.850000 0.000000
      vertex 99.050000 22.850000 0.000000
      vertex 99.050000 24.850000 0.000000
    endloop
  endfacet
  facet normal 0.000000 0.000000 -1.000000
    outer loop
      vertex 97.890000 22.850000 0.000000
      vertex 99.050000 24.850000 0.000000
      vertex 97.890000 24.850000 0.000000
    endloop
  endfacet
  facet normal 0.000000 0.000000 1.000000
    outer loop
      vertex 97.890000 22.850000 3.000000
      vertex 97.890000 24.850000 3.000000
      vertex 99.050000 24.850000 3.000000
    endloop
  endfacet
  facet normal 0.000000 0.000000 1.000000
    outer loop
      vertex 97.890000 22.850000 3.000000
      vertex 99.050000 24.850000 3.000000
      vertex 99.050000 22.850000 3.000000
    endloop
  endfacet
  facet normal 0.000000 0.000000 -1.000000
    outer loop
      vertex 97.890000 24.850000 0.000000
      vertex 99.050000 24.850000 0.000000
      vertex 99.050000 27.930000 0.000000
    endloop
  endfacet
  facet normal 0.000000 0.000000 -1.000000
    outer loop
      vertex 97.890000 24.850000 0.000000
      vertex 99.050000 27.930000 0.000000
      vertex 97.890000 27.930000 0.000000
    endloop
  endfacet
  facet normal 0.000000 0.000000 1.000000
    outer loop
      vertex 97.890000 24.850000 3.000000
      vertex 97.890000 27.930000 3.000000
      vertex 99.050000 27.930000 3.000000
    endloop
  endfacet
  facet normal 0.000000 0.000000 1.000000
    outer loop
      vertex 97.890000 24.850000 3.000000
      vertex 99.050000 27.930000 3.000000
      vertex 99.050000 24.850000 3.000000
    endloop
  endfacet
  facet normal 0.000000 0.000000 -1.000000
    outer loop
      vertex 97.890000 27.930000 0.000000
      vertex 99.050000 27.930000 0.000000
      vertex 99.050000 29.850000 0.000000
    endloop
  endfacet
  facet normal 0.000000 0.000000 -1.000000
    outer loop
      vertex 97.890000 27.930000 0.000000
      vertex 99.050000 29.850000 0.000000
      vertex 97.890000 29.850000 0.000000
    endloop
  endfacet
  facet normal 0.000000 0.000000 1.000000
    outer loop
      vertex 97.890000 27.930000 3.000000
      vertex 97.890000 29.850000 3.000000
      vertex 99.050000 29.850000 3.000000
    endloop
  endfacet
  facet normal 0.000000 0.000000 1.000000
    outer loop
      vertex 97.890000 27.930000 3.000000
      vertex 99.050000 29.850000 3.000000
      vertex 99.050000 27.930000 3.000000
    endloop
  endfacet
  facet normal 0.000000 0.000000 -1.000000
    outer loop
      vertex 97.890000 29.850000 0.000000
      vertex 99.050000 29.850000 0.000000
      vertex 99.050000 29.930000 0.000000
    endloop
  endfacet
  facet normal 0.000000 0.000000 -1.000000
    outer loop
      vertex 97.890000 29.850000 0.000000
      vertex 99.050000 29.930000 0.000000
      vertex 97.890000 29.930000 0.000000
    endloop
  endfacet
  facet normal 0.000000 0.000000 1.000000
    outer loop
      vertex 97.890000 29.850000 3.000000
      vertex 97.890000 29.930000 3.000000
      vertex 99.050000 29.930000 3.000000
    endloop
  endfacet
  facet normal 0.000000 0.000000 1.000000
    outer loop
      vertex 97.890000 29.850000 3.000000
      vertex 99.050000 29.930000 3.000000
      vertex 99.050000 29.850000 3.000000
    endloop
  endfacet
  facet normal 0.000000 0.000000 -1.000000
    outer loop
      vertex 97.890000 29.930000 0.000000
      vertex 99.050000 29.930000 0.000000
      vertex 99.050000 31.850000 0.000000
    endloop
  endfacet
  facet normal 0.000000 0.000000 -1.000000
    outer loop
      vertex 97.890000 29.930000 0.000000
      vertex 99.050000 31.850000 0.000000
      vertex 97.890000 31.850000 0.000000
    endloop
  endfacet
  facet normal 0.000000 0.000000 1.000000
    outer loop
      vertex 97.890000 29.930000 3.000000
      vertex 97.890000 31.850000 3.000000
      vertex 99.050000 31.850000 3.000000
    endloop
  endfacet
  facet normal 0.000000 0.000000 1.000000
    outer loop
      vertex 97.890000 29.930000 3.000000
      vertex 99.050000 31.850000 3.000000
      vertex 99.050000 29.930000 3.000000
    endloop
  endfacet
  facet normal 0.000000 0.000000 -1.000000
    outer loop
      vertex 97.890000 31.850000 0.000000
      vertex 99.050000 31.850000 0.000000
      vertex 99.050000 34.930000 0.000000
    endloop
  endfacet
  facet normal 0.000000 0.000000 -1.000000
    outer loop
      vertex 97.890000 31.850000 0.000000
      vertex 99.050000 34.930000 0.000000
      vertex 97.890000 34.930000 0.000000
    endloop
  endfacet
  facet normal 0.000000 0.000000 1.000000
    outer loop
      vertex 97.890000 31.850000 3.000000
      vertex 97.890000 34.930000 3.000000
      vertex 99.050000 34.930000 3.000000
    endloop
  endfacet
  facet normal 0.000000 0.000000 1.000000
    outer loop
      vertex 97.890000 31.850000 3.000000
      vertex 99.050000 34.930000 3.000000
      vertex 99.050000 31.850000 3.000000
    endloop
  endfacet
  facet normal 0.000000 0.000000 -1.000000
    outer loop
      vertex 97.890000 34.930000 0.000000
      vertex 99.050000 34.930000 0.000000
      vertex 99.050000 36.930000 0.000000
    endloop
  endfacet
  facet normal 0.000000 0.000000 -1.000000
    outer loop
      vertex 97.890000 34.930000 0.000000
      vertex 99.050000 36.930000 0.000000
      vertex 97.890000 36.930000 0.000000
    endloop
  endfacet
  facet normal 0.000000 0.000000 1.000000
    outer loop
      vertex 97.890000 34.930000 3.000000
      vertex 97.890000 36.930000 3.000000
      vertex 99.050000 36.930000 3.000000
    endloop
  endfacet
  facet normal 0.000000 0.000000 1.000000
    outer loop
      vertex 97.890000 34.930000 3.000000
      vertex 99.050000 36.930000 3.000000
      vertex 99.050000 34.930000 3.000000
    endloop
  endfacet
  facet normal 0.000000 0.000000 -1.000000
    outer loop
      vertex 97.890000 36.930000 0.000000
      vertex 99.050000 36.930000 0.000000
      vertex 99.050000 53.480000 0.000000
    endloop
  endfacet
  facet normal 0.000000 0.000000 -1.000000
    outer loop
      vertex 97.890000 36.930000 0.000000
      vertex 99.050000 53.480000 0.000000
      vertex 97.890000 53.480000 0.000000
    endloop
  endfacet
  facet normal 0.000000 0.000000 1.000000
    outer loop
      vertex 97.890000 36.930000 3.000000
      vertex 97.890000 53.480000 3.000000
      vertex 99.050000 53.480000 3.000000
    endloop
  endfacet
  facet normal 0.000000 0.000000 1.000000
    outer loop
      vertex 97.890000 36.930000 3.000000
      vertex 99.050000 53.480000 3.000000
      vertex 99.050000 36.930000 3.000000
    endloop
  endfacet
  facet normal 0.000000 0.000000 -1.000000
    outer loop
      vertex 97.890000 53.480000 0.000000
      vertex 99.050000 53.480000 0.000000
      vertex 99.050000 55.870000 0.000000
    endloop
  endfacet
  facet normal 0.000000 0.000000 -1.000000
    outer loop
      vertex 97.890000 53.480000 0.000000
      vertex 99.050000 55.870000 0.000000
      vertex 97.890000 55.870000 0.000000
    endloop
  endfacet
  facet normal 0.000000 0.000000 1.000000
    outer loop
      vertex 97.890000 53.480000 3.000000
      vertex 97.890000 55.870000 3.000000
      vertex 99.050000 55.870000 3.000000
    endloop
  endfacet
  facet normal 0.000000 0.000000 1.000000
    outer loop
      vertex 97.890000 53.480000 3.000000
      vertex 99.050000 55.870000 3.000000
      vertex 99.050000 53.480000 3.000000
    endloop
  endfacet
  facet normal 0.000000 0.000000 -1.000000
    outer loop
      vertex 97.890000 55.870000 0.000000
      vertex 99.050000 55.870000 0.000000
      vertex 99.050000 57.870000 0.000000
    endloop
  endfacet
  facet normal 0.000000 0.000000 -1.000000
    outer loop
      vertex 97.890000 55.870000 0.000000
      vertex 99.050000 57.870000 0.000000
      vertex 97.890000 57.870000 0.000000
    endloop
  endfacet
  facet normal 0.000000 0.000000 1.000000
    outer loop
      vertex 97.890000 55.870000 3.000000
      vertex 97.890000 57.870000 3.000000
      vertex 99.050000 57.870000 3.000000
    endloop
  endfacet
  facet normal 0.000000 0.000000 1.000000
    outer loop
      vertex 97.890000 55.870000 3.000000
      vertex 99.050000 57.870000 3.000000
      vertex 99.050000 55.870000 3.000000
    endloop
  endfacet
  facet normal 0.000000 0.000000 -1.000000
    outer loop
      vertex 97.890000 57.870000 0.000000
      vertex 99.050000 57.870000 0.000000
      vertex 99.050000 62.870000 0.000000
    endloop
  endfacet
  facet normal 0.000000 0.000000 -1.000000
    outer loop
      vertex 97.890000 57.870000 0.000000
      vertex 99.050000 62.870000 0.000000
      vertex 97.890000 62.870000 0.000000
    endloop
  endfacet
  facet normal 0.000000 0.000000 1.000000
    outer loop
      vertex 97.890000 57.870000 3.000000
      vertex 97.890000 62.870000 3.000000
      vertex 99.050000 62.870000 3.000000
    endloop
  endfacet
  facet normal 0.000000 0.000000 1.000000
    outer loop
      vertex 97.890000 57.870000 3.000000
      vertex 99.050000 62.870000 3.000000
      vertex 99.050000 57.870000 3.000000
    endloop
  endfacet
  facet normal 0.000000 0.000000 -1.000000
    outer loop
      vertex 97.890000 62.870000 0.000000
      vertex 99.050000 62.870000 0.000000
      vertex 99.050000 64.480000 0.000000
    endloop
  endfacet
  facet normal 0.000000 0.000000 -1.000000
    outer loop
      vertex 97.890000 62.870000 0.000000
      vertex 99.050000 64.480000 0.000000
      vertex 97.890000 64.480000 0.000000
    endloop
  endfacet
  facet normal 0.000000 0.000000 1.000000
    outer loop
      vertex 97.890000 62.870000 3.000000
      vertex 97.890000 64.480000 3.000000
      vertex 99.050000 64.480000 3.000000
    endloop
  endfacet
  facet normal 0.000000 0.000000 1.000000
    outer loop
      vertex 97.890000 62.870000 3.000000
      vertex 99.050000 64.480000 3.000000
      vertex 99.050000 62.870000 3.000000
    endloop
  endfacet
  facet normal 0.000000 0.000000 -1.000000
    outer loop
      vertex 97.890000 64.480000 0.000000
      vertex 99.050000 64.480000 0.000000
      vertex 99.050000 64.870000 0.000000
    endloop
  endfacet
  facet normal 0.000000 0.000000 -1.000000
    outer loop
      vertex 97.890000 64.480000 0.000000
      vertex 99.050000 64.870000 0.000000
      vertex 97.890000 64.870000 0.000000
    endloop
  endfacet
  facet normal 0.000000 0.000000 1.000000
    outer loop
      vertex 97.890000 64.480000 3.000000
      vertex 97.890000 64.870000 3.000000
      vertex 99.050000 64.870000 3.000000
    endloop
  endfacet
  facet normal 0.000000 0.000000 1.000000
    outer loop
      vertex 97.890000 64.480000 3.000000
      vertex 99.050000 64.870000 3.000000
      vertex 99.050000 64.480000 3.000000
    endloop
  endfacet
  facet normal 0.000000 0.000000 -1.000000
    outer loop
      vertex 97.890000 64.870000 0.000000
      vertex 99.050000 64.870000 0.000000
      vertex 99.050000 66.880000 0.000000
    endloop
  endfacet
  facet normal 0.000000 0.000000 -1.000000
    outer loop
      vertex 97.890000 64.870000 0.000000
      vertex 99.050000 66.880000 0.000000
      vertex 97.890000 66.880000 0.000000
    endloop
  endfacet
  facet normal 0.000000 0.000000 1.000000
    outer loop
      vertex 97.890000 64.870000 3.000000
      vertex 97.890000 66.880000 3.000000
      vertex 99.050000 66.880000 3.000000
    endloop
  endfacet
  facet normal 0.000000 0.000000 1.000000
    outer loop
      vertex 97.890000 64.870000 3.000000
      vertex 99.050000 66.880000 3.000000
      vertex 99.050000 64.870000 3.000000
    endloop
  endfacet
  facet normal 0.000000 1.000000 0.000000
    outer loop
      vertex 97.890000 72.480000 0.000000
      vertex 99.050000 72.480000 0.000000
      vertex 99.050000 72.480000 3.000000
    endloop
  endfacet
  facet normal 0.000000 1.000000 0.000000
    outer loop
      vertex 97.890000 72.480000 0.000000
      vertex 99.050000 72.480000 3.000000
      vertex 97.890000 72.480000 3.000000
    endloop
  endfacet
  facet normal 0.000000 0.000000 -1.000000
    outer loop
      vertex 97.890000 66.880000 0.000000
      vertex 99.050000 66.880000 0.000000
      vertex 99.050000 72.480000 0.000000
    endloop
  endfacet
  facet normal 0.000000 0.000000 -1.000000
    outer loop
      vertex 97.890000 66.880000 0.000000
      vertex 99.050000 72.480000 0.000000
      vertex 97.890000 72.480000 0.000000
    endloop
  endfacet
  facet normal 0.000000 0.000000 1.000000
    outer loop
      vertex 97.890000 66.880000 3.000000
      vertex 97.890000 72.480000 3.000000
      vertex 99.050000 72.480000 3.000000
    endloop
  endfacet
  facet normal 0.000000 0.000000 1.000000
    outer loop
      vertex 97.890000 66.880000 3.000000
      vertex 99.050000 72.480000 3.000000
      vertex 99.050000 66.880000 3.000000
    endloop
  endfacet
  facet normal 0.000000 -1.000000 0.000000
    outer loop
      vertex 99.050000 0.000000 0.000000
      vertex 99.050000 0.000000 3.000000
      vertex 101.050000 0.000000 3.000000
    endloop
  endfacet
  facet normal 0.000000 -1.000000 0.000000
    outer loop
      vertex 99.050000 0.000000 0.000000
      vertex 101.050000 0.000000 3.000000
      vertex 101.050000 0.000000 0.000000
    endloop
  endfacet
  facet normal 0.000000 0.000000 -1.000000
    outer loop
      vertex 99.050000 0.000000 0.000000
      vertex 101.050000 0.000000 0.000000
      vertex 101.050000 5.600000 0.000000
    endloop
  endfacet
  facet normal 0.000000 0.000000 -1.000000
    outer loop
      vertex 99.050000 0.000000 0.000000
      vertex 101.050000 5.600000 0.000000
      vertex 99.050000 5.600000 0.000000
    endloop
  endfacet
  facet normal 0.000000 0.000000 1.000000
    outer loop
      vertex 99.050000 0.000000 3.000000
      vertex 99.050000 5.600000 3.000000
      vertex 101.050000 5.600000 3.000000
    endloop
  endfacet
  facet normal 0.000000 0.000000 1.000000
    outer loop
      vertex 99.050000 0.000000 3.000000
      vertex 101.050000 5.600000 3.000000
      vertex 101.050000 0.000000 3.000000
    endloop
  endfacet
  facet normal 0.000000 0.000000 -1.000000
    outer loop
      vertex 99.050000 5.600000 0.000000
      vertex 101.050000 5.600000 0.000000
      vertex 101.050000 8.000000 0.000000
    endloop
  endfacet
  facet normal 0.000000 0.000000 -1.000000
    outer loop
      vertex 99.050000 5.600000 0.000000
      vertex 101.050000 8.000000 0.000000
      vertex 99.050000 8.000000 0.000000
    endloop
  endfacet
  facet normal 0.000000 0.000000 1.000000
    outer loop
      vertex 99.050000 5.600000 3.000000
      vertex 99.050000 8.000000 3.000000
      vertex 101.050000 8.000000 3.000000
    endloop
  endfacet
  facet normal 0.000000 0.000000 1.000000
    outer loop
      vertex 99.050000 5.600000 3.000000
      vertex 101.050000 8.000000 3.000000
      vertex 101.050000 5.600000 3.000000
    endloop
  endfacet
  facet normal 0.000000 0.000000 -1.000000
    outer loop
      vertex 99.050000 8.000000 0.000000
      vertex 101.050000 8.000000 0.000000
      vertex 101.050000 19.000000 0.000000
    endloop
  endfacet
  facet normal 0.000000 0.000000 -1.000000
    outer loop
      vertex 99.050000 8.000000 0.000000
      vertex 101.050000 19.000000 0.000000
      vertex 99.050000 19.000000 0.000000
    endloop
  endfacet
  facet normal 0.000000 0.000000 1.000000
    outer loop
      vertex 99.050000 8.000000 3.000000
      vertex 99.050000 19.000000 3.000000
      vertex 101.050000 19.000000 3.000000
    endloop
  endfacet
  facet normal 0.000000 0.000000 1.000000
    outer loop
      vertex 99.050000 8.000000 3.000000
      vertex 101.050000 19.000000 3.000000
      vertex 101.050000 8.000000 3.000000
    endloop
  endfacet
  facet normal 0.000000 0.000000 -1.000000
    outer loop
      vertex 99.050000 19.000000 0.000000
      vertex 101.050000 19.000000 0.000000
      vertex 101.050000 22.850000 0.000000
    endloop
  endfacet
  facet normal 0.000000 0.000000 -1.000000
    outer loop
      vertex 99.050000 19.000000 0.000000
      vertex 101.050000 22.850000 0.000000
      vertex 99.050000 22.850000 0.000000
    endloop
  endfacet
  facet normal 0.000000 0.000000 1.000000
    outer loop
      vertex 99.050000 19.000000 3.000000
      vertex 99.050000 22.850000 3.000000
      vertex 101.050000 22.850000 3.000000
    endloop
  endfacet
  facet normal 0.000000 0.000000 1.000000
    outer loop
      vertex 99.050000 19.000000 3.000000
      vertex 101.050000 22.850000 3.000000
      vertex 101.050000 19.000000 3.000000
    endloop
  endfacet
  facet normal 0.000000 0.000000 -1.000000
    outer loop
      vertex 99.050000 22.850000 0.000000
      vertex 101.050000 22.850000 0.000000
      vertex 101.050000 24.850000 0.000000
    endloop
  endfacet
  facet normal 0.000000 0.000000 -1.000000
    outer loop
      vertex 99.050000 22.850000 0.000000
      vertex 101.050000 24.850000 0.000000
      vertex 99.050000 24.850000 0.000000
    endloop
  endfacet
  facet normal 0.000000 0.000000 1.000000
    outer loop
      vertex 99.050000 22.850000 3.000000
      vertex 99.050000 24.850000 3.000000
      vertex 101.050000 24.850000 3.000000
    endloop
  endfacet
  facet normal 0.000000 0.000000 1.000000
    outer loop
      vertex 99.050000 22.850000 3.000000
      vertex 101.050000 24.850000 3.000000
      vertex 101.050000 22.850000 3.000000
    endloop
  endfacet
  facet normal 0.000000 0.000000 -1.000000
    outer loop
      vertex 99.050000 24.850000 0.000000
      vertex 101.050000 24.850000 0.000000
      vertex 101.050000 27.930000 0.000000
    endloop
  endfacet
  facet normal 0.000000 0.000000 -1.000000
    outer loop
      vertex 99.050000 24.850000 0.000000
      vertex 101.050000 27.930000 0.000000
      vertex 99.050000 27.930000 0.000000
    endloop
  endfacet
  facet normal 0.000000 0.000000 1.000000
    outer loop
      vertex 99.050000 24.850000 3.000000
      vertex 99.050000 27.930000 3.000000
      vertex 101.050000 27.930000 3.000000
    endloop
  endfacet
  facet normal 0.000000 0.000000 1.000000
    outer loop
      vertex 99.050000 24.850000 3.000000
      vertex 101.050000 27.930000 3.000000
      vertex 101.050000 24.850000 3.000000
    endloop
  endfacet
  facet normal 0.000000 0.000000 -1.000000
    outer loop
      vertex 99.050000 27.930000 0.000000
      vertex 101.050000 27.930000 0.000000
      vertex 101.050000 29.850000 0.000000
    endloop
  endfacet
  facet normal 0.000000 0.000000 -1.000000
    outer loop
      vertex 99.050000 27.930000 0.000000
      vertex 101.050000 29.850000 0.000000
      vertex 99.050000 29.850000 0.000000
    endloop
  endfacet
  facet normal -1.000000 0.000000 0.000000
    outer loop
      vertex 99.050000 27.930000 3.000000
      vertex 99.050000 29.850000 3.000000
      vertex 99.050000 29.850000 7.000000
    endloop
  endfacet
  facet normal -1.000000 0.000000 0.000000
    outer loop
      vertex 99.050000 27.930000 3.000000
      vertex 99.050000 29.850000 7.000000
      vertex 99.050000 27.930000 7.000000
    endloop
  endfacet
  facet normal 0.000000 -1.000000 0.000000
    outer loop
      vertex 99.050000 27.930000 3.000000
      vertex 99.050000 27.930000 7.000000
      vertex 101.050000 27.930000 7.000000
    endloop
  endfacet
  facet normal 0.000000 -1.000000 0.000000
    outer loop
      vertex 99.050000 27.930000 3.000000
      vertex 101.050000 27.930000 7.000000
      vertex 101.050000 27.930000 3.000000
    endloop
  endfacet
  facet normal 0.000000 0.000000 1.000000
    outer loop
      vertex 99.050000 27.930000 7.000000
      vertex 99.050000 29.850000 7.000000
      vertex 101.050000 29.850000 7.000000
    endloop
  endfacet
  facet normal 0.000000 0.000000 1.000000
    outer loop
      vertex 99.050000 27.930000 7.000000
      vertex 101.050000 29.850000 7.000000
      vertex 101.050000 27.930000 7.000000
    endloop
  endfacet
  facet normal 0.000000 0.000000 -1.000000
    outer loop
      vertex 99.050000 29.850000 0.000000
      vertex 101.050000 29.850000 0.000000
      vertex 101.050000 29.930000 0.000000
    endloop
  endfacet
  facet normal 0.000000 0.000000 -1.000000
    outer loop
      vertex 99.050000 29.850000 0.000000
      vertex 101.050000 29.930000 0.000000
      vertex 99.050000 29.930000 0.000000
    endloop
  endfacet
  facet normal -1.000000 0.000000 0.000000
    outer loop
      vertex 99.050000 29.850000 3.000000
      vertex 99.050000 29.930000 3.000000
      vertex 99.050000 29.930000 7.000000
    endloop
  endfacet
  facet normal -1.000000 0.000000 0.000000
    outer loop
      vertex 99.050000 29.850000 3.000000
      vertex 99.050000 29.930000 7.000000
      vertex 99.050000 29.850000 7.000000
    endloop
  endfacet
  facet normal 0.000000 0.000000 1.000000
    outer loop
      vertex 99.050000 29.850000 7.000000
      vertex 99.050000 29.930000 7.000000
      vertex 101.050000 29.930000 7.000000
    endloop
  endfacet
  facet normal 0.000000 0.000000 1.000000
    outer loop
      vertex 99.050000 29.850000 7.000000
      vertex 101.050000 29.930000 7.000000
      vertex 101.050000 29.850000 7.000000
    endloop
  endfacet
  facet normal 1.000000 0.000000 0.000000
    outer loop
      vertex 101.050000 29.930000 0.000000
      vertex 101.050000 29.930000 3.000000
      vertex 101.050000 31.850000 3.000000
    endloop
  endfacet
  facet normal 1.000000 0.000000 0.000000
    outer loop
      vertex 101.050000 29.930000 0.000000
      vertex 101.050000 31.850000 3.000000
      vertex 101.050000 31.850000 0.000000
    endloop
  endfacet
  facet normal 0.000000 0.000000 -1.000000
    outer loop
      vertex 99.050000 29.930000 0.000000
      vertex 101.050000 29.930000 0.000000
      vertex 101.050000 31.850000 0.000000
    endloop
  endfacet
  facet normal 0.000000 0.000000 -1.000000
    outer loop
      vertex 99.050000 29.930000 0.000000
      vertex 101.050000 31.850000 0.000000
      vertex 99.050000 31.850000 0.000000
    endloop
  endfacet
  facet normal -1.000000 0.000000 0.000000
    outer loop
      vertex 99.050000 29.930000 3.000000
      vertex 99.050000 31.850000 3.000000
      vertex 99.050000 31.850000 7.000000
    endloop
  endfacet
  facet normal -1.000000 0.000000 0.000000
    outer loop
      vertex 99.050000 29.930000 3.000000
      vertex 99.050000 31.850000 7.000000
      vertex 99.050000 29.930000 7.000000
    endloop
  endfacet
  facet normal 1.000000 0.000000 0.000000
    outer loop
      vertex 101.050000 29.930000 3.000000
      vertex 101.050000 29.930000 7.000000
      vertex 101.050000 31.850000 7.000000
    endloop
  endfacet
  facet normal 1.000000 0.000000 0.000000
    outer loop
      vertex 101.050000 29.930000 3.000000
      vertex 101.050000 31.850000 7.000000
      vertex 101.050000 31.850000 3.000000
    endloop
  endfacet
  facet normal 0.000000 0.000000 1.000000
    outer loop
      vertex 99.050000 29.930000 7.000000
      vertex 99.050000 31.850000 7.000000
      vertex 101.050000 31.850000 7.000000
    endloop
  endfacet
  facet normal 0.000000 0.000000 1.000000
    outer loop
      vertex 99.050000 29.930000 7.000000
      vertex 101.050000 31.850000 7.000000
      vertex 101.050000 29.930000 7.000000
    endloop
  endfacet
  facet normal 1.000000 0.000000 0.000000
    outer loop
      vertex 101.050000 31.850000 0.000000
      vertex 101.050000 31.850000 3.000000
      vertex 101.050000 34.930000 3.000000
    endloop
  endfacet
  facet normal 1.000000 0.000000 0.000000
    outer loop
      vertex 101.050000 31.850000 0.000000
      vertex 101.050000 34.930000 3.000000
      vertex 101.050000 34.930000 0.000000
    endloop
  endfacet
  facet normal 0.000000 0.000000 -1.000000
    outer loop
      vertex 99.050000 31.850000 0.000000
      vertex 101.050000 31.850000 0.000000
      vertex 101.050000 34.930000 0.000000
    endloop
  endfacet
  facet normal 0.000000 0.000000 -1.000000
    outer loop
      vertex 99.050000 31.850000 0.000000
      vertex 101.050000 34.930000 0.000000
      vertex 99.050000 34.930000 0.000000
    endloop
  endfacet
  facet normal -1.000000 0.000000 0.000000
    outer loop
      vertex 99.050000 31.850000 3.000000
      vertex 99.050000 34.930000 3.000000
      vertex 99.050000 34.930000 7.000000
    endloop
  endfacet
  facet normal -1.000000 0.000000 0.000000
    outer loop
      vertex 99.050000 31.850000 3.000000
      vertex 99.050000 34.930000 7.000000
      vertex 99.050000 31.850000 7.000000
    endloop
  endfacet
  facet normal 1.000000 0.000000 0.000000
    outer loop
      vertex 101.050000 31.850000 3.000000
      vertex 101.050000 31.850000 7.000000
      vertex 101.050000 34.930000 7.000000
    endloop
  endfacet
  facet normal 1.000000 0.000000 0.000000
    outer loop
      vertex 101.050000 31.850000 3.000000
      vertex 101.050000 34.930000 7.000000
      vertex 101.050000 34.930000 3.000000
    endloop
  endfacet
  facet normal 0.000000 0.000000 1.000000
    outer loop
      vertex 99.050000 31.850000 7.000000
      vertex 99.050000 34.930000 7.000000
      vertex 101.050000 34.930000 7.000000
    endloop
  endfacet
  facet normal 0.000000 0.000000 1.000000
    outer loop
      vertex 99.050000 31.850000 7.000000
      vertex 101.050000 34.930000 7.000000
      vertex 101.050000 31.850000 7.000000
    endloop
  endfacet
  facet normal 0.000000 0.000000 -1.000000
    outer loop
      vertex 99.050000 34.930000 0.000000
      vertex 101.050000 34.930000 0.000000
      vertex 101.050000 36.930000 0.000000
    endloop
  endfacet
  facet normal 0.000000 0.000000 -1.000000
    outer loop
      vertex 99.050000 34.930000 0.000000
      vertex 101.050000 36.930000 0.000000
      vertex 99.050000 36.930000 0.000000
    endloop
  endfacet
  facet normal -1.000000 0.000000 0.000000
    outer loop
      vertex 99.050000 34.930000 3.000000
      vertex 99.050000 36.930000 3.000000
      vertex 99.050000 36.930000 7.000000
    endloop
  endfacet
  facet normal -1.000000 0.000000 0.000000
    outer loop
      vertex 99.050000 34.930000 3.000000
      vertex 99.050000 36.930000 7.000000
      vertex 99.050000 34.930000 7.000000
    endloop
  endfacet
  facet normal 0.000000 1.000000 0.000000
    outer loop
      vertex 99.050000 36.930000 3.000000
      vertex 101.050000 36.930000 3.000000
      vertex 101.050000 36.930000 7.000000
    endloop
  endfacet
  facet normal 0.000000 1.000000 0.000000
    outer loop
      vertex 99.050000 36.930000 3.000000
      vertex 101.050000 36.930000 7.000000
      vertex 99.050000 36.930000 7.000000
    endloop
  endfacet
  facet normal 0.000000 0.000000 1.000000
    outer loop
      vertex 99.050000 34.930000 7.000000
      vertex 99.050000 36.930000 7.000000
      vertex 101.050000 36.930000 7.000000
    endloop
  endfacet
  facet normal 0.000000 0.000000 1.000000
    outer loop
      vertex 99.050000 34.930000 7.000000
      vertex 101.050000 36.930000 7.000000
      vertex 101.050000 34.930000 7.000000
    endloop
  endfacet
  facet normal 0.000000 0.000000 -1.000000
    outer loop
      vertex 99.050000 36.930000 0.000000
      vertex 101.050000 36.930000 0.000000
      vertex 101.050000 53.480000 0.000000
    endloop
  endfacet
  facet normal 0.000000 0.000000 -1.000000
    outer loop
      vertex 99.050000 36.930000 0.000000
      vertex 101.050000 53.480000 0.000000
      vertex 99.050000 53.480000 0.000000
    endloop
  endfacet
  facet normal 0.000000 0.000000 1.000000
    outer loop
      vertex 99.050000 36.930000 3.000000
      vertex 99.050000 53.480000 3.000000
      vertex 101.050000 53.480000 3.000000
    endloop
  endfacet
  facet normal 0.000000 0.000000 1.000000
    outer loop
      vertex 99.050000 36.930000 3.000000
      vertex 101.050000 53.480000 3.000000
      vertex 101.050000 36.930000 3.000000
    endloop
  endfacet
  facet normal 0.000000 0.000000 -1.000000
    outer loop
      vertex 99.050000 53.480000 0.000000
      vertex 101.050000 53.480000 0.000000
      vertex 101.050000 55.870000 0.000000
    endloop
  endfacet
  facet normal 0.000000 0.000000 -1.000000
    outer loop
      vertex 99.050000 53.480000 0.000000
      vertex 101.050000 55.870000 0.000000
      vertex 99.050000 55.870000 0.000000
    endloop
  endfacet
  facet normal 0.000000 0.000000 1.000000
    outer loop
      vertex 99.050000 53.480000 3.000000
      vertex 99.050000 55.870000 3.000000
      vertex 101.050000 55.870000 3.000000
    endloop
  endfacet
  facet normal 0.000000 0.000000 1.000000
    outer loop
      vertex 99.050000 53.480000 3.000000
      vertex 101.050000 55.870000 3.000000
      vertex 101.050000 53.480000 3.000000
    endloop
  endfacet
  facet normal 0.000000 0.000000 -1.000000
    outer loop
      vertex 99.050000 55.870000 0.000000
      vertex 101.050000 55.870000 0.000000
      vertex 101.050000 57.870000 0.000000
    endloop
  endfacet
  facet normal 0.000000 0.000000 -1.000000
    outer loop
      vertex 99.050000 55.870000 0.000000
      vertex 101.050000 57.870000 0.000000
      vertex 99.050000 57.870000 0.000000
    endloop
  endfacet
  facet normal 0.000000 0.000000 1.000000
    outer loop
      vertex 99.050000 55.870000 3.000000
      vertex 99.050000 57.870000 3.000000
      vertex 101.050000 57.870000 3.000000
    endloop
  endfacet
  facet normal 0.000000 0.000000 1.000000
    outer loop
      vertex 99.050000 55.870000 3.000000
      vertex 101.050000 57.870000 3.000000
      vertex 101.050000 55.870000 3.000000
    endloop
  endfacet
  facet normal 0.000000 0.000000 -1.000000
    outer loop
      vertex 99.050000 57.870000 0.000000
      vertex 101.050000 57.870000 0.000000
      vertex 101.050000 62.870000 0.000000
    endloop
  endfacet
  facet normal 0.000000 0.000000 -1.000000
    outer loop
      vertex 99.050000 57.870000 0.000000
      vertex 101.050000 62.870000 0.000000
      vertex 99.050000 62.870000 0.000000
    endloop
  endfacet
  facet normal 0.000000 0.000000 1.000000
    outer loop
      vertex 99.050000 57.870000 3.000000
      vertex 99.050000 62.870000 3.000000
      vertex 101.050000 62.870000 3.000000
    endloop
  endfacet
  facet normal 0.000000 0.000000 1.000000
    outer loop
      vertex 99.050000 57.870000 3.000000
      vertex 101.050000 62.870000 3.000000
      vertex 101.050000 57.870000 3.000000
    endloop
  endfacet
  facet normal 0.000000 0.000000 -1.000000
    outer loop
      vertex 99.050000 62.870000 0.000000
      vertex 101.050000 62.870000 0.000000
      vertex 101.050000 64.480000 0.000000
    endloop
  endfacet
  facet normal 0.000000 0.000000 -1.000000
    outer loop
      vertex 99.050000 62.870000 0.000000
      vertex 101.050000 64.480000 0.000000
      vertex 99.050000 64.480000 0.000000
    endloop
  endfacet
  facet normal 0.000000 0.000000 1.000000
    outer loop
      vertex 99.050000 62.870000 3.000000
      vertex 99.050000 64.480000 3.000000
      vertex 101.050000 64.480000 3.000000
    endloop
  endfacet
  facet normal 0.000000 0.000000 1.000000
    outer loop
      vertex 99.050000 62.870000 3.000000
      vertex 101.050000 64.480000 3.000000
      vertex 101.050000 62.870000 3.000000
    endloop
  endfacet
  facet normal 0.000000 0.000000 -1.000000
    outer loop
      vertex 99.050000 64.480000 0.000000
      vertex 101.050000 64.480000 0.000000
      vertex 101.050000 64.870000 0.000000
    endloop
  endfacet
  facet normal 0.000000 0.000000 -1.000000
    outer loop
      vertex 99.050000 64.480000 0.000000
      vertex 101.050000 64.870000 0.000000
      vertex 99.050000 64.870000 0.000000
    endloop
  endfacet
  facet normal 0.000000 0.000000 1.000000
    outer loop
      vertex 99.050000 64.480000 3.000000
      vertex 99.050000 64.870000 3.000000
      vertex 101.050000 64.870000 3.000000
    endloop
  endfacet
  facet normal 0.000000 0.000000 1.000000
    outer loop
      vertex 99.050000 64.480000 3.000000
      vertex 101.050000 64.870000 3.000000
      vertex 101.050000 64.480000 3.000000
    endloop
  endfacet
  facet normal 0.000000 0.000000 -1.000000
    outer loop
      vertex 99.050000 64.870000 0.000000
      vertex 101.050000 64.870000 0.000000
      vertex 101.050000 66.880000 0.000000
    endloop
  endfacet
  facet normal 0.000000 0.000000 -1.000000
    outer loop
      vertex 99.050000 64.870000 0.000000
      vertex 101.050000 66.880000 0.000000
      vertex 99.050000 66.880000 0.000000
    endloop
  endfacet
  facet normal 0.000000 0.000000 1.000000
    outer loop
      vertex 99.050000 64.870000 3.000000
      vertex 99.050000 66.880000 3.000000
      vertex 101.050000 66.880000 3.000000
    endloop
  endfacet
  facet normal 0.000000 0.000000 1.000000
    outer loop
      vertex 99.050000 64.870000 3.000000
      vertex 101.050000 66.880000 3.000000
      vertex 101.050000 64.870000 3.000000
    endloop
  endfacet
  facet normal 0.000000 1.000000 0.000000
    outer loop
      vertex 99.050000 72.480000 0.000000
      vertex 101.050000 72.480000 0.000000
      vertex 101.050000 72.480000 3.000000
    endloop
  endfacet
  facet normal 0.000000 1.000000 0.000000
    outer loop
      vertex 99.050000 72.480000 0.000000
      vertex 101.050000 72.480000 3.000000
      vertex 99.050000 72.480000 3.000000
    endloop
  endfacet
  facet normal 0.000000 0.000000 -1.000000
    outer loop
      vertex 99.050000 66.880000 0.000000
      vertex 101.050000 66.880000 0.000000
      vertex 101.050000 72.480000 0.000000
    endloop
  endfacet
  facet normal 0.000000 0.000000 -1.000000
    outer loop
      vertex 99.050000 66.880000 0.000000
      vertex 101.050000 72.480000 0.000000
      vertex 99.050000 72.480000 0.000000
    endloop
  endfacet
  facet normal 0.000000 0.000000 1.000000
    outer loop
      vertex 99.050000 66.880000 3.000000
      vertex 99.050000 72.480000 3.000000
      vertex 101.050000 72.480000 3.000000
    endloop
  endfacet
  facet normal 0.000000 0.000000 1.000000
    outer loop
      vertex 99.050000 66.880000 3.000000
      vertex 101.050000 72.480000 3.000000
      vertex 101.050000 66.880000 3.000000
    endloop
  endfacet
  facet normal 0.000000 -1.000000 0.000000
    outer loop
      vertex 101.050000 0.000000 0.000000
      vertex 101.050000 0.000000 3.000000
      vertex 106.050000 0.000000 3.000000
    endloop
  endfacet
  facet normal 0.000000 -1.000000 0.000000
    outer loop
      vertex 101.050000 0.000000 0.000000
      vertex 106.050000 0.000000 3.000000
      vertex 106.050000 0.000000 0.000000
    endloop
  endfacet
  facet normal 0.000000 0.000000 -1.000000
    outer loop
      vertex 101.050000 0.000000 0.000000
      vertex 106.050000 0.000000 0.000000
      vertex 106.050000 5.600000 0.000000
    endloop
  endfacet
  facet normal 0.000000 0.000000 -1.000000
    outer loop
      vertex 101.050000 0.000000 0.000000
      vertex 106.050000 5.600000 0.000000
      vertex 101.050000 5.600000 0.000000
    endloop
  endfacet
  facet normal 0.000000 0.000000 1.000000
    outer loop
      vertex 101.050000 0.000000 3.000000
      vertex 101.050000 5.600000 3.000000
      vertex 106.050000 5.600000 3.000000
    endloop
  endfacet
  facet normal 0.000000 0.000000 1.000000
    outer loop
      vertex 101.050000 0.000000 3.000000
      vertex 106.050000 5.600000 3.000000
      vertex 106.050000 0.000000 3.000000
    endloop
  endfacet
  facet normal 0.000000 0.000000 -1.000000
    outer loop
      vertex 101.050000 5.600000 0.000000
      vertex 106.050000 5.600000 0.000000
      vertex 106.050000 8.000000 0.000000
    endloop
  endfacet
  facet normal 0.000000 0.000000 -1.000000
    outer loop
      vertex 101.050000 5.600000 0.000000
      vertex 106.050000 8.000000 0.000000
      vertex 101.050000 8.000000 0.000000
    endloop
  endfacet
  facet normal 0.000000 0.000000 1.000000
    outer loop
      vertex 101.050000 5.600000 3.000000
      vertex 101.050000 8.000000 3.000000
      vertex 106.050000 8.000000 3.000000
    endloop
  endfacet
  facet normal 0.000000 0.000000 1.000000
    outer loop
      vertex 101.050000 5.600000 3.000000
      vertex 106.050000 8.000000 3.000000
      vertex 106.050000 5.600000 3.000000
    endloop
  endfacet
  facet normal 0.000000 0.000000 -1.000000
    outer loop
      vertex 101.050000 8.000000 0.000000
      vertex 106.050000 8.000000 0.000000
      vertex 106.050000 19.000000 0.000000
    endloop
  endfacet
  facet normal 0.000000 0.000000 -1.000000
    outer loop
      vertex 101.050000 8.000000 0.000000
      vertex 106.050000 19.000000 0.000000
      vertex 101.050000 19.000000 0.000000
    endloop
  endfacet
  facet normal 0.000000 0.000000 1.000000
    outer loop
      vertex 101.050000 8.000000 3.000000
      vertex 101.050000 19.000000 3.000000
      vertex 106.050000 19.000000 3.000000
    endloop
  endfacet
  facet normal 0.000000 0.000000 1.000000
    outer loop
      vertex 101.050000 8.000000 3.000000
      vertex 106.050000 19.000000 3.000000
      vertex 106.050000 8.000000 3.000000
    endloop
  endfacet
  facet normal 0.000000 0.000000 -1.000000
    outer loop
      vertex 101.050000 19.000000 0.000000
      vertex 106.050000 19.000000 0.000000
      vertex 106.050000 22.850000 0.000000
    endloop
  endfacet
  facet normal 0.000000 0.000000 -1.000000
    outer loop
      vertex 101.050000 19.000000 0.000000
      vertex 106.050000 22.850000 0.000000
      vertex 101.050000 22.850000 0.000000
    endloop
  endfacet
  facet normal 0.000000 0.000000 1.000000
    outer loop
      vertex 101.050000 19.000000 3.000000
      vertex 101.050000 22.850000 3.000000
      vertex 106.050000 22.850000 3.000000
    endloop
  endfacet
  facet normal 0.000000 0.000000 1.000000
    outer loop
      vertex 101.050000 19.000000 3.000000
      vertex 106.050000 22.850000 3.000000
      vertex 106.050000 19.000000 3.000000
    endloop
  endfacet
  facet normal 0.000000 0.000000 -1.000000
    outer loop
      vertex 101.050000 22.850000 0.000000
      vertex 106.050000 22.850000 0.000000
      vertex 106.050000 24.850000 0.000000
    endloop
  endfacet
  facet normal 0.000000 0.000000 -1.000000
    outer loop
      vertex 101.050000 22.850000 0.000000
      vertex 106.050000 24.850000 0.000000
      vertex 101.050000 24.850000 0.000000
    endloop
  endfacet
  facet normal 0.000000 0.000000 1.000000
    outer loop
      vertex 101.050000 22.850000 3.000000
      vertex 101.050000 24.850000 3.000000
      vertex 106.050000 24.850000 3.000000
    endloop
  endfacet
  facet normal 0.000000 0.000000 1.000000
    outer loop
      vertex 101.050000 22.850000 3.000000
      vertex 106.050000 24.850000 3.000000
      vertex 106.050000 22.850000 3.000000
    endloop
  endfacet
  facet normal 0.000000 0.000000 -1.000000
    outer loop
      vertex 101.050000 24.850000 0.000000
      vertex 106.050000 24.850000 0.000000
      vertex 106.050000 27.930000 0.000000
    endloop
  endfacet
  facet normal 0.000000 0.000000 -1.000000
    outer loop
      vertex 101.050000 24.850000 0.000000
      vertex 106.050000 27.930000 0.000000
      vertex 101.050000 27.930000 0.000000
    endloop
  endfacet
  facet normal 0.000000 0.000000 1.000000
    outer loop
      vertex 101.050000 24.850000 3.000000
      vertex 101.050000 27.930000 3.000000
      vertex 106.050000 27.930000 3.000000
    endloop
  endfacet
  facet normal 0.000000 0.000000 1.000000
    outer loop
      vertex 101.050000 24.850000 3.000000
      vertex 106.050000 27.930000 3.000000
      vertex 106.050000 24.850000 3.000000
    endloop
  endfacet
  facet normal 0.000000 0.000000 -1.000000
    outer loop
      vertex 101.050000 27.930000 0.000000
      vertex 106.050000 27.930000 0.000000
      vertex 106.050000 29.850000 0.000000
    endloop
  endfacet
  facet normal 0.000000 0.000000 -1.000000
    outer loop
      vertex 101.050000 27.930000 0.000000
      vertex 106.050000 29.850000 0.000000
      vertex 101.050000 29.850000 0.000000
    endloop
  endfacet
  facet normal 0.000000 -1.000000 0.000000
    outer loop
      vertex 101.050000 27.930000 3.000000
      vertex 101.050000 27.930000 7.000000
      vertex 106.050000 27.930000 7.000000
    endloop
  endfacet
  facet normal 0.000000 -1.000000 0.000000
    outer loop
      vertex 101.050000 27.930000 3.000000
      vertex 106.050000 27.930000 7.000000
      vertex 106.050000 27.930000 3.000000
    endloop
  endfacet
  facet normal 0.000000 0.000000 1.000000
    outer loop
      vertex 101.050000 27.930000 7.000000
      vertex 101.050000 29.850000 7.000000
      vertex 106.050000 29.850000 7.000000
    endloop
  endfacet
  facet normal 0.000000 0.000000 1.000000
    outer loop
      vertex 101.050000 27.930000 7.000000
      vertex 106.050000 29.850000 7.000000
      vertex 106.050000 27.930000 7.000000
    endloop
  endfacet
  facet normal 0.000000 1.000000 0.000000
    outer loop
      vertex 101.050000 29.930000 0.000000
      vertex 106.050000 29.930000 0.000000
      vertex 106.050000 29.930000 3.000000
    endloop
  endfacet
  facet normal 0.000000 1.000000 0.000000
    outer loop
      vertex 101.050000 29.930000 0.000000
      vertex 106.050000 29.930000 3.000000
      vertex 101.050000 29.930000 3.000000
    endloop
  endfacet
  facet normal 0.000000 0.000000 -1.000000
    outer loop
      vertex 101.050000 29.850000 0.000000
      vertex 106.050000 29.850000 0.000000
      vertex 106.050000 29.930000 0.000000
    endloop
  endfacet
  facet normal 0.000000 0.000000 -1.000000
    outer loop
      vertex 101.050000 29.850000 0.000000
      vertex 106.050000 29.930000 0.000000
      vertex 101.050000 29.930000 0.000000
    endloop
  endfacet
  facet normal 0.000000 1.000000 0.000000
    outer loop
      vertex 101.050000 29.930000 3.000000
      vertex 106.050000 29.930000 3.000000
      vertex 106.050000 29.930000 7.000000
    endloop
  endfacet
  facet normal 0.000000 1.000000 0.000000
    outer loop
      vertex 101.050000 29.930000 3.000000
      vertex 106.050000 29.930000 7.000000
      vertex 101.050000 29.930000 7.000000
    endloop
  endfacet
  facet normal 0.000000 0.000000 1.000000
    outer loop
      vertex 101.050000 29.850000 7.000000
      vertex 101.050000 29.930000 7.000000
      vertex 106.050000 29.930000 7.000000
    endloop
  endfacet
  facet normal 0.000000 0.000000 1.000000
    outer loop
      vertex 101.050000 29.850000 7.000000
      vertex 106.050000 29.930000 7.000000
      vertex 106.050000 29.850000 7.000000
    endloop
  endfacet
  facet normal 0.000000 -1.000000 0.000000
    outer loop
      vertex 101.050000 34.930000 0.000000
      vertex 101.050000 34.930000 3.000000
      vertex 106.050000 34.930000 3.000000
    endloop
  endfacet
  facet normal 0.000000 -1.000000 0.000000
    outer loop
      vertex 101.050000 34.930000 0.000000
      vertex 106.050000 34.930000 3.000000
      vertex 106.050000 34.930000 0.000000
    endloop
  endfacet
  facet normal 0.000000 0.000000 -1.000000
    outer loop
      vertex 101.050000 34.930000 0.000000
      vertex 106.050000 34.930000 0.000000
      vertex 106.050000 36.930000 0.000000
    endloop
  endfacet
  facet normal 0.000000 0.000000 -1.000000
    outer loop
      vertex 101.050000 34.930000 0.000000
      vertex 106.050000 36.930000 0.000000
      vertex 101.050000 36.930000 0.000000
    endloop
  endfacet
  facet normal 0.000000 -1.000000 0.000000
    outer loop
      vertex 101.050000 34.930000 3.000000
      vertex 101.050000 34.930000 7.000000
      vertex 106.050000 34.930000 7.000000
    endloop
  endfacet
  facet normal 0.000000 -1.000000 0.000000
    outer loop
      vertex 101.050000 34.930000 3.000000
      vertex 106.050000 34.930000 7.000000
      vertex 106.050000 34.930000 3.000000
    endloop
  endfacet
  facet normal 0.000000 1.000000 0.000000
    outer loop
      vertex 101.050000 36.930000 3.000000
      vertex 106.050000 36.930000 3.000000
      vertex 106.050000 36.930000 7.000000
    endloop
  endfacet
  facet normal 0.000000 1.000000 0.000000
    outer loop
      vertex 101.050000 36.930000 3.000000
      vertex 106.050000 36.930000 7.000000
      vertex 101.050000 36.930000 7.000000
    endloop
  endfacet
  facet normal 0.000000 0.000000 1.000000
    outer loop
      vertex 101.050000 34.930000 7.000000
      vertex 101.050000 36.930000 7.000000
      vertex 106.050000 36.930000 7.000000
    endloop
  endfacet
  facet normal 0.000000 0.000000 1.000000
    outer loop
      vertex 101.050000 34.930000 7.000000
      vertex 106.050000 36.930000 7.000000
      vertex 106.050000 34.930000 7.000000
    endloop
  endfacet
  facet normal 0.000000 0.000000 -1.000000
    outer loop
      vertex 101.050000 36.930000 0.000000
      vertex 106.050000 36.930000 0.000000
      vertex 106.050000 53.480000 0.000000
    endloop
  endfacet
  facet normal 0.000000 0.000000 -1.000000
    outer loop
      vertex 101.050000 36.930000 0.000000
      vertex 106.050000 53.480000 0.000000
      vertex 101.050000 53.480000 0.000000
    endloop
  endfacet
  facet normal 0.000000 0.000000 1.000000
    outer loop
      vertex 101.050000 36.930000 3.000000
      vertex 101.050000 53.480000 3.000000
      vertex 106.050000 53.480000 3.000000
    endloop
  endfacet
  facet normal 0.000000 0.000000 1.000000
    outer loop
      vertex 101.050000 36.930000 3.000000
      vertex 106.050000 53.480000 3.000000
      vertex 106.050000 36.930000 3.000000
    endloop
  endfacet
  facet normal 0.000000 0.000000 -1.000000
    outer loop
      vertex 101.050000 53.480000 0.000000
      vertex 106.050000 53.480000 0.000000
      vertex 106.050000 55.870000 0.000000
    endloop
  endfacet
  facet normal 0.000000 0.000000 -1.000000
    outer loop
      vertex 101.050000 53.480000 0.000000
      vertex 106.050000 55.870000 0.000000
      vertex 101.050000 55.870000 0.000000
    endloop
  endfacet
  facet normal 0.000000 0.000000 1.000000
    outer loop
      vertex 101.050000 53.480000 3.000000
      vertex 101.050000 55.870000 3.000000
      vertex 106.050000 55.870000 3.000000
    endloop
  endfacet
  facet normal 0.000000 0.000000 1.000000
    outer loop
      vertex 101.050000 53.480000 3.000000
      vertex 106.050000 55.870000 3.000000
      vertex 106.050000 53.480000 3.000000
    endloop
  endfacet
  facet normal 0.000000 0.000000 -1.000000
    outer loop
      vertex 101.050000 55.870000 0.000000
      vertex 106.050000 55.870000 0.000000
      vertex 106.050000 57.870000 0.000000
    endloop
  endfacet
  facet normal 0.000000 0.000000 -1.000000
    outer loop
      vertex 101.050000 55.870000 0.000000
      vertex 106.050000 57.870000 0.000000
      vertex 101.050000 57.870000 0.000000
    endloop
  endfacet
  facet normal 0.000000 0.000000 1.000000
    outer loop
      vertex 101.050000 55.870000 3.000000
      vertex 101.050000 57.870000 3.000000
      vertex 106.050000 57.870000 3.000000
    endloop
  endfacet
  facet normal 0.000000 0.000000 1.000000
    outer loop
      vertex 101.050000 55.870000 3.000000
      vertex 106.050000 57.870000 3.000000
      vertex 106.050000 55.870000 3.000000
    endloop
  endfacet
  facet normal 0.000000 0.000000 -1.000000
    outer loop
      vertex 101.050000 57.870000 0.000000
      vertex 106.050000 57.870000 0.000000
      vertex 106.050000 62.870000 0.000000
    endloop
  endfacet
  facet normal 0.000000 0.000000 -1.000000
    outer loop
      vertex 101.050000 57.870000 0.000000
      vertex 106.050000 62.870000 0.000000
      vertex 101.050000 62.870000 0.000000
    endloop
  endfacet
  facet normal 0.000000 0.000000 1.000000
    outer loop
      vertex 101.050000 57.870000 3.000000
      vertex 101.050000 62.870000 3.000000
      vertex 106.050000 62.870000 3.000000
    endloop
  endfacet
  facet normal 0.000000 0.000000 1.000000
    outer loop
      vertex 101.050000 57.870000 3.000000
      vertex 106.050000 62.870000 3.000000
      vertex 106.050000 57.870000 3.000000
    endloop
  endfacet
  facet normal 0.000000 0.000000 -1.000000
    outer loop
      vertex 101.050000 62.870000 0.000000
      vertex 106.050000 62.870000 0.000000
      vertex 106.050000 64.480000 0.000000
    endloop
  endfacet
  facet normal 0.000000 0.000000 -1.000000
    outer loop
      vertex 101.050000 62.870000 0.000000
      vertex 106.050000 64.480000 0.000000
      vertex 101.050000 64.480000 0.000000
    endloop
  endfacet
  facet normal 0.000000 0.000000 1.000000
    outer loop
      vertex 101.050000 62.870000 3.000000
      vertex 101.050000 64.480000 3.000000
      vertex 106.050000 64.480000 3.000000
    endloop
  endfacet
  facet normal 0.000000 0.000000 1.000000
    outer loop
      vertex 101.050000 62.870000 3.000000
      vertex 106.050000 64.480000 3.000000
      vertex 106.050000 62.870000 3.000000
    endloop
  endfacet
  facet normal 0.000000 0.000000 -1.000000
    outer loop
      vertex 101.050000 64.480000 0.000000
      vertex 106.050000 64.480000 0.000000
      vertex 106.050000 64.870000 0.000000
    endloop
  endfacet
  facet normal 0.000000 0.000000 -1.000000
    outer loop
      vertex 101.050000 64.480000 0.000000
      vertex 106.050000 64.870000 0.000000
      vertex 101.050000 64.870000 0.000000
    endloop
  endfacet
  facet normal 0.000000 0.000000 1.000000
    outer loop
      vertex 101.050000 64.480000 3.000000
      vertex 101.050000 64.870000 3.000000
      vertex 106.050000 64.870000 3.000000
    endloop
  endfacet
  facet normal 0.000000 0.000000 1.000000
    outer loop
      vertex 101.050000 64.480000 3.000000
      vertex 106.050000 64.870000 3.000000
      vertex 106.050000 64.480000 3.000000
    endloop
  endfacet
  facet normal 0.000000 0.000000 -1.000000
    outer loop
      vertex 101.050000 64.870000 0.000000
      vertex 106.050000 64.870000 0.000000
      vertex 106.050000 66.880000 0.000000
    endloop
  endfacet
  facet normal 0.000000 0.000000 -1.000000
    outer loop
      vertex 101.050000 64.870000 0.000000
      vertex 106.050000 66.880000 0.000000
      vertex 101.050000 66.880000 0.000000
    endloop
  endfacet
  facet normal 0.000000 0.000000 1.000000
    outer loop
      vertex 101.050000 64.870000 3.000000
      vertex 101.050000 66.880000 3.000000
      vertex 106.050000 66.880000 3.000000
    endloop
  endfacet
  facet normal 0.000000 0.000000 1.000000
    outer loop
      vertex 101.050000 64.870000 3.000000
      vertex 106.050000 66.880000 3.000000
      vertex 106.050000 64.870000 3.000000
    endloop
  endfacet
  facet normal 0.000000 1.000000 0.000000
    outer loop
      vertex 101.050000 72.480000 0.000000
      vertex 106.050000 72.480000 0.000000
      vertex 106.050000 72.480000 3.000000
    endloop
  endfacet
  facet normal 0.000000 1.000000 0.000000
    outer loop
      vertex 101.050000 72.480000 0.000000
      vertex 106.050000 72.480000 3.000000
      vertex 101.050000 72.480000 3.000000
    endloop
  endfacet
  facet normal 0.000000 0.000000 -1.000000
    outer loop
      vertex 101.050000 66.880000 0.000000
      vertex 106.050000 66.880000 0.000000
      vertex 106.050000 72.480000 0.000000
    endloop
  endfacet
  facet normal 0.000000 0.000000 -1.000000
    outer loop
      vertex 101.050000 66.880000 0.000000
      vertex 106.050000 72.480000 0.000000
      vertex 101.050000 72.480000 0.000000
    endloop
  endfacet
  facet normal 0.000000 0.000000 1.000000
    outer loop
      vertex 101.050000 66.880000 3.000000
      vertex 101.050000 72.480000 3.000000
      vertex 106.050000 72.480000 3.000000
    endloop
  endfacet
  facet normal 0.000000 0.000000 1.000000
    outer loop
      vertex 101.050000 66.880000 3.000000
      vertex 106.050000 72.480000 3.000000
      vertex 106.050000 66.880000 3.000000
    endloop
  endfacet
  facet normal 0.000000 -1.000000 0.000000
    outer loop
      vertex 106.050000 0.000000 0.000000
      vertex 106.050000 0.000000 3.000000
      vertex 108.050000 0.000000 3.000000
    endloop
  endfacet
  facet normal 0.000000 -1.000000 0.000000
    outer loop
      vertex 106.050000 0.000000 0.000000
      vertex 108.050000 0.000000 3.000000
      vertex 108.050000 0.000000 0.000000
    endloop
  endfacet
  facet normal 0.000000 0.000000 -1.000000
    outer loop
      vertex 106.050000 0.000000 0.000000
      vertex 108.050000 0.000000 0.000000
      vertex 108.050000 5.600000 0.000000
    endloop
  endfacet
  facet normal 0.000000 0.000000 -1.000000
    outer loop
      vertex 106.050000 0.000000 0.000000
      vertex 108.050000 5.600000 0.000000
      vertex 106.050000 5.600000 0.000000
    endloop
  endfacet
  facet normal 0.000000 0.000000 1.000000
    outer loop
      vertex 106.050000 0.000000 3.000000
      vertex 106.050000 5.600000 3.000000
      vertex 108.050000 5.600000 3.000000
    endloop
  endfacet
  facet normal 0.000000 0.000000 1.000000
    outer loop
      vertex 106.050000 0.000000 3.000000
      vertex 108.050000 5.600000 3.000000
      vertex 108.050000 0.000000 3.000000
    endloop
  endfacet
  facet normal 0.000000 0.000000 -1.000000
    outer loop
      vertex 106.050000 5.600000 0.000000
      vertex 108.050000 5.600000 0.000000
      vertex 108.050000 8.000000 0.000000
    endloop
  endfacet
  facet normal 0.000000 0.000000 -1.000000
    outer loop
      vertex 106.050000 5.600000 0.000000
      vertex 108.050000 8.000000 0.000000
      vertex 106.050000 8.000000 0.000000
    endloop
  endfacet
  facet normal 0.000000 0.000000 1.000000
    outer loop
      vertex 106.050000 5.600000 3.000000
      vertex 106.050000 8.000000 3.000000
      vertex 108.050000 8.000000 3.000000
    endloop
  endfacet
  facet normal 0.000000 0.000000 1.000000
    outer loop
      vertex 106.050000 5.600000 3.000000
      vertex 108.050000 8.000000 3.000000
      vertex 108.050000 5.600000 3.000000
    endloop
  endfacet
  facet normal 0.000000 0.000000 -1.000000
    outer loop
      vertex 106.050000 8.000000 0.000000
      vertex 108.050000 8.000000 0.000000
      vertex 108.050000 19.000000 0.000000
    endloop
  endfacet
  facet normal 0.000000 0.000000 -1.000000
    outer loop
      vertex 106.050000 8.000000 0.000000
      vertex 108.050000 19.000000 0.000000
      vertex 106.050000 19.000000 0.000000
    endloop
  endfacet
  facet normal 0.000000 0.000000 1.000000
    outer loop
      vertex 106.050000 8.000000 3.000000
      vertex 106.050000 19.000000 3.000000
      vertex 108.050000 19.000000 3.000000
    endloop
  endfacet
  facet normal 0.000000 0.000000 1.000000
    outer loop
      vertex 106.050000 8.000000 3.000000
      vertex 108.050000 19.000000 3.000000
      vertex 108.050000 8.000000 3.000000
    endloop
  endfacet
  facet normal 0.000000 0.000000 -1.000000
    outer loop
      vertex 106.050000 19.000000 0.000000
      vertex 108.050000 19.000000 0.000000
      vertex 108.050000 22.850000 0.000000
    endloop
  endfacet
  facet normal 0.000000 0.000000 -1.000000
    outer loop
      vertex 106.050000 19.000000 0.000000
      vertex 108.050000 22.850000 0.000000
      vertex 106.050000 22.850000 0.000000
    endloop
  endfacet
  facet normal 0.000000 0.000000 1.000000
    outer loop
      vertex 106.050000 19.000000 3.000000
      vertex 106.050000 22.850000 3.000000
      vertex 108.050000 22.850000 3.000000
    endloop
  endfacet
  facet normal 0.000000 0.000000 1.000000
    outer loop
      vertex 106.050000 19.000000 3.000000
      vertex 108.050000 22.850000 3.000000
      vertex 108.050000 19.000000 3.000000
    endloop
  endfacet
  facet normal 0.000000 0.000000 -1.000000
    outer loop
      vertex 106.050000 22.850000 0.000000
      vertex 108.050000 22.850000 0.000000
      vertex 108.050000 24.850000 0.000000
    endloop
  endfacet
  facet normal 0.000000 0.000000 -1.000000
    outer loop
      vertex 106.050000 22.850000 0.000000
      vertex 108.050000 24.850000 0.000000
      vertex 106.050000 24.850000 0.000000
    endloop
  endfacet
  facet normal 0.000000 0.000000 1.000000
    outer loop
      vertex 106.050000 22.850000 3.000000
      vertex 106.050000 24.850000 3.000000
      vertex 108.050000 24.850000 3.000000
    endloop
  endfacet
  facet normal 0.000000 0.000000 1.000000
    outer loop
      vertex 106.050000 22.850000 3.000000
      vertex 108.050000 24.850000 3.000000
      vertex 108.050000 22.850000 3.000000
    endloop
  endfacet
  facet normal 0.000000 0.000000 -1.000000
    outer loop
      vertex 106.050000 24.850000 0.000000
      vertex 108.050000 24.850000 0.000000
      vertex 108.050000 27.930000 0.000000
    endloop
  endfacet
  facet normal 0.000000 0.000000 -1.000000
    outer loop
      vertex 106.050000 24.850000 0.000000
      vertex 108.050000 27.930000 0.000000
      vertex 106.050000 27.930000 0.000000
    endloop
  endfacet
  facet normal 0.000000 0.000000 1.000000
    outer loop
      vertex 106.050000 24.850000 3.000000
      vertex 106.050000 27.930000 3.000000
      vertex 108.050000 27.930000 3.000000
    endloop
  endfacet
  facet normal 0.000000 0.000000 1.000000
    outer loop
      vertex 106.050000 24.850000 3.000000
      vertex 108.050000 27.930000 3.000000
      vertex 108.050000 24.850000 3.000000
    endloop
  endfacet
  facet normal 0.000000 0.000000 -1.000000
    outer loop
      vertex 106.050000 27.930000 0.000000
      vertex 108.050000 27.930000 0.000000
      vertex 108.050000 29.850000 0.000000
    endloop
  endfacet
  facet normal 0.000000 0.000000 -1.000000
    outer loop
      vertex 106.050000 27.930000 0.000000
      vertex 108.050000 29.850000 0.000000
      vertex 106.050000 29.850000 0.000000
    endloop
  endfacet
  facet normal 1.000000 0.000000 0.000000
    outer loop
      vertex 108.050000 27.930000 3.000000
      vertex 108.050000 27.930000 7.000000
      vertex 108.050000 29.850000 7.000000
    endloop
  endfacet
  facet normal 1.000000 0.000000 0.000000
    outer loop
      vertex 108.050000 27.930000 3.000000
      vertex 108.050000 29.850000 7.000000
      vertex 108.050000 29.850000 3.000000
    endloop
  endfacet
  facet normal 0.000000 -1.000000 0.000000
    outer loop
      vertex 106.050000 27.930000 3.000000
      vertex 106.050000 27.930000 7.000000
      vertex 108.050000 27.930000 7.000000
    endloop
  endfacet
  facet normal 0.000000 -1.000000 0.000000
    outer loop
      vertex 106.050000 27.930000 3.000000
      vertex 108.050000 27.930000 7.000000
      vertex 108.050000 27.930000 3.000000
    endloop
  endfacet
  facet normal 0.000000 0.000000 1.000000
    outer loop
      vertex 106.050000 27.930000 7.000000
      vertex 106.050000 29.850000 7.000000
      vertex 108.050000 29.850000 7.000000
    endloop
  endfacet
  facet normal 0.000000 0.000000 1.000000
    outer loop
      vertex 106.050000 27.930000 7.000000
      vertex 108.050000 29.850000 7.000000
      vertex 108.050000 27.930000 7.000000
    endloop
  endfacet
  facet normal 0.000000 0.000000 -1.000000
    outer loop
      vertex 106.050000 29.850000 0.000000
      vertex 108.050000 29.850000 0.000000
      vertex 108.050000 29.930000 0.000000
    endloop
  endfacet
  facet normal 0.000000 0.000000 -1.000000
    outer loop
      vertex 106.050000 29.850000 0.000000
      vertex 108.050000 29.930000 0.000000
      vertex 106.050000 29.930000 0.000000
    endloop
  endfacet
  facet normal 1.000000 0.000000 0.000000
    outer loop
      vertex 108.050000 29.850000 3.000000
      vertex 108.050000 29.850000 7.000000
      vertex 108.050000 29.930000 7.000000
    endloop
  endfacet
  facet normal 1.000000 0.000000 0.000000
    outer loop
      vertex 108.050000 29.850000 3.000000
      vertex 108.050000 29.930000 7.000000
      vertex 108.050000 29.930000 3.000000
    endloop
  endfacet
  facet normal 0.000000 0.000000 1.000000
    outer loop
      vertex 106.050000 29.850000 7.000000
      vertex 106.050000 29.930000 7.000000
      vertex 108.050000 29.930000 7.000000
    endloop
  endfacet
  facet normal 0.000000 0.000000 1.000000
    outer loop
      vertex 106.050000 29.850000 7.000000
      vertex 108.050000 29.930000 7.000000
      vertex 108.050000 29.850000 7.000000
    endloop
  endfacet
  facet normal -1.000000 0.000000 0.000000
    outer loop
      vertex 106.050000 29.930000 0.000000
      vertex 106.050000 31.850000 0.000000
      vertex 106.050000 31.850000 3.000000
    endloop
  endfacet
  facet normal -1.000000 0.000000 0.000000
    outer loop
      vertex 106.050000 29.930000 0.000000
      vertex 106.050000 31.850000 3.000000
      vertex 106.050000 29.930000 3.000000
    endloop
  endfacet
  facet normal 0.000000 0.000000 -1.000000
    outer loop
      vertex 106.050000 29.930000 0.000000
      vertex 108.050000 29.930000 0.000000
      vertex 108.050000 31.850000 0.000000
    endloop
  endfacet
  facet normal 0.000000 0.000000 -1.000000
    outer loop
      vertex 106.050000 29.930000 0.000000
      vertex 108.050000 31.850000 0.000000
      vertex 106.050000 31.850000 0.000000
    endloop
  endfacet
  facet normal -1.000000 0.000000 0.000000
    outer loop
      vertex 106.050000 29.930000 3.000000
      vertex 106.050000 31.850000 3.000000
      vertex 106.050000 31.850000 7.000000
    endloop
  endfacet
  facet normal -1.000000 0.000000 0.000000
    outer loop
      vertex 106.050000 29.930000 3.000000
      vertex 106.050000 31.850000 7.000000
      vertex 106.050000 29.930000 7.000000
    endloop
  endfacet
  facet normal 1.000000 0.000000 0.000000
    outer loop
      vertex 108.050000 29.930000 3.000000
      vertex 108.050000 29.930000 7.000000
      vertex 108.050000 31.850000 7.000000
    endloop
  endfacet
  facet normal 1.000000 0.000000 0.000000
    outer loop
      vertex 108.050000 29.930000 3.000000
      vertex 108.050000 31.850000 7.000000
      vertex 108.050000 31.850000 3.000000
    endloop
  endfacet
  facet normal 0.000000 0.000000 1.000000
    outer loop
      vertex 106.050000 29.930000 7.000000
      vertex 106.050000 31.850000 7.000000
      vertex 108.050000 31.850000 7.000000
    endloop
  endfacet
  facet normal 0.000000 0.000000 1.000000
    outer loop
      vertex 106.050000 29.930000 7.000000
      vertex 108.050000 31.850000 7.000000
      vertex 108.050000 29.930000 7.000000
    endloop
  endfacet
  facet normal -1.000000 0.000000 0.000000
    outer loop
      vertex 106.050000 31.850000 0.000000
      vertex 106.050000 34.930000 0.000000
      vertex 106.050000 34.930000 3.000000
    endloop
  endfacet
  facet normal -1.000000 0.000000 0.000000
    outer loop
      vertex 106.050000 31.850000 0.000000
      vertex 106.050000 34.930000 3.000000
      vertex 106.050000 31.850000 3.000000
    endloop
  endfacet
  facet normal 0.000000 0.000000 -1.000000
    outer loop
      vertex 106.050000 31.850000 0.000000
      vertex 108.050000 31.850000 0.000000
      vertex 108.050000 34.930000 0.000000
    endloop
  endfacet
  facet normal 0.000000 0.000000 -1.000000
    outer loop
      vertex 106.050000 31.850000 0.000000
      vertex 108.050000 34.930000 0.000000
      vertex 106.050000 34.930000 0.000000
    endloop
  endfacet
  facet normal -1.000000 0.000000 0.000000
    outer loop
      vertex 106.050000 31.850000 3.000000
      vertex 106.050000 34.930000 3.000000
      vertex 106.050000 34.930000 7.000000
    endloop
  endfacet
  facet normal -1.000000 0.000000 0.000000
    outer loop
      vertex 106.050000 31.850000 3.000000
      vertex 106.050000 34.930000 7.000000
      vertex 106.050000 31.850000 7.000000
    endloop
  endfacet
  facet normal 1.000000 0.000000 0.000000
    outer loop
      vertex 108.050000 31.850000 3.000000
      vertex 108.050000 31.850000 7.000000
      vertex 108.050000 34.930000 7.000000
    endloop
  endfacet
  facet normal 1.000000 0.000000 0.000000
    outer loop
      vertex 108.050000 31.850000 3.000000
      vertex 108.050000 34.930000 7.000000
      vertex 108.050000 34.930000 3.000000
    endloop
  endfacet
  facet normal 0.000000 0.000000 1.000000
    outer loop
      vertex 106.050000 31.850000 7.000000
      vertex 106.050000 34.930000 7.000000
      vertex 108.050000 34.930000 7.000000
    endloop
  endfacet
  facet normal 0.000000 0.000000 1.000000
    outer loop
      vertex 106.050000 31.850000 7.000000
      vertex 108.050000 34.930000 7.000000
      vertex 108.050000 31.850000 7.000000
    endloop
  endfacet
  facet normal 0.000000 0.000000 -1.000000
    outer loop
      vertex 106.050000 34.930000 0.000000
      vertex 108.050000 34.930000 0.000000
      vertex 108.050000 36.930000 0.000000
    endloop
  endfacet
  facet normal 0.000000 0.000000 -1.000000
    outer loop
      vertex 106.050000 34.930000 0.000000
      vertex 108.050000 36.930000 0.000000
      vertex 106.050000 36.930000 0.000000
    endloop
  endfacet
  facet normal 1.000000 0.000000 0.000000
    outer loop
      vertex 108.050000 34.930000 3.000000
      vertex 108.050000 34.930000 7.000000
      vertex 108.050000 36.930000 7.000000
    endloop
  endfacet
  facet normal 1.000000 0.000000 0.000000
    outer loop
      vertex 108.050000 34.930000 3.000000
      vertex 108.050000 36.930000 7.000000
      vertex 108.050000 36.930000 3.000000
    endloop
  endfacet
  facet normal 0.000000 1.000000 0.000000
    outer loop
      vertex 106.050000 36.930000 3.000000
      vertex 108.050000 36.930000 3.000000
      vertex 108.050000 36.930000 7.000000
    endloop
  endfacet
  facet normal 0.000000 1.000000 0.000000
    outer loop
      vertex 106.050000 36.930000 3.000000
      vertex 108.050000 36.930000 7.000000
      vertex 106.050000 36.930000 7.000000
    endloop
  endfacet
  facet normal 0.000000 0.000000 1.000000
    outer loop
      vertex 106.050000 34.930000 7.000000
      vertex 106.050000 36.930000 7.000000
      vertex 108.050000 36.930000 7.000000
    endloop
  endfacet
  facet normal 0.000000 0.000000 1.000000
    outer loop
      vertex 106.050000 34.930000 7.000000
      vertex 108.050000 36.930000 7.000000
      vertex 108.050000 34.930000 7.000000
    endloop
  endfacet
  facet normal 0.000000 0.000000 -1.000000
    outer loop
      vertex 106.050000 36.930000 0.000000
      vertex 108.050000 36.930000 0.000000
      vertex 108.050000 53.480000 0.000000
    endloop
  endfacet
  facet normal 0.000000 0.000000 -1.000000
    outer loop
      vertex 106.050000 36.930000 0.000000
      vertex 108.050000 53.480000 0.000000
      vertex 106.050000 53.480000 0.000000
    endloop
  endfacet
  facet normal 0.000000 0.000000 1.000000
    outer loop
      vertex 106.050000 36.930000 3.000000
      vertex 106.050000 53.480000 3.000000
      vertex 108.050000 53.480000 3.000000
    endloop
  endfacet
  facet normal 0.000000 0.000000 1.000000
    outer loop
      vertex 106.050000 36.930000 3.000000
      vertex 108.050000 53.480000 3.000000
      vertex 108.050000 36.930000 3.000000
    endloop
  endfacet
  facet normal 0.000000 0.000000 -1.000000
    outer loop
      vertex 106.050000 53.480000 0.000000
      vertex 108.050000 53.480000 0.000000
      vertex 108.050000 55.870000 0.000000
    endloop
  endfacet
  facet normal 0.000000 0.000000 -1.000000
    outer loop
      vertex 106.050000 53.480000 0.000000
      vertex 108.050000 55.870000 0.000000
      vertex 106.050000 55.870000 0.000000
    endloop
  endfacet
  facet normal 0.000000 0.000000 1.000000
    outer loop
      vertex 106.050000 53.480000 3.000000
      vertex 106.050000 55.870000 3.000000
      vertex 108.050000 55.870000 3.000000
    endloop
  endfacet
  facet normal 0.000000 0.000000 1.000000
    outer loop
      vertex 106.050000 53.480000 3.000000
      vertex 108.050000 55.870000 3.000000
      vertex 108.050000 53.480000 3.000000
    endloop
  endfacet
  facet normal 0.000000 0.000000 -1.000000
    outer loop
      vertex 106.050000 55.870000 0.000000
      vertex 108.050000 55.870000 0.000000
      vertex 108.050000 57.870000 0.000000
    endloop
  endfacet
  facet normal 0.000000 0.000000 -1.000000
    outer loop
      vertex 106.050000 55.870000 0.000000
      vertex 108.050000 57.870000 0.000000
      vertex 106.050000 57.870000 0.000000
    endloop
  endfacet
  facet normal 0.000000 0.000000 1.000000
    outer loop
      vertex 106.050000 55.870000 3.000000
      vertex 106.050000 57.870000 3.000000
      vertex 108.050000 57.870000 3.000000
    endloop
  endfacet
  facet normal 0.000000 0.000000 1.000000
    outer loop
      vertex 106.050000 55.870000 3.000000
      vertex 108.050000 57.870000 3.000000
      vertex 108.050000 55.870000 3.000000
    endloop
  endfacet
  facet normal 0.000000 0.000000 -1.000000
    outer loop
      vertex 106.050000 57.870000 0.000000
      vertex 108.050000 57.870000 0.000000
      vertex 108.050000 62.870000 0.000000
    endloop
  endfacet
  facet normal 0.000000 0.000000 -1.000000
    outer loop
      vertex 106.050000 57.870000 0.000000
      vertex 108.050000 62.870000 0.000000
      vertex 106.050000 62.870000 0.000000
    endloop
  endfacet
  facet normal 0.000000 0.000000 1.000000
    outer loop
      vertex 106.050000 57.870000 3.000000
      vertex 106.050000 62.870000 3.000000
      vertex 108.050000 62.870000 3.000000
    endloop
  endfacet
  facet normal 0.000000 0.000000 1.000000
    outer loop
      vertex 106.050000 57.870000 3.000000
      vertex 108.050000 62.870000 3.000000
      vertex 108.050000 57.870000 3.000000
    endloop
  endfacet
  facet normal 0.000000 0.000000 -1.000000
    outer loop
      vertex 106.050000 62.870000 0.000000
      vertex 108.050000 62.870000 0.000000
      vertex 108.050000 64.480000 0.000000
    endloop
  endfacet
  facet normal 0.000000 0.000000 -1.000000
    outer loop
      vertex 106.050000 62.870000 0.000000
      vertex 108.050000 64.480000 0.000000
      vertex 106.050000 64.480000 0.000000
    endloop
  endfacet
  facet normal 0.000000 0.000000 1.000000
    outer loop
      vertex 106.050000 62.870000 3.000000
      vertex 106.050000 64.480000 3.000000
      vertex 108.050000 64.480000 3.000000
    endloop
  endfacet
  facet normal 0.000000 0.000000 1.000000
    outer loop
      vertex 106.050000 62.870000 3.000000
      vertex 108.050000 64.480000 3.000000
      vertex 108.050000 62.870000 3.000000
    endloop
  endfacet
  facet normal 0.000000 0.000000 -1.000000
    outer loop
      vertex 106.050000 64.480000 0.000000
      vertex 108.050000 64.480000 0.000000
      vertex 108.050000 64.870000 0.000000
    endloop
  endfacet
  facet normal 0.000000 0.000000 -1.000000
    outer loop
      vertex 106.050000 64.480000 0.000000
      vertex 108.050000 64.870000 0.000000
      vertex 106.050000 64.870000 0.000000
    endloop
  endfacet
  facet normal 0.000000 0.000000 1.000000
    outer loop
      vertex 106.050000 64.480000 3.000000
      vertex 106.050000 64.870000 3.000000
      vertex 108.050000 64.870000 3.000000
    endloop
  endfacet
  facet normal 0.000000 0.000000 1.000000
    outer loop
      vertex 106.050000 64.480000 3.000000
      vertex 108.050000 64.870000 3.000000
      vertex 108.050000 64.480000 3.000000
    endloop
  endfacet
  facet normal 0.000000 0.000000 -1.000000
    outer loop
      vertex 106.050000 64.870000 0.000000
      vertex 108.050000 64.870000 0.000000
      vertex 108.050000 66.880000 0.000000
    endloop
  endfacet
  facet normal 0.000000 0.000000 -1.000000
    outer loop
      vertex 106.050000 64.870000 0.000000
      vertex 108.050000 66.880000 0.000000
      vertex 106.050000 66.880000 0.000000
    endloop
  endfacet
  facet normal 0.000000 0.000000 1.000000
    outer loop
      vertex 106.050000 64.870000 3.000000
      vertex 106.050000 66.880000 3.000000
      vertex 108.050000 66.880000 3.000000
    endloop
  endfacet
  facet normal 0.000000 0.000000 1.000000
    outer loop
      vertex 106.050000 64.870000 3.000000
      vertex 108.050000 66.880000 3.000000
      vertex 108.050000 64.870000 3.000000
    endloop
  endfacet
  facet normal 0.000000 1.000000 0.000000
    outer loop
      vertex 106.050000 72.480000 0.000000
      vertex 108.050000 72.480000 0.000000
      vertex 108.050000 72.480000 3.000000
    endloop
  endfacet
  facet normal 0.000000 1.000000 0.000000
    outer loop
      vertex 106.050000 72.480000 0.000000
      vertex 108.050000 72.480000 3.000000
      vertex 106.050000 72.480000 3.000000
    endloop
  endfacet
  facet normal 0.000000 0.000000 -1.000000
    outer loop
      vertex 106.050000 66.880000 0.000000
      vertex 108.050000 66.880000 0.000000
      vertex 108.050000 72.480000 0.000000
    endloop
  endfacet
  facet normal 0.000000 0.000000 -1.000000
    outer loop
      vertex 106.050000 66.880000 0.000000
      vertex 108.050000 72.480000 0.000000
      vertex 106.050000 72.480000 0.000000
    endloop
  endfacet
  facet normal 0.000000 0.000000 1.000000
    outer loop
      vertex 106.050000 66.880000 3.000000
      vertex 106.050000 72.480000 3.000000
      vertex 108.050000 72.480000 3.000000
    endloop
  endfacet
  facet normal 0.000000 0.000000 1.000000
    outer loop
      vertex 106.050000 66.880000 3.000000
      vertex 108.050000 72.480000 3.000000
      vertex 108.050000 66.880000 3.000000
    endloop
  endfacet
  facet normal 0.000000 -1.000000 0.000000
    outer loop
      vertex 108.050000 0.000000 0.000000
      vertex 108.050000 0.000000 3.000000
      vertex 122.060000 0.000000 3.000000
    endloop
  endfacet
  facet normal 0.000000 -1.000000 0.000000
    outer loop
      vertex 108.050000 0.000000 0.000000
      vertex 122.060000 0.000000 3.000000
      vertex 122.060000 0.000000 0.000000
    endloop
  endfacet
  facet normal 0.000000 0.000000 -1.000000
    outer loop
      vertex 108.050000 0.000000 0.000000
      vertex 122.060000 0.000000 0.000000
      vertex 122.060000 5.600000 0.000000
    endloop
  endfacet
  facet normal 0.000000 0.000000 -1.000000
    outer loop
      vertex 108.050000 0.000000 0.000000
      vertex 122.060000 5.600000 0.000000
      vertex 108.050000 5.600000 0.000000
    endloop
  endfacet
  facet normal 0.000000 0.000000 1.000000
    outer loop
      vertex 108.050000 0.000000 3.000000
      vertex 108.050000 5.600000 3.000000
      vertex 122.060000 5.600000 3.000000
    endloop
  endfacet
  facet normal 0.000000 0.000000 1.000000
    outer loop
      vertex 108.050000 0.000000 3.000000
      vertex 122.060000 5.600000 3.000000
      vertex 122.060000 0.000000 3.000000
    endloop
  endfacet
  facet normal 0.000000 0.000000 -1.000000
    outer loop
      vertex 108.050000 5.600000 0.000000
      vertex 122.060000 5.600000 0.000000
      vertex 122.060000 8.000000 0.000000
    endloop
  endfacet
  facet normal 0.000000 0.000000 -1.000000
    outer loop
      vertex 108.050000 5.600000 0.000000
      vertex 122.060000 8.000000 0.000000
      vertex 108.050000 8.000000 0.000000
    endloop
  endfacet
  facet normal 0.000000 0.000000 1.000000
    outer loop
      vertex 108.050000 5.600000 3.000000
      vertex 108.050000 8.000000 3.000000
      vertex 122.060000 8.000000 3.000000
    endloop
  endfacet
  facet normal 0.000000 0.000000 1.000000
    outer loop
      vertex 108.050000 5.600000 3.000000
      vertex 122.060000 8.000000 3.000000
      vertex 122.060000 5.600000 3.000000
    endloop
  endfacet
  facet normal 0.000000 0.000000 -1.000000
    outer loop
      vertex 108.050000 8.000000 0.000000
      vertex 122.060000 8.000000 0.000000
      vertex 122.060000 19.000000 0.000000
    endloop
  endfacet
  facet normal 0.000000 0.000000 -1.000000
    outer loop
      vertex 108.050000 8.000000 0.000000
      vertex 122.060000 19.000000 0.000000
      vertex 108.050000 19.000000 0.000000
    endloop
  endfacet
  facet normal 0.000000 0.000000 1.000000
    outer loop
      vertex 108.050000 8.000000 3.000000
      vertex 108.050000 19.000000 3.000000
      vertex 122.060000 19.000000 3.000000
    endloop
  endfacet
  facet normal 0.000000 0.000000 1.000000
    outer loop
      vertex 108.050000 8.000000 3.000000
      vertex 122.060000 19.000000 3.000000
      vertex 122.060000 8.000000 3.000000
    endloop
  endfacet
  facet normal 0.000000 0.000000 -1.000000
    outer loop
      vertex 108.050000 19.000000 0.000000
      vertex 122.060000 19.000000 0.000000
      vertex 122.060000 22.850000 0.000000
    endloop
  endfacet
  facet normal 0.000000 0.000000 -1.000000
    outer loop
      vertex 108.050000 19.000000 0.000000
      vertex 122.060000 22.850000 0.000000
      vertex 108.050000 22.850000 0.000000
    endloop
  endfacet
  facet normal 0.000000 0.000000 1.000000
    outer loop
      vertex 108.050000 19.000000 3.000000
      vertex 108.050000 22.850000 3.000000
      vertex 122.060000 22.850000 3.000000
    endloop
  endfacet
  facet normal 0.000000 0.000000 1.000000
    outer loop
      vertex 108.050000 19.000000 3.000000
      vertex 122.060000 22.850000 3.000000
      vertex 122.060000 19.000000 3.000000
    endloop
  endfacet
  facet normal 0.000000 0.000000 -1.000000
    outer loop
      vertex 108.050000 22.850000 0.000000
      vertex 122.060000 22.850000 0.000000
      vertex 122.060000 24.850000 0.000000
    endloop
  endfacet
  facet normal 0.000000 0.000000 -1.000000
    outer loop
      vertex 108.050000 22.850000 0.000000
      vertex 122.060000 24.850000 0.000000
      vertex 108.050000 24.850000 0.000000
    endloop
  endfacet
  facet normal 0.000000 0.000000 1.000000
    outer loop
      vertex 108.050000 22.850000 3.000000
      vertex 108.050000 24.850000 3.000000
      vertex 122.060000 24.850000 3.000000
    endloop
  endfacet
  facet normal 0.000000 0.000000 1.000000
    outer loop
      vertex 108.050000 22.850000 3.000000
      vertex 122.060000 24.850000 3.000000
      vertex 122.060000 22.850000 3.000000
    endloop
  endfacet
  facet normal 0.000000 0.000000 -1.000000
    outer loop
      vertex 108.050000 24.850000 0.000000
      vertex 122.060000 24.850000 0.000000
      vertex 122.060000 27.930000 0.000000
    endloop
  endfacet
  facet normal 0.000000 0.000000 -1.000000
    outer loop
      vertex 108.050000 24.850000 0.000000
      vertex 122.060000 27.930000 0.000000
      vertex 108.050000 27.930000 0.000000
    endloop
  endfacet
  facet normal 0.000000 0.000000 1.000000
    outer loop
      vertex 108.050000 24.850000 3.000000
      vertex 108.050000 27.930000 3.000000
      vertex 122.060000 27.930000 3.000000
    endloop
  endfacet
  facet normal 0.000000 0.000000 1.000000
    outer loop
      vertex 108.050000 24.850000 3.000000
      vertex 122.060000 27.930000 3.000000
      vertex 122.060000 24.850000 3.000000
    endloop
  endfacet
  facet normal 0.000000 0.000000 -1.000000
    outer loop
      vertex 108.050000 27.930000 0.000000
      vertex 122.060000 27.930000 0.000000
      vertex 122.060000 29.850000 0.000000
    endloop
  endfacet
  facet normal 0.000000 0.000000 -1.000000
    outer loop
      vertex 108.050000 27.930000 0.000000
      vertex 122.060000 29.850000 0.000000
      vertex 108.050000 29.850000 0.000000
    endloop
  endfacet
  facet normal 0.000000 0.000000 1.000000
    outer loop
      vertex 108.050000 27.930000 3.000000
      vertex 108.050000 29.850000 3.000000
      vertex 122.060000 29.850000 3.000000
    endloop
  endfacet
  facet normal 0.000000 0.000000 1.000000
    outer loop
      vertex 108.050000 27.930000 3.000000
      vertex 122.060000 29.850000 3.000000
      vertex 122.060000 27.930000 3.000000
    endloop
  endfacet
  facet normal 0.000000 0.000000 -1.000000
    outer loop
      vertex 108.050000 29.850000 0.000000
      vertex 122.060000 29.850000 0.000000
      vertex 122.060000 29.930000 0.000000
    endloop
  endfacet
  facet normal 0.000000 0.000000 -1.000000
    outer loop
      vertex 108.050000 29.850000 0.000000
      vertex 122.060000 29.930000 0.000000
      vertex 108.050000 29.930000 0.000000
    endloop
  endfacet
  facet normal 0.000000 0.000000 1.000000
    outer loop
      vertex 108.050000 29.850000 3.000000
      vertex 108.050000 29.930000 3.000000
      vertex 122.060000 29.930000 3.000000
    endloop
  endfacet
  facet normal 0.000000 0.000000 1.000000
    outer loop
      vertex 108.050000 29.850000 3.000000
      vertex 122.060000 29.930000 3.000000
      vertex 122.060000 29.850000 3.000000
    endloop
  endfacet
  facet normal 0.000000 0.000000 -1.000000
    outer loop
      vertex 108.050000 29.930000 0.000000
      vertex 122.060000 29.930000 0.000000
      vertex 122.060000 31.850000 0.000000
    endloop
  endfacet
  facet normal 0.000000 0.000000 -1.000000
    outer loop
      vertex 108.050000 29.930000 0.000000
      vertex 122.060000 31.850000 0.000000
      vertex 108.050000 31.850000 0.000000
    endloop
  endfacet
  facet normal 0.000000 0.000000 1.000000
    outer loop
      vertex 108.050000 29.930000 3.000000
      vertex 108.050000 31.850000 3.000000
      vertex 122.060000 31.850000 3.000000
    endloop
  endfacet
  facet normal 0.000000 0.000000 1.000000
    outer loop
      vertex 108.050000 29.930000 3.000000
      vertex 122.060000 31.850000 3.000000
      vertex 122.060000 29.930000 3.000000
    endloop
  endfacet
  facet normal 0.000000 0.000000 -1.000000
    outer loop
      vertex 108.050000 31.850000 0.000000
      vertex 122.060000 31.850000 0.000000
      vertex 122.060000 34.930000 0.000000
    endloop
  endfacet
  facet normal 0.000000 0.000000 -1.000000
    outer loop
      vertex 108.050000 31.850000 0.000000
      vertex 122.060000 34.930000 0.000000
      vertex 108.050000 34.930000 0.000000
    endloop
  endfacet
  facet normal 0.000000 0.000000 1.000000
    outer loop
      vertex 108.050000 31.850000 3.000000
      vertex 108.050000 34.930000 3.000000
      vertex 122.060000 34.930000 3.000000
    endloop
  endfacet
  facet normal 0.000000 0.000000 1.000000
    outer loop
      vertex 108.050000 31.850000 3.000000
      vertex 122.060000 34.930000 3.000000
      vertex 122.060000 31.850000 3.000000
    endloop
  endfacet
  facet normal 0.000000 0.000000 -1.000000
    outer loop
      vertex 108.050000 34.930000 0.000000
      vertex 122.060000 34.930000 0.000000
      vertex 122.060000 36.930000 0.000000
    endloop
  endfacet
  facet normal 0.000000 0.000000 -1.000000
    outer loop
      vertex 108.050000 34.930000 0.000000
      vertex 122.060000 36.930000 0.000000
      vertex 108.050000 36.930000 0.000000
    endloop
  endfacet
  facet normal 0.000000 0.000000 1.000000
    outer loop
      vertex 108.050000 34.930000 3.000000
      vertex 108.050000 36.930000 3.000000
      vertex 122.060000 36.930000 3.000000
    endloop
  endfacet
  facet normal 0.000000 0.000000 1.000000
    outer loop
      vertex 108.050000 34.930000 3.000000
      vertex 122.060000 36.930000 3.000000
      vertex 122.060000 34.930000 3.000000
    endloop
  endfacet
  facet normal 0.000000 0.000000 -1.000000
    outer loop
      vertex 108.050000 36.930000 0.000000
      vertex 122.060000 36.930000 0.000000
      vertex 122.060000 53.480000 0.000000
    endloop
  endfacet
  facet normal 0.000000 0.000000 -1.000000
    outer loop
      vertex 108.050000 36.930000 0.000000
      vertex 122.060000 53.480000 0.000000
      vertex 108.050000 53.480000 0.000000
    endloop
  endfacet
  facet normal 0.000000 0.000000 1.000000
    outer loop
      vertex 108.050000 36.930000 3.000000
      vertex 108.050000 53.480000 3.000000
      vertex 122.060000 53.480000 3.000000
    endloop
  endfacet
  facet normal 0.000000 0.000000 1.000000
    outer loop
      vertex 108.050000 36.930000 3.000000
      vertex 122.060000 53.480000 3.000000
      vertex 122.060000 36.930000 3.000000
    endloop
  endfacet
  facet normal 0.000000 0.000000 -1.000000
    outer loop
      vertex 108.050000 53.480000 0.000000
      vertex 122.060000 53.480000 0.000000
      vertex 122.060000 55.870000 0.000000
    endloop
  endfacet
  facet normal 0.000000 0.000000 -1.000000
    outer loop
      vertex 108.050000 53.480000 0.000000
      vertex 122.060000 55.870000 0.000000
      vertex 108.050000 55.870000 0.000000
    endloop
  endfacet
  facet normal 0.000000 0.000000 1.000000
    outer loop
      vertex 108.050000 53.480000 3.000000
      vertex 108.050000 55.870000 3.000000
      vertex 122.060000 55.870000 3.000000
    endloop
  endfacet
  facet normal 0.000000 0.000000 1.000000
    outer loop
      vertex 108.050000 53.480000 3.000000
      vertex 122.060000 55.870000 3.000000
      vertex 122.060000 53.480000 3.000000
    endloop
  endfacet
  facet normal 0.000000 0.000000 -1.000000
    outer loop
      vertex 108.050000 55.870000 0.000000
      vertex 122.060000 55.870000 0.000000
      vertex 122.060000 57.870000 0.000000
    endloop
  endfacet
  facet normal 0.000000 0.000000 -1.000000
    outer loop
      vertex 108.050000 55.870000 0.000000
      vertex 122.060000 57.870000 0.000000
      vertex 108.050000 57.870000 0.000000
    endloop
  endfacet
  facet normal 0.000000 0.000000 1.000000
    outer loop
      vertex 108.050000 55.870000 3.000000
      vertex 108.050000 57.870000 3.000000
      vertex 122.060000 57.870000 3.000000
    endloop
  endfacet
  facet normal 0.000000 0.000000 1.000000
    outer loop
      vertex 108.050000 55.870000 3.000000
      vertex 122.060000 57.870000 3.000000
      vertex 122.060000 55.870000 3.000000
    endloop
  endfacet
  facet normal 0.000000 0.000000 -1.000000
    outer loop
      vertex 108.050000 57.870000 0.000000
      vertex 122.060000 57.870000 0.000000
      vertex 122.060000 62.870000 0.000000
    endloop
  endfacet
  facet normal 0.000000 0.000000 -1.000000
    outer loop
      vertex 108.050000 57.870000 0.000000
      vertex 122.060000 62.870000 0.000000
      vertex 108.050000 62.870000 0.000000
    endloop
  endfacet
  facet normal 0.000000 0.000000 1.000000
    outer loop
      vertex 108.050000 57.870000 3.000000
      vertex 108.050000 62.870000 3.000000
      vertex 122.060000 62.870000 3.000000
    endloop
  endfacet
  facet normal 0.000000 0.000000 1.000000
    outer loop
      vertex 108.050000 57.870000 3.000000
      vertex 122.060000 62.870000 3.000000
      vertex 122.060000 57.870000 3.000000
    endloop
  endfacet
  facet normal 0.000000 0.000000 -1.000000
    outer loop
      vertex 108.050000 62.870000 0.000000
      vertex 122.060000 62.870000 0.000000
      vertex 122.060000 64.480000 0.000000
    endloop
  endfacet
  facet normal 0.000000 0.000000 -1.000000
    outer loop
      vertex 108.050000 62.870000 0.000000
      vertex 122.060000 64.480000 0.000000
      vertex 108.050000 64.480000 0.000000
    endloop
  endfacet
  facet normal 0.000000 0.000000 1.000000
    outer loop
      vertex 108.050000 62.870000 3.000000
      vertex 108.050000 64.480000 3.000000
      vertex 122.060000 64.480000 3.000000
    endloop
  endfacet
  facet normal 0.000000 0.000000 1.000000
    outer loop
      vertex 108.050000 62.870000 3.000000
      vertex 122.060000 64.480000 3.000000
      vertex 122.060000 62.870000 3.000000
    endloop
  endfacet
  facet normal 0.000000 0.000000 -1.000000
    outer loop
      vertex 108.050000 64.480000 0.000000
      vertex 122.060000 64.480000 0.000000
      vertex 122.060000 64.870000 0.000000
    endloop
  endfacet
  facet normal 0.000000 0.000000 -1.000000
    outer loop
      vertex 108.050000 64.480000 0.000000
      vertex 122.060000 64.870000 0.000000
      vertex 108.050000 64.870000 0.000000
    endloop
  endfacet
  facet normal 0.000000 0.000000 1.000000
    outer loop
      vertex 108.050000 64.480000 3.000000
      vertex 108.050000 64.870000 3.000000
      vertex 122.060000 64.870000 3.000000
    endloop
  endfacet
  facet normal 0.000000 0.000000 1.000000
    outer loop
      vertex 108.050000 64.480000 3.000000
      vertex 122.060000 64.870000 3.000000
      vertex 122.060000 64.480000 3.000000
    endloop
  endfacet
  facet normal 0.000000 0.000000 -1.000000
    outer loop
      vertex 108.050000 64.870000 0.000000
      vertex 122.060000 64.870000 0.000000
      vertex 122.060000 66.880000 0.000000
    endloop
  endfacet
  facet normal 0.000000 0.000000 -1.000000
    outer loop
      vertex 108.050000 64.870000 0.000000
      vertex 122.060000 66.880000 0.000000
      vertex 108.050000 66.880000 0.000000
    endloop
  endfacet
  facet normal 0.000000 0.000000 1.000000
    outer loop
      vertex 108.050000 64.870000 3.000000
      vertex 108.050000 66.880000 3.000000
      vertex 122.060000 66.880000 3.000000
    endloop
  endfacet
  facet normal 0.000000 0.000000 1.000000
    outer loop
      vertex 108.050000 64.870000 3.000000
      vertex 122.060000 66.880000 3.000000
      vertex 122.060000 64.870000 3.000000
    endloop
  endfacet
  facet normal 0.000000 1.000000 0.000000
    outer loop
      vertex 108.050000 72.480000 0.000000
      vertex 122.060000 72.480000 0.000000
      vertex 122.060000 72.480000 3.000000
    endloop
  endfacet
  facet normal 0.000000 1.000000 0.000000
    outer loop
      vertex 108.050000 72.480000 0.000000
      vertex 122.060000 72.480000 3.000000
      vertex 108.050000 72.480000 3.000000
    endloop
  endfacet
  facet normal 0.000000 0.000000 -1.000000
    outer loop
      vertex 108.050000 66.880000 0.000000
      vertex 122.060000 66.880000 0.000000
      vertex 122.060000 72.480000 0.000000
    endloop
  endfacet
  facet normal 0.000000 0.000000 -1.000000
    outer loop
      vertex 108.050000 66.880000 0.000000
      vertex 122.060000 72.480000 0.000000
      vertex 108.050000 72.480000 0.000000
    endloop
  endfacet
  facet normal 0.000000 0.000000 1.000000
    outer loop
      vertex 108.050000 66.880000 3.000000
      vertex 108.050000 72.480000 3.000000
      vertex 122.060000 72.480000 3.000000
    endloop
  endfacet
  facet normal 0.000000 0.000000 1.000000
    outer loop
      vertex 108.050000 66.880000 3.000000
      vertex 122.060000 72.480000 3.000000
      vertex 122.060000 66.880000 3.000000
    endloop
  endfacet
  facet normal 0.000000 -1.000000 0.000000
    outer loop
      vertex 122.060000 0.000000 0.000000
      vertex 122.060000 0.000000 3.000000
      vertex 133.060000 0.000000 3.000000
    endloop
  endfacet
  facet normal 0.000000 -1.000000 0.000000
    outer loop
      vertex 122.060000 0.000000 0.000000
      vertex 133.060000 0.000000 3.000000
      vertex 133.060000 0.000000 0.000000
    endloop
  endfacet
  facet normal 0.000000 0.000000 -1.000000
    outer loop
      vertex 122.060000 0.000000 0.000000
      vertex 133.060000 0.000000 0.000000
      vertex 133.060000 5.600000 0.000000
    endloop
  endfacet
  facet normal 0.000000 0.000000 -1.000000
    outer loop
      vertex 122.060000 0.000000 0.000000
      vertex 133.060000 5.600000 0.000000
      vertex 122.060000 5.600000 0.000000
    endloop
  endfacet
  facet normal 0.000000 0.000000 1.000000
    outer loop
      vertex 122.060000 0.000000 3.000000
      vertex 122.060000 5.600000 3.000000
      vertex 133.060000 5.600000 3.000000
    endloop
  endfacet
  facet normal 0.000000 0.000000 1.000000
    outer loop
      vertex 122.060000 0.000000 3.000000
      vertex 133.060000 5.600000 3.000000
      vertex 133.060000 0.000000 3.000000
    endloop
  endfacet
  facet normal 0.000000 0.000000 -1.000000
    outer loop
      vertex 122.060000 5.600000 0.000000
      vertex 133.060000 5.600000 0.000000
      vertex 133.060000 8.000000 0.000000
    endloop
  endfacet
  facet normal 0.000000 0.000000 -1.000000
    outer loop
      vertex 122.060000 5.600000 0.000000
      vertex 133.060000 8.000000 0.000000
      vertex 122.060000 8.000000 0.000000
    endloop
  endfacet
  facet normal -1.000000 0.000000 0.000000
    outer loop
      vertex 122.060000 5.600000 3.000000
      vertex 122.060000 8.000000 3.000000
      vertex 122.060000 8.000000 7.000000
    endloop
  endfacet
  facet normal -1.000000 0.000000 0.000000
    outer loop
      vertex 122.060000 5.600000 3.000000
      vertex 122.060000 8.000000 7.000000
      vertex 122.060000 5.600000 7.000000
    endloop
  endfacet
  facet normal 0.000000 -1.000000 0.000000
    outer loop
      vertex 122.060000 5.600000 3.000000
      vertex 122.060000 5.600000 7.000000
      vertex 133.060000 5.600000 7.000000
    endloop
  endfacet
  facet normal 0.000000 -1.000000 0.000000
    outer loop
      vertex 122.060000 5.600000 3.000000
      vertex 133.060000 5.600000 7.000000
      vertex 133.060000 5.600000 3.000000
    endloop
  endfacet
  facet normal 0.000000 1.000000 0.000000
    outer loop
      vertex 122.060000 8.000000 3.000000
      vertex 133.060000 8.000000 3.000000
      vertex 133.060000 8.000000 7.000000
    endloop
  endfacet
  facet normal 0.000000 1.000000 0.000000
    outer loop
      vertex 122.060000 8.000000 3.000000
      vertex 133.060000 8.000000 7.000000
      vertex 122.060000 8.000000 7.000000
    endloop
  endfacet
  facet normal -1.000000 0.000000 0.000000
    outer loop
      vertex 122.060000 5.600000 7.000000
      vertex 122.060000 8.000000 7.000000
      vertex 122.060000 8.000000 9.600000
    endloop
  endfacet
  facet normal -1.000000 0.000000 0.000000
    outer loop
      vertex 122.060000 5.600000 7.000000
      vertex 122.060000 8.000000 9.600000
      vertex 122.060000 5.600000 9.600000
    endloop
  endfacet
  facet normal 0.000000 -1.000000 0.000000
    outer loop
      vertex 122.060000 5.600000 7.000000
      vertex 122.060000 5.600000 9.600000
      vertex 133.060000 5.600000 9.600000
    endloop
  endfacet
  facet normal 0.000000 -1.000000 0.000000
    outer loop
      vertex 122.060000 5.600000 7.000000
      vertex 133.060000 5.600000 9.600000
      vertex 133.060000 5.600000 7.000000
    endloop
  endfacet
  facet normal 0.000000 1.000000 0.000000
    outer loop
      vertex 122.060000 8.000000 7.000000
      vertex 133.060000 8.000000 7.000000
      vertex 133.060000 8.000000 9.600000
    endloop
  endfacet
  facet normal 0.000000 1.000000 0.000000
    outer loop
      vertex 122.060000 8.000000 7.000000
      vertex 133.060000 8.000000 9.600000
      vertex 122.060000 8.000000 9.600000
    endloop
  endfacet
  facet normal 0.000000 0.000000 1.000000
    outer loop
      vertex 122.060000 5.600000 9.600000
      vertex 122.060000 8.000000 9.600000
      vertex 133.060000 8.000000 9.600000
    endloop
  endfacet
  facet normal 0.000000 0.000000 1.000000
    outer loop
      vertex 122.060000 5.600000 9.600000
      vertex 133.060000 8.000000 9.600000
      vertex 133.060000 5.600000 9.600000
    endloop
  endfacet
  facet normal 0.000000 0.000000 -1.000000
    outer loop
      vertex 122.060000 8.000000 0.000000
      vertex 133.060000 8.000000 0.000000
      vertex 133.060000 19.000000 0.000000
    endloop
  endfacet
  facet normal 0.000000 0.000000 -1.000000
    outer loop
      vertex 122.060000 8.000000 0.000000
      vertex 133.060000 19.000000 0.000000
      vertex 122.060000 19.000000 0.000000
    endloop
  endfacet
  facet normal 0.000000 0.000000 1.000000
    outer loop
      vertex 122.060000 8.000000 3.000000
      vertex 122.060000 19.000000 3.000000
      vertex 133.060000 19.000000 3.000000
    endloop
  endfacet
  facet normal 0.000000 0.000000 1.000000
    outer loop
      vertex 122.060000 8.000000 3.000000
      vertex 133.060000 19.000000 3.000000
      vertex 133.060000 8.000000 3.000000
    endloop
  endfacet
  facet normal 0.000000 0.000000 -1.000000
    outer loop
      vertex 122.060000 19.000000 0.000000
      vertex 133.060000 19.000000 0.000000
      vertex 133.060000 22.850000 0.000000
    endloop
  endfacet
  facet normal 0.000000 0.000000 -1.000000
    outer loop
      vertex 122.060000 19.000000 0.000000
      vertex 133.060000 22.850000 0.000000
      vertex 122.060000 22.850000 0.000000
    endloop
  endfacet
  facet normal 0.000000 0.000000 1.000000
    outer loop
      vertex 122.060000 19.000000 3.000000
      vertex 122.060000 22.850000 3.000000
      vertex 133.060000 22.850000 3.000000
    endloop
  endfacet
  facet normal 0.000000 0.000000 1.000000
    outer loop
      vertex 122.060000 19.000000 3.000000
      vertex 133.060000 22.850000 3.000000
      vertex 133.060000 19.000000 3.000000
    endloop
  endfacet
  facet normal 0.000000 0.000000 -1.000000
    outer loop
      vertex 122.060000 22.850000 0.000000
      vertex 133.060000 22.850000 0.000000
      vertex 133.060000 24.850000 0.000000
    endloop
  endfacet
  facet normal 0.000000 0.000000 -1.000000
    outer loop
      vertex 122.060000 22.850000 0.000000
      vertex 133.060000 24.850000 0.000000
      vertex 122.060000 24.850000 0.000000
    endloop
  endfacet
  facet normal 0.000000 0.000000 1.000000
    outer loop
      vertex 122.060000 22.850000 3.000000
      vertex 122.060000 24.850000 3.000000
      vertex 133.060000 24.850000 3.000000
    endloop
  endfacet
  facet normal 0.000000 0.000000 1.000000
    outer loop
      vertex 122.060000 22.850000 3.000000
      vertex 133.060000 24.850000 3.000000
      vertex 133.060000 22.850000 3.000000
    endloop
  endfacet
  facet normal 0.000000 0.000000 -1.000000
    outer loop
      vertex 122.060000 24.850000 0.000000
      vertex 133.060000 24.850000 0.000000
      vertex 133.060000 27.930000 0.000000
    endloop
  endfacet
  facet normal 0.000000 0.000000 -1.000000
    outer loop
      vertex 122.060000 24.850000 0.000000
      vertex 133.060000 27.930000 0.000000
      vertex 122.060000 27.930000 0.000000
    endloop
  endfacet
  facet normal 0.000000 0.000000 1.000000
    outer loop
      vertex 122.060000 24.850000 3.000000
      vertex 122.060000 27.930000 3.000000
      vertex 133.060000 27.930000 3.000000
    endloop
  endfacet
  facet normal 0.000000 0.000000 1.000000
    outer loop
      vertex 122.060000 24.850000 3.000000
      vertex 133.060000 27.930000 3.000000
      vertex 133.060000 24.850000 3.000000
    endloop
  endfacet
  facet normal 0.000000 0.000000 -1.000000
    outer loop
      vertex 122.060000 27.930000 0.000000
      vertex 133.060000 27.930000 0.000000
      vertex 133.060000 29.850000 0.000000
    endloop
  endfacet
  facet normal 0.000000 0.000000 -1.000000
    outer loop
      vertex 122.060000 27.930000 0.000000
      vertex 133.060000 29.850000 0.000000
      vertex 122.060000 29.850000 0.000000
    endloop
  endfacet
  facet normal 0.000000 0.000000 1.000000
    outer loop
      vertex 122.060000 27.930000 3.000000
      vertex 122.060000 29.850000 3.000000
      vertex 133.060000 29.850000 3.000000
    endloop
  endfacet
  facet normal 0.000000 0.000000 1.000000
    outer loop
      vertex 122.060000 27.930000 3.000000
      vertex 133.060000 29.850000 3.000000
      vertex 133.060000 27.930000 3.000000
    endloop
  endfacet
  facet normal 0.000000 0.000000 -1.000000
    outer loop
      vertex 122.060000 29.850000 0.000000
      vertex 133.060000 29.850000 0.000000
      vertex 133.060000 29.930000 0.000000
    endloop
  endfacet
  facet normal 0.000000 0.000000 -1.000000
    outer loop
      vertex 122.060000 29.850000 0.000000
      vertex 133.060000 29.930000 0.000000
      vertex 122.060000 29.930000 0.000000
    endloop
  endfacet
  facet normal 0.000000 0.000000 1.000000
    outer loop
      vertex 122.060000 29.850000 3.000000
      vertex 122.060000 29.930000 3.000000
      vertex 133.060000 29.930000 3.000000
    endloop
  endfacet
  facet normal 0.000000 0.000000 1.000000
    outer loop
      vertex 122.060000 29.850000 3.000000
      vertex 133.060000 29.930000 3.000000
      vertex 133.060000 29.850000 3.000000
    endloop
  endfacet
  facet normal 0.000000 0.000000 -1.000000
    outer loop
      vertex 122.060000 29.930000 0.000000
      vertex 133.060000 29.930000 0.000000
      vertex 133.060000 31.850000 0.000000
    endloop
  endfacet
  facet normal 0.000000 0.000000 -1.000000
    outer loop
      vertex 122.060000 29.930000 0.000000
      vertex 133.060000 31.850000 0.000000
      vertex 122.060000 31.850000 0.000000
    endloop
  endfacet
  facet normal 0.000000 0.000000 1.000000
    outer loop
      vertex 122.060000 29.930000 3.000000
      vertex 122.060000 31.850000 3.000000
      vertex 133.060000 31.850000 3.000000
    endloop
  endfacet
  facet normal 0.000000 0.000000 1.000000
    outer loop
      vertex 122.060000 29.930000 3.000000
      vertex 133.060000 31.850000 3.000000
      vertex 133.060000 29.930000 3.000000
    endloop
  endfacet
  facet normal 0.000000 0.000000 -1.000000
    outer loop
      vertex 122.060000 31.850000 0.000000
      vertex 133.060000 31.850000 0.000000
      vertex 133.060000 34.930000 0.000000
    endloop
  endfacet
  facet normal 0.000000 0.000000 -1.000000
    outer loop
      vertex 122.060000 31.850000 0.000000
      vertex 133.060000 34.930000 0.000000
      vertex 122.060000 34.930000 0.000000
    endloop
  endfacet
  facet normal 0.000000 0.000000 1.000000
    outer loop
      vertex 122.060000 31.850000 3.000000
      vertex 122.060000 34.930000 3.000000
      vertex 133.060000 34.930000 3.000000
    endloop
  endfacet
  facet normal 0.000000 0.000000 1.000000
    outer loop
      vertex 122.060000 31.850000 3.000000
      vertex 133.060000 34.930000 3.000000
      vertex 133.060000 31.850000 3.000000
    endloop
  endfacet
  facet normal 0.000000 0.000000 -1.000000
    outer loop
      vertex 122.060000 34.930000 0.000000
      vertex 133.060000 34.930000 0.000000
      vertex 133.060000 36.930000 0.000000
    endloop
  endfacet
  facet normal 0.000000 0.000000 -1.000000
    outer loop
      vertex 122.060000 34.930000 0.000000
      vertex 133.060000 36.930000 0.000000
      vertex 122.060000 36.930000 0.000000
    endloop
  endfacet
  facet normal 0.000000 0.000000 1.000000
    outer loop
      vertex 122.060000 34.930000 3.000000
      vertex 122.060000 36.930000 3.000000
      vertex 133.060000 36.930000 3.000000
    endloop
  endfacet
  facet normal 0.000000 0.000000 1.000000
    outer loop
      vertex 122.060000 34.930000 3.000000
      vertex 133.060000 36.930000 3.000000
      vertex 133.060000 34.930000 3.000000
    endloop
  endfacet
  facet normal 0.000000 0.000000 -1.000000
    outer loop
      vertex 122.060000 36.930000 0.000000
      vertex 133.060000 36.930000 0.000000
      vertex 133.060000 53.480000 0.000000
    endloop
  endfacet
  facet normal 0.000000 0.000000 -1.000000
    outer loop
      vertex 122.060000 36.930000 0.000000
      vertex 133.060000 53.480000 0.000000
      vertex 122.060000 53.480000 0.000000
    endloop
  endfacet
  facet normal 0.000000 0.000000 1.000000
    outer loop
      vertex 122.060000 36.930000 3.000000
      vertex 122.060000 53.480000 3.000000
      vertex 133.060000 53.480000 3.000000
    endloop
  endfacet
  facet normal 0.000000 0.000000 1.000000
    outer loop
      vertex 122.060000 36.930000 3.000000
      vertex 133.060000 53.480000 3.000000
      vertex 133.060000 36.930000 3.000000
    endloop
  endfacet
  facet normal 0.000000 0.000000 -1.000000
    outer loop
      vertex 122.060000 53.480000 0.000000
      vertex 133.060000 53.480000 0.000000
      vertex 133.060000 55.870000 0.000000
    endloop
  endfacet
  facet normal 0.000000 0.000000 -1.000000
    outer loop
      vertex 122.060000 53.480000 0.000000
      vertex 133.060000 55.870000 0.000000
      vertex 122.060000 55.870000 0.000000
    endloop
  endfacet
  facet normal 0.000000 0.000000 1.000000
    outer loop
      vertex 122.060000 53.480000 3.000000
      vertex 122.060000 55.870000 3.000000
      vertex 133.060000 55.870000 3.000000
    endloop
  endfacet
  facet normal 0.000000 0.000000 1.000000
    outer loop
      vertex 122.060000 53.480000 3.000000
      vertex 133.060000 55.870000 3.000000
      vertex 133.060000 53.480000 3.000000
    endloop
  endfacet
  facet normal 0.000000 0.000000 -1.000000
    outer loop
      vertex 122.060000 55.870000 0.000000
      vertex 133.060000 55.870000 0.000000
      vertex 133.060000 57.870000 0.000000
    endloop
  endfacet
  facet normal 0.000000 0.000000 -1.000000
    outer loop
      vertex 122.060000 55.870000 0.000000
      vertex 133.060000 57.870000 0.000000
      vertex 122.060000 57.870000 0.000000
    endloop
  endfacet
  facet normal 0.000000 0.000000 1.000000
    outer loop
      vertex 122.060000 55.870000 3.000000
      vertex 122.060000 57.870000 3.000000
      vertex 133.060000 57.870000 3.000000
    endloop
  endfacet
  facet normal 0.000000 0.000000 1.000000
    outer loop
      vertex 122.060000 55.870000 3.000000
      vertex 133.060000 57.870000 3.000000
      vertex 133.060000 55.870000 3.000000
    endloop
  endfacet
  facet normal 0.000000 0.000000 -1.000000
    outer loop
      vertex 122.060000 57.870000 0.000000
      vertex 133.060000 57.870000 0.000000
      vertex 133.060000 62.870000 0.000000
    endloop
  endfacet
  facet normal 0.000000 0.000000 -1.000000
    outer loop
      vertex 122.060000 57.870000 0.000000
      vertex 133.060000 62.870000 0.000000
      vertex 122.060000 62.870000 0.000000
    endloop
  endfacet
  facet normal 0.000000 0.000000 1.000000
    outer loop
      vertex 122.060000 57.870000 3.000000
      vertex 122.060000 62.870000 3.000000
      vertex 133.060000 62.870000 3.000000
    endloop
  endfacet
  facet normal 0.000000 0.000000 1.000000
    outer loop
      vertex 122.060000 57.870000 3.000000
      vertex 133.060000 62.870000 3.000000
      vertex 133.060000 57.870000 3.000000
    endloop
  endfacet
  facet normal 0.000000 0.000000 -1.000000
    outer loop
      vertex 122.060000 62.870000 0.000000
      vertex 133.060000 62.870000 0.000000
      vertex 133.060000 64.480000 0.000000
    endloop
  endfacet
  facet normal 0.000000 0.000000 -1.000000
    outer loop
      vertex 122.060000 62.870000 0.000000
      vertex 133.060000 64.480000 0.000000
      vertex 122.060000 64.480000 0.000000
    endloop
  endfacet
  facet normal 0.000000 0.000000 1.000000
    outer loop
      vertex 122.060000 62.870000 3.000000
      vertex 122.060000 64.480000 3.000000
      vertex 133.060000 64.480000 3.000000
    endloop
  endfacet
  facet normal 0.000000 0.000000 1.000000
    outer loop
      vertex 122.060000 62.870000 3.000000
      vertex 133.060000 64.480000 3.000000
      vertex 133.060000 62.870000 3.000000
    endloop
  endfacet
  facet normal 0.000000 0.000000 -1.000000
    outer loop
      vertex 122.060000 64.480000 0.000000
      vertex 133.060000 64.480000 0.000000
      vertex 133.060000 64.870000 0.000000
    endloop
  endfacet
  facet normal 0.000000 0.000000 -1.000000
    outer loop
      vertex 122.060000 64.480000 0.000000
      vertex 133.060000 64.870000 0.000000
      vertex 122.060000 64.870000 0.000000
    endloop
  endfacet
  facet normal -1.000000 0.000000 0.000000
    outer loop
      vertex 122.060000 64.480000 3.000000
      vertex 122.060000 64.870000 3.000000
      vertex 122.060000 64.870000 7.000000
    endloop
  endfacet
  facet normal -1.000000 0.000000 0.000000
    outer loop
      vertex 122.060000 64.480000 3.000000
      vertex 122.060000 64.870000 7.000000
      vertex 122.060000 64.480000 7.000000
    endloop
  endfacet
  facet normal 0.000000 -1.000000 0.000000
    outer loop
      vertex 122.060000 64.480000 3.000000
      vertex 122.060000 64.480000 7.000000
      vertex 133.060000 64.480000 7.000000
    endloop
  endfacet
  facet normal 0.000000 -1.000000 0.000000
    outer loop
      vertex 122.060000 64.480000 3.000000
      vertex 133.060000 64.480000 7.000000
      vertex 133.060000 64.480000 3.000000
    endloop
  endfacet
  facet normal -1.000000 0.000000 0.000000
    outer loop
      vertex 122.060000 64.480000 7.000000
      vertex 122.060000 64.870000 7.000000
      vertex 122.060000 64.870000 9.600000
    endloop
  endfacet
  facet normal -1.000000 0.000000 0.000000
    outer loop
      vertex 122.060000 64.480000 7.000000
      vertex 122.060000 64.870000 9.600000
      vertex 122.060000 64.480000 9.600000
    endloop
  endfacet
  facet normal 0.000000 -1.000000 0.000000
    outer loop
      vertex 122.060000 64.480000 7.000000
      vertex 122.060000 64.480000 9.600000
      vertex 133.060000 64.480000 9.600000
    endloop
  endfacet
  facet normal 0.000000 -1.000000 0.000000
    outer loop
      vertex 122.060000 64.480000 7.000000
      vertex 133.060000 64.480000 9.600000
      vertex 133.060000 64.480000 7.000000
    endloop
  endfacet
  facet normal 0.000000 0.000000 1.000000
    outer loop
      vertex 122.060000 64.480000 9.600000
      vertex 122.060000 64.870000 9.600000
      vertex 133.060000 64.870000 9.600000
    endloop
  endfacet
  facet normal 0.000000 0.000000 1.000000
    outer loop
      vertex 122.060000 64.480000 9.600000
      vertex 133.060000 64.870000 9.600000
      vertex 133.060000 64.480000 9.600000
    endloop
  endfacet
  facet normal 0.000000 0.000000 -1.000000
    outer loop
      vertex 122.060000 64.870000 0.000000
      vertex 133.060000 64.870000 0.000000
      vertex 133.060000 66.880000 0.000000
    endloop
  endfacet
  facet normal 0.000000 0.000000 -1.000000
    outer loop
      vertex 122.060000 64.870000 0.000000
      vertex 133.060000 66.880000 0.000000
      vertex 122.060000 66.880000 0.000000
    endloop
  endfacet
  facet normal -1.000000 0.000000 0.000000
    outer loop
      vertex 122.060000 64.870000 3.000000
      vertex 122.060000 66.880000 3.000000
      vertex 122.060000 66.880000 7.000000
    endloop
  endfacet
  facet normal -1.000000 0.000000 0.000000
    outer loop
      vertex 122.060000 64.870000 3.000000
      vertex 122.060000 66.880000 7.000000
      vertex 122.060000 64.870000 7.000000
    endloop
  endfacet
  facet normal 0.000000 1.000000 0.000000
    outer loop
      vertex 122.060000 66.880000 3.000000
      vertex 133.060000 66.880000 3.000000
      vertex 133.060000 66.880000 7.000000
    endloop
  endfacet
  facet normal 0.000000 1.000000 0.000000
    outer loop
      vertex 122.060000 66.880000 3.000000
      vertex 133.060000 66.880000 7.000000
      vertex 122.060000 66.880000 7.000000
    endloop
  endfacet
  facet normal -1.000000 0.000000 0.000000
    outer loop
      vertex 122.060000 64.870000 7.000000
      vertex 122.060000 66.880000 7.000000
      vertex 122.060000 66.880000 9.600000
    endloop
  endfacet
  facet normal -1.000000 0.000000 0.000000
    outer loop
      vertex 122.060000 64.870000 7.000000
      vertex 122.060000 66.880000 9.600000
      vertex 122.060000 64.870000 9.600000
    endloop
  endfacet
  facet normal 0.000000 1.000000 0.000000
    outer loop
      vertex 122.060000 66.880000 7.000000
      vertex 133.060000 66.880000 7.000000
      vertex 133.060000 66.880000 9.600000
    endloop
  endfacet
  facet normal 0.000000 1.000000 0.000000
    outer loop
      vertex 122.060000 66.880000 7.000000
      vertex 133.060000 66.880000 9.600000
      vertex 122.060000 66.880000 9.600000
    endloop
  endfacet
  facet normal 0.000000 0.000000 1.000000
    outer loop
      vertex 122.060000 64.870000 9.600000
      vertex 122.060000 66.880000 9.600000
      vertex 133.060000 66.880000 9.600000
    endloop
  endfacet
  facet normal 0.000000 0.000000 1.000000
    outer loop
      vertex 122.060000 64.870000 9.600000
      vertex 133.060000 66.880000 9.600000
      vertex 133.060000 64.870000 9.600000
    endloop
  endfacet
  facet normal 0.000000 1.000000 0.000000
    outer loop
      vertex 122.060000 72.480000 0.000000
      vertex 133.060000 72.480000 0.000000
      vertex 133.060000 72.480000 3.000000
    endloop
  endfacet
  facet normal 0.000000 1.000000 0.000000
    outer loop
      vertex 122.060000 72.480000 0.000000
      vertex 133.060000 72.480000 3.000000
      vertex 122.060000 72.480000 3.000000
    endloop
  endfacet
  facet normal 0.000000 0.000000 -1.000000
    outer loop
      vertex 122.060000 66.880000 0.000000
      vertex 133.060000 66.880000 0.000000
      vertex 133.060000 72.480000 0.000000
    endloop
  endfacet
  facet normal 0.000000 0.000000 -1.000000
    outer loop
      vertex 122.060000 66.880000 0.000000
      vertex 133.060000 72.480000 0.000000
      vertex 122.060000 72.480000 0.000000
    endloop
  endfacet
  facet normal 0.000000 0.000000 1.000000
    outer loop
      vertex 122.060000 66.880000 3.000000
      vertex 122.060000 72.480000 3.000000
      vertex 133.060000 72.480000 3.000000
    endloop
  endfacet
  facet normal 0.000000 0.000000 1.000000
    outer loop
      vertex 122.060000 66.880000 3.000000
      vertex 133.060000 72.480000 3.000000
      vertex 133.060000 66.880000 3.000000
    endloop
  endfacet
  facet normal 0.000000 -1.000000 0.000000
    outer loop
      vertex 133.060000 0.000000 0.000000
      vertex 133.060000 0.000000 3.000000
      vertex 135.460000 0.000000 3.000000
    endloop
  endfacet
  facet normal 0.000000 -1.000000 0.000000
    outer loop
      vertex 133.060000 0.000000 0.000000
      vertex 135.460000 0.000000 3.000000
      vertex 135.460000 0.000000 0.000000
    endloop
  endfacet
  facet normal 0.000000 0.000000 -1.000000
    outer loop
      vertex 133.060000 0.000000 0.000000
      vertex 135.460000 0.000000 0.000000
      vertex 135.460000 5.600000 0.000000
    endloop
  endfacet
  facet normal 0.000000 0.000000 -1.000000
    outer loop
      vertex 133.060000 0.000000 0.000000
      vertex 135.460000 5.600000 0.000000
      vertex 133.060000 5.600000 0.000000
    endloop
  endfacet
  facet normal 0.000000 0.000000 1.000000
    outer loop
      vertex 133.060000 0.000000 3.000000
      vertex 133.060000 5.600000 3.000000
      vertex 135.460000 5.600000 3.000000
    endloop
  endfacet
  facet normal 0.000000 0.000000 1.000000
    outer loop
      vertex 133.060000 0.000000 3.000000
      vertex 135.460000 5.600000 3.000000
      vertex 135.460000 0.000000 3.000000
    endloop
  endfacet
  facet normal 0.000000 0.000000 -1.000000
    outer loop
      vertex 133.060000 5.600000 0.000000
      vertex 135.460000 5.600000 0.000000
      vertex 135.460000 8.000000 0.000000
    endloop
  endfacet
  facet normal 0.000000 0.000000 -1.000000
    outer loop
      vertex 133.060000 5.600000 0.000000
      vertex 135.460000 8.000000 0.000000
      vertex 133.060000 8.000000 0.000000
    endloop
  endfacet
  facet normal 1.000000 0.000000 0.000000
    outer loop
      vertex 135.460000 5.600000 3.000000
      vertex 135.460000 5.600000 7.000000
      vertex 135.460000 8.000000 7.000000
    endloop
  endfacet
  facet normal 1.000000 0.000000 0.000000
    outer loop
      vertex 135.460000 5.600000 3.000000
      vertex 135.460000 8.000000 7.000000
      vertex 135.460000 8.000000 3.000000
    endloop
  endfacet
  facet normal 0.000000 -1.000000 0.000000
    outer loop
      vertex 133.060000 5.600000 3.000000
      vertex 133.060000 5.600000 7.000000
      vertex 135.460000 5.600000 7.000000
    endloop
  endfacet
  facet normal 0.000000 -1.000000 0.000000
    outer loop
      vertex 133.060000 5.600000 3.000000
      vertex 135.460000 5.600000 7.000000
      vertex 135.460000 5.600000 3.000000
    endloop
  endfacet
  facet normal 1.000000 0.000000 0.000000
    outer loop
      vertex 135.460000 5.600000 7.000000
      vertex 135.460000 5.600000 9.600000
      vertex 135.460000 8.000000 9.600000
    endloop
  endfacet
  facet normal 1.000000 0.000000 0.000000
    outer loop
      vertex 135.460000 5.600000 7.000000
      vertex 135.460000 8.000000 9.600000
      vertex 135.460000 8.000000 7.000000
    endloop
  endfacet
  facet normal 0.000000 -1.000000 0.000000
    outer loop
      vertex 133.060000 5.600000 7.000000
      vertex 133.060000 5.600000 9.600000
      vertex 135.460000 5.600000 9.600000
    endloop
  endfacet
  facet normal 0.000000 -1.000000 0.000000
    outer loop
      vertex 133.060000 5.600000 7.000000
      vertex 135.460000 5.600000 9.600000
      vertex 135.460000 5.600000 7.000000
    endloop
  endfacet
  facet normal 0.000000 0.000000 1.000000
    outer loop
      vertex 133.060000 5.600000 9.600000
      vertex 133.060000 8.000000 9.600000
      vertex 135.460000 8.000000 9.600000
    endloop
  endfacet
  facet normal 0.000000 0.000000 1.000000
    outer loop
      vertex 133.060000 5.600000 9.600000
      vertex 135.460000 8.000000 9.600000
      vertex 135.460000 5.600000 9.600000
    endloop
  endfacet
  facet normal 0.000000 0.000000 -1.000000
    outer loop
      vertex 133.060000 8.000000 0.000000
      vertex 135.460000 8.000000 0.000000
      vertex 135.460000 19.000000 0.000000
    endloop
  endfacet
  facet normal 0.000000 0.000000 -1.000000
    outer loop
      vertex 133.060000 8.000000 0.000000
      vertex 135.460000 19.000000 0.000000
      vertex 133.060000 19.000000 0.000000
    endloop
  endfacet
  facet normal -1.000000 0.000000 0.000000
    outer loop
      vertex 133.060000 8.000000 3.000000
      vertex 133.060000 19.000000 3.000000
      vertex 133.060000 19.000000 7.000000
    endloop
  endfacet
  facet normal -1.000000 0.000000 0.000000
    outer loop
      vertex 133.060000 8.000000 3.000000
      vertex 133.060000 19.000000 7.000000
      vertex 133.060000 8.000000 7.000000
    endloop
  endfacet
  facet normal 1.000000 0.000000 0.000000
    outer loop
      vertex 135.460000 8.000000 3.000000
      vertex 135.460000 8.000000 7.000000
      vertex 135.460000 19.000000 7.000000
    endloop
  endfacet
  facet normal 1.000000 0.000000 0.000000
    outer loop
      vertex 135.460000 8.000000 3.000000
      vertex 135.460000 19.000000 7.000000
      vertex 135.460000 19.000000 3.000000
    endloop
  endfacet
  facet normal 0.000000 1.000000 0.000000
    outer loop
      vertex 133.060000 19.000000 3.000000
      vertex 135.460000 19.000000 3.000000
      vertex 135.460000 19.000000 7.000000
    endloop
  endfacet
  facet normal 0.000000 1.000000 0.000000
    outer loop
      vertex 133.060000 19.000000 3.000000
      vertex 135.460000 19.000000 7.000000
      vertex 133.060000 19.000000 7.000000
    endloop
  endfacet
  facet normal -1.000000 0.000000 0.000000
    outer loop
      vertex 133.060000 8.000000 7.000000
      vertex 133.060000 19.000000 7.000000
      vertex 133.060000 19.000000 9.600000
    endloop
  endfacet
  facet normal -1.000000 0.000000 0.000000
    outer loop
      vertex 133.060000 8.000000 7.000000
      vertex 133.060000 19.000000 9.600000
      vertex 133.060000 8.000000 9.600000
    endloop
  endfacet
  facet normal 1.000000 0.000000 0.000000
    outer loop
      vertex 135.460000 8.000000 7.000000
      vertex 135.460000 8.000000 9.600000
      vertex 135.460000 19.000000 9.600000
    endloop
  endfacet
  facet normal 1.000000 0.000000 0.000000
    outer loop
      vertex 135.460000 8.000000 7.000000
      vertex 135.460000 19.000000 9.600000
      vertex 135.460000 19.000000 7.000000
    endloop
  endfacet
  facet normal 0.000000 1.000000 0.000000
    outer loop
      vertex 133.060000 19.000000 7.000000
      vertex 135.460000 19.000000 7.000000
      vertex 135.460000 19.000000 9.600000
    endloop
  endfacet
  facet normal 0.000000 1.000000 0.000000
    outer loop
      vertex 133.060000 19.000000 7.000000
      vertex 135.460000 19.000000 9.600000
      vertex 133.060000 19.000000 9.600000
    endloop
  endfacet
  facet normal 0.000000 0.000000 1.000000
    outer loop
      vertex 133.060000 8.000000 9.600000
      vertex 133.060000 19.000000 9.600000
      vertex 135.460000 19.000000 9.600000
    endloop
  endfacet
  facet normal 0.000000 0.000000 1.000000
    outer loop
      vertex 133.060000 8.000000 9.600000
      vertex 135.460000 19.000000 9.600000
      vertex 135.460000 8.000000 9.600000
    endloop
  endfacet
  facet normal 0.000000 0.000000 -1.000000
    outer loop
      vertex 133.060000 19.000000 0.000000
      vertex 135.460000 19.000000 0.000000
      vertex 135.460000 22.850000 0.000000
    endloop
  endfacet
  facet normal 0.000000 0.000000 -1.000000
    outer loop
      vertex 133.060000 19.000000 0.000000
      vertex 135.460000 22.850000 0.000000
      vertex 133.060000 22.850000 0.000000
    endloop
  endfacet
  facet normal 0.000000 0.000000 1.000000
    outer loop
      vertex 133.060000 19.000000 3.000000
      vertex 133.060000 22.850000 3.000000
      vertex 135.460000 22.850000 3.000000
    endloop
  endfacet
  facet normal 0.000000 0.000000 1.000000
    outer loop
      vertex 133.060000 19.000000 3.000000
      vertex 135.460000 22.850000 3.000000
      vertex 135.460000 19.000000 3.000000
    endloop
  endfacet
  facet normal 0.000000 0.000000 -1.000000
    outer loop
      vertex 133.060000 22.850000 0.000000
      vertex 135.460000 22.850000 0.000000
      vertex 135.460000 24.850000 0.000000
    endloop
  endfacet
  facet normal 0.000000 0.000000 -1.000000
    outer loop
      vertex 133.060000 22.850000 0.000000
      vertex 135.460000 24.850000 0.000000
      vertex 133.060000 24.850000 0.000000
    endloop
  endfacet
  facet normal 0.000000 0.000000 1.000000
    outer loop
      vertex 133.060000 22.850000 3.000000
      vertex 133.060000 24.850000 3.000000
      vertex 135.460000 24.850000 3.000000
    endloop
  endfacet
  facet normal 0.000000 0.000000 1.000000
    outer loop
      vertex 133.060000 22.850000 3.000000
      vertex 135.460000 24.850000 3.000000
      vertex 135.460000 22.850000 3.000000
    endloop
  endfacet
  facet normal 0.000000 0.000000 -1.000000
    outer loop
      vertex 133.060000 24.850000 0.000000
      vertex 135.460000 24.850000 0.000000
      vertex 135.460000 27.930000 0.000000
    endloop
  endfacet
  facet normal 0.000000 0.000000 -1.000000
    outer loop
      vertex 133.060000 24.850000 0.000000
      vertex 135.460000 27.930000 0.000000
      vertex 133.060000 27.930000 0.000000
    endloop
  endfacet
  facet normal 0.000000 0.000000 1.000000
    outer loop
      vertex 133.060000 24.850000 3.000000
      vertex 133.060000 27.930000 3.000000
      vertex 135.460000 27.930000 3.000000
    endloop
  endfacet
  facet normal 0.000000 0.000000 1.000000
    outer loop
      vertex 133.060000 24.850000 3.000000
      vertex 135.460000 27.930000 3.000000
      vertex 135.460000 24.850000 3.000000
    endloop
  endfacet
  facet normal 0.000000 0.000000 -1.000000
    outer loop
      vertex 133.060000 27.930000 0.000000
      vertex 135.460000 27.930000 0.000000
      vertex 135.460000 29.850000 0.000000
    endloop
  endfacet
  facet normal 0.000000 0.000000 -1.000000
    outer loop
      vertex 133.060000 27.930000 0.000000
      vertex 135.460000 29.850000 0.000000
      vertex 133.060000 29.850000 0.000000
    endloop
  endfacet
  facet normal 0.000000 0.000000 1.000000
    outer loop
      vertex 133.060000 27.930000 3.000000
      vertex 133.060000 29.850000 3.000000
      vertex 135.460000 29.850000 3.000000
    endloop
  endfacet
  facet normal 0.000000 0.000000 1.000000
    outer loop
      vertex 133.060000 27.930000 3.000000
      vertex 135.460000 29.850000 3.000000
      vertex 135.460000 27.930000 3.000000
    endloop
  endfacet
  facet normal 0.000000 0.000000 -1.000000
    outer loop
      vertex 133.060000 29.850000 0.000000
      vertex 135.460000 29.850000 0.000000
      vertex 135.460000 29.930000 0.000000
    endloop
  endfacet
  facet normal 0.000000 0.000000 -1.000000
    outer loop
      vertex 133.060000 29.850000 0.000000
      vertex 135.460000 29.930000 0.000000
      vertex 133.060000 29.930000 0.000000
    endloop
  endfacet
  facet normal 0.000000 0.000000 1.000000
    outer loop
      vertex 133.060000 29.850000 3.000000
      vertex 133.060000 29.930000 3.000000
      vertex 135.460000 29.930000 3.000000
    endloop
  endfacet
  facet normal 0.000000 0.000000 1.000000
    outer loop
      vertex 133.060000 29.850000 3.000000
      vertex 135.460000 29.930000 3.000000
      vertex 135.460000 29.850000 3.000000
    endloop
  endfacet
  facet normal 0.000000 0.000000 -1.000000
    outer loop
      vertex 133.060000 29.930000 0.000000
      vertex 135.460000 29.930000 0.000000
      vertex 135.460000 31.850000 0.000000
    endloop
  endfacet
  facet normal 0.000000 0.000000 -1.000000
    outer loop
      vertex 133.060000 29.930000 0.000000
      vertex 135.460000 31.850000 0.000000
      vertex 133.060000 31.850000 0.000000
    endloop
  endfacet
  facet normal 0.000000 0.000000 1.000000
    outer loop
      vertex 133.060000 29.930000 3.000000
      vertex 133.060000 31.850000 3.000000
      vertex 135.460000 31.850000 3.000000
    endloop
  endfacet
  facet normal 0.000000 0.000000 1.000000
    outer loop
      vertex 133.060000 29.930000 3.000000
      vertex 135.460000 31.850000 3.000000
      vertex 135.460000 29.930000 3.000000
    endloop
  endfacet
  facet normal 0.000000 0.000000 -1.000000
    outer loop
      vertex 133.060000 31.850000 0.000000
      vertex 135.460000 31.850000 0.000000
      vertex 135.460000 34.930000 0.000000
    endloop
  endfacet
  facet normal 0.000000 0.000000 -1.000000
    outer loop
      vertex 133.060000 31.850000 0.000000
      vertex 135.460000 34.930000 0.000000
      vertex 133.060000 34.930000 0.000000
    endloop
  endfacet
  facet normal 0.000000 0.000000 1.000000
    outer loop
      vertex 133.060000 31.850000 3.000000
      vertex 133.060000 34.930000 3.000000
      vertex 135.460000 34.930000 3.000000
    endloop
  endfacet
  facet normal 0.000000 0.000000 1.000000
    outer loop
      vertex 133.060000 31.850000 3.000000
      vertex 135.460000 34.930000 3.000000
      vertex 135.460000 31.850000 3.000000
    endloop
  endfacet
  facet normal 0.000000 0.000000 -1.000000
    outer loop
      vertex 133.060000 34.930000 0.000000
      vertex 135.460000 34.930000 0.000000
      vertex 135.460000 36.930000 0.000000
    endloop
  endfacet
  facet normal 0.000000 0.000000 -1.000000
    outer loop
      vertex 133.060000 34.930000 0.000000
      vertex 135.460000 36.930000 0.000000
      vertex 133.060000 36.930000 0.000000
    endloop
  endfacet
  facet normal 0.000000 0.000000 1.000000
    outer loop
      vertex 133.060000 34.930000 3.000000
      vertex 133.060000 36.930000 3.000000
      vertex 135.460000 36.930000 3.000000
    endloop
  endfacet
  facet normal 0.000000 0.000000 1.000000
    outer loop
      vertex 133.060000 34.930000 3.000000
      vertex 135.460000 36.930000 3.000000
      vertex 135.460000 34.930000 3.000000
    endloop
  endfacet
  facet normal 0.000000 0.000000 -1.000000
    outer loop
      vertex 133.060000 36.930000 0.000000
      vertex 135.460000 36.930000 0.000000
      vertex 135.460000 53.480000 0.000000
    endloop
  endfacet
  facet normal 0.000000 0.000000 -1.000000
    outer loop
      vertex 133.060000 36.930000 0.000000
      vertex 135.460000 53.480000 0.000000
      vertex 133.060000 53.480000 0.000000
    endloop
  endfacet
  facet normal 0.000000 0.000000 1.000000
    outer loop
      vertex 133.060000 36.930000 3.000000
      vertex 133.060000 53.480000 3.000000
      vertex 135.460000 53.480000 3.000000
    endloop
  endfacet
  facet normal 0.000000 0.000000 1.000000
    outer loop
      vertex 133.060000 36.930000 3.000000
      vertex 135.460000 53.480000 3.000000
      vertex 135.460000 36.930000 3.000000
    endloop
  endfacet
  facet normal 0.000000 0.000000 -1.000000
    outer loop
      vertex 133.060000 53.480000 0.000000
      vertex 135.460000 53.480000 0.000000
      vertex 135.460000 55.870000 0.000000
    endloop
  endfacet
  facet normal 0.000000 0.000000 -1.000000
    outer loop
      vertex 133.060000 53.480000 0.000000
      vertex 135.460000 55.870000 0.000000
      vertex 133.060000 55.870000 0.000000
    endloop
  endfacet
  facet normal -1.000000 0.000000 0.000000
    outer loop
      vertex 133.060000 53.480000 3.000000
      vertex 133.060000 55.870000 3.000000
      vertex 133.060000 55.870000 7.000000
    endloop
  endfacet
  facet normal -1.000000 0.000000 0.000000
    outer loop
      vertex 133.060000 53.480000 3.000000
      vertex 133.060000 55.870000 7.000000
      vertex 133.060000 53.480000 7.000000
    endloop
  endfacet
  facet normal 1.000000 0.000000 0.000000
    outer loop
      vertex 135.460000 53.480000 3.000000
      vertex 135.460000 53.480000 7.000000
      vertex 135.460000 55.870000 7.000000
    endloop
  endfacet
  facet normal 1.000000 0.000000 0.000000
    outer loop
      vertex 135.460000 53.480000 3.000000
      vertex 135.460000 55.870000 7.000000
      vertex 135.460000 55.870000 3.000000
    endloop
  endfacet
  facet normal 0.000000 -1.000000 0.000000
    outer loop
      vertex 133.060000 53.480000 3.000000
      vertex 133.060000 53.480000 7.000000
      vertex 135.460000 53.480000 7.000000
    endloop
  endfacet
  facet normal 0.000000 -1.000000 0.000000
    outer loop
      vertex 133.060000 53.480000 3.000000
      vertex 135.460000 53.480000 7.000000
      vertex 135.460000 53.480000 3.000000
    endloop
  endfacet
  facet normal -1.000000 0.000000 0.000000
    outer loop
      vertex 133.060000 53.480000 7.000000
      vertex 133.060000 55.870000 7.000000
      vertex 133.060000 55.870000 9.600000
    endloop
  endfacet
  facet normal -1.000000 0.000000 0.000000
    outer loop
      vertex 133.060000 53.480000 7.000000
      vertex 133.060000 55.870000 9.600000
      vertex 133.060000 53.480000 9.600000
    endloop
  endfacet
  facet normal 1.000000 0.000000 0.000000
    outer loop
      vertex 135.460000 53.480000 7.000000
      vertex 135.460000 53.480000 9.600000
      vertex 135.460000 55.870000 9.600000
    endloop
  endfacet
  facet normal 1.000000 0.000000 0.000000
    outer loop
      vertex 135.460000 53.480000 7.000000
      vertex 135.460000 55.870000 9.600000
      vertex 135.460000 55.870000 7.000000
    endloop
  endfacet
  facet normal 0.000000 -1.000000 0.000000
    outer loop
      vertex 133.060000 53.480000 7.000000
      vertex 133.060000 53.480000 9.600000
      vertex 135.460000 53.480000 9.600000
    endloop
  endfacet
  facet normal 0.000000 -1.000000 0.000000
    outer loop
      vertex 133.060000 53.480000 7.000000
      vertex 135.460000 53.480000 9.600000
      vertex 135.460000 53.480000 7.000000
    endloop
  endfacet
  facet normal 0.000000 0.000000 1.000000
    outer loop
      vertex 133.060000 53.480000 9.600000
      vertex 133.060000 55.870000 9.600000
      vertex 135.460000 55.870000 9.600000
    endloop
  endfacet
  facet normal 0.000000 0.000000 1.000000
    outer loop
      vertex 133.060000 53.480000 9.600000
      vertex 135.460000 55.870000 9.600000
      vertex 135.460000 53.480000 9.600000
    endloop
  endfacet
  facet normal 0.000000 0.000000 -1.000000
    outer loop
      vertex 133.060000 55.870000 0.000000
      vertex 135.460000 55.870000 0.000000
      vertex 135.460000 57.870000 0.000000
    endloop
  endfacet
  facet normal 0.000000 0.000000 -1.000000
    outer loop
      vertex 133.060000 55.870000 0.000000
      vertex 135.460000 57.870000 0.000000
      vertex 133.060000 57.870000 0.000000
    endloop
  endfacet
  facet normal -1.000000 0.000000 0.000000
    outer loop
      vertex 133.060000 55.870000 3.000000
      vertex 133.060000 57.870000 3.000000
      vertex 133.060000 57.870000 7.000000
    endloop
  endfacet
  facet normal -1.000000 0.000000 0.000000
    outer loop
      vertex 133.060000 55.870000 3.000000
      vertex 133.060000 57.870000 7.000000
      vertex 133.060000 55.870000 7.000000
    endloop
  endfacet
  facet normal 1.000000 0.000000 0.000000
    outer loop
      vertex 135.460000 55.870000 3.000000
      vertex 135.460000 55.870000 7.000000
      vertex 135.460000 57.870000 7.000000
    endloop
  endfacet
  facet normal 1.000000 0.000000 0.000000
    outer loop
      vertex 135.460000 55.870000 3.000000
      vertex 135.460000 57.870000 7.000000
      vertex 135.460000 57.870000 3.000000
    endloop
  endfacet
  facet normal -1.000000 0.000000 0.000000
    outer loop
      vertex 133.060000 55.870000 7.000000
      vertex 133.060000 57.870000 7.000000
      vertex 133.060000 57.870000 9.600000
    endloop
  endfacet
  facet normal -1.000000 0.000000 0.000000
    outer loop
      vertex 133.060000 55.870000 7.000000
      vertex 133.060000 57.870000 9.600000
      vertex 133.060000 55.870000 9.600000
    endloop
  endfacet
  facet normal 1.000000 0.000000 0.000000
    outer loop
      vertex 135.460000 55.870000 7.000000
      vertex 135.460000 55.870000 9.600000
      vertex 135.460000 57.870000 9.600000
    endloop
  endfacet
  facet normal 1.000000 0.000000 0.000000
    outer loop
      vertex 135.460000 55.870000 7.000000
      vertex 135.460000 57.870000 9.600000
      vertex 135.460000 57.870000 7.000000
    endloop
  endfacet
  facet normal 0.000000 0.000000 1.000000
    outer loop
      vertex 133.060000 55.870000 9.600000
      vertex 133.060000 57.870000 9.600000
      vertex 135.460000 57.870000 9.600000
    endloop
  endfacet
  facet normal 0.000000 0.000000 1.000000
    outer loop
      vertex 133.060000 55.870000 9.600000
      vertex 135.460000 57.870000 9.600000
      vertex 135.460000 55.870000 9.600000
    endloop
  endfacet
  facet normal 0.000000 0.000000 -1.000000
    outer loop
      vertex 133.060000 57.870000 0.000000
      vertex 135.460000 57.870000 0.000000
      vertex 135.460000 62.870000 0.000000
    endloop
  endfacet
  facet normal 0.000000 0.000000 -1.000000
    outer loop
      vertex 133.060000 57.870000 0.000000
      vertex 135.460000 62.870000 0.000000
      vertex 133.060000 62.870000 0.000000
    endloop
  endfacet
  facet normal -1.000000 0.000000 0.000000
    outer loop
      vertex 133.060000 57.870000 3.000000
      vertex 133.060000 62.870000 3.000000
      vertex 133.060000 62.870000 7.000000
    endloop
  endfacet
  facet normal -1.000000 0.000000 0.000000
    outer loop
      vertex 133.060000 57.870000 3.000000
      vertex 133.060000 62.870000 7.000000
      vertex 133.060000 57.870000 7.000000
    endloop
  endfacet
  facet normal 1.000000 0.000000 0.000000
    outer loop
      vertex 135.460000 57.870000 3.000000
      vertex 135.460000 57.870000 7.000000
      vertex 135.460000 62.870000 7.000000
    endloop
  endfacet
  facet normal 1.000000 0.000000 0.000000
    outer loop
      vertex 135.460000 57.870000 3.000000
      vertex 135.460000 62.870000 7.000000
      vertex 135.460000 62.870000 3.000000
    endloop
  endfacet
  facet normal -1.000000 0.000000 0.000000
    outer loop
      vertex 133.060000 57.870000 7.000000
      vertex 133.060000 62.870000 7.000000
      vertex 133.060000 62.870000 9.600000
    endloop
  endfacet
  facet normal -1.000000 0.000000 0.000000
    outer loop
      vertex 133.060000 57.870000 7.000000
      vertex 133.060000 62.870000 9.600000
      vertex 133.060000 57.870000 9.600000
    endloop
  endfacet
  facet normal 1.000000 0.000000 0.000000
    outer loop
      vertex 135.460000 57.870000 7.000000
      vertex 135.460000 57.870000 9.600000
      vertex 135.460000 62.870000 9.600000
    endloop
  endfacet
  facet normal 1.000000 0.000000 0.000000
    outer loop
      vertex 135.460000 57.870000 7.000000
      vertex 135.460000 62.870000 9.600000
      vertex 135.460000 62.870000 7.000000
    endloop
  endfacet
  facet normal 0.000000 0.000000 1.000000
    outer loop
      vertex 133.060000 57.870000 9.600000
      vertex 133.060000 62.870000 9.600000
      vertex 135.460000 62.870000 9.600000
    endloop
  endfacet
  facet normal 0.000000 0.000000 1.000000
    outer loop
      vertex 133.060000 57.870000 9.600000
      vertex 135.460000 62.870000 9.600000
      vertex 135.460000 57.870000 9.600000
    endloop
  endfacet
  facet normal 0.000000 0.000000 -1.000000
    outer loop
      vertex 133.060000 62.870000 0.000000
      vertex 135.460000 62.870000 0.000000
      vertex 135.460000 64.480000 0.000000
    endloop
  endfacet
  facet normal 0.000000 0.000000 -1.000000
    outer loop
      vertex 133.060000 62.870000 0.000000
      vertex 135.460000 64.480000 0.000000
      vertex 133.060000 64.480000 0.000000
    endloop
  endfacet
  facet normal -1.000000 0.000000 0.000000
    outer loop
      vertex 133.060000 62.870000 3.000000
      vertex 133.060000 64.480000 3.000000
      vertex 133.060000 64.480000 7.000000
    endloop
  endfacet
  facet normal -1.000000 0.000000 0.000000
    outer loop
      vertex 133.060000 62.870000 3.000000
      vertex 133.060000 64.480000 7.000000
      vertex 133.060000 62.870000 7.000000
    endloop
  endfacet
  facet normal 1.000000 0.000000 0.000000
    outer loop
      vertex 135.460000 62.870000 3.000000
      vertex 135.460000 62.870000 7.000000
      vertex 135.460000 64.480000 7.000000
    endloop
  endfacet
  facet normal 1.000000 0.000000 0.000000
    outer loop
      vertex 135.460000 62.870000 3.000000
      vertex 135.460000 64.480000 7.000000
      vertex 135.460000 64.480000 3.000000
    endloop
  endfacet
  facet normal -1.000000 0.000000 0.000000
    outer loop
      vertex 133.060000 62.870000 7.000000
      vertex 133.060000 64.480000 7.000000
      vertex 133.060000 64.480000 9.600000
    endloop
  endfacet
  facet normal -1.000000 0.000000 0.000000
    outer loop
      vertex 133.060000 62.870000 7.000000
      vertex 133.060000 64.480000 9.600000
      vertex 133.060000 62.870000 9.600000
    endloop
  endfacet
  facet normal 1.000000 0.000000 0.000000
    outer loop
      vertex 135.460000 62.870000 7.000000
      vertex 135.460000 62.870000 9.600000
      vertex 135.460000 64.480000 9.600000
    endloop
  endfacet
  facet normal 1.000000 0.000000 0.000000
    outer loop
      vertex 135.460000 62.870000 7.000000
      vertex 135.460000 64.480000 9.600000
      vertex 135.460000 64.480000 7.000000
    endloop
  endfacet
  facet normal 0.000000 0.000000 1.000000
    outer loop
      vertex 133.060000 62.870000 9.600000
      vertex 133.060000 64.480000 9.600000
      vertex 135.460000 64.480000 9.600000
    endloop
  endfacet
  facet normal 0.000000 0.000000 1.000000
    outer loop
      vertex 133.060000 62.870000 9.600000
      vertex 135.460000 64.480000 9.600000
      vertex 135.460000 62.870000 9.600000
    endloop
  endfacet
  facet normal 0.000000 0.000000 -1.000000
    outer loop
      vertex 133.060000 64.480000 0.000000
      vertex 135.460000 64.480000 0.000000
      vertex 135.460000 64.870000 0.000000
    endloop
  endfacet
  facet normal 0.000000 0.000000 -1.000000
    outer loop
      vertex 133.060000 64.480000 0.000000
      vertex 135.460000 64.870000 0.000000
      vertex 133.060000 64.870000 0.000000
    endloop
  endfacet
  facet normal 1.000000 0.000000 0.000000
    outer loop
      vertex 135.460000 64.480000 3.000000
      vertex 135.460000 64.480000 7.000000
      vertex 135.460000 64.870000 7.000000
    endloop
  endfacet
  facet normal 1.000000 0.000000 0.000000
    outer loop
      vertex 135.460000 64.480000 3.000000
      vertex 135.460000 64.870000 7.000000
      vertex 135.460000 64.870000 3.000000
    endloop
  endfacet
  facet normal 1.000000 0.000000 0.000000
    outer loop
      vertex 135.460000 64.480000 7.000000
      vertex 135.460000 64.480000 9.600000
      vertex 135.460000 64.870000 9.600000
    endloop
  endfacet
  facet normal 1.000000 0.000000 0.000000
    outer loop
      vertex 135.460000 64.480000 7.000000
      vertex 135.460000 64.870000 9.600000
      vertex 135.460000 64.870000 7.000000
    endloop
  endfacet
  facet normal 0.000000 0.000000 1.000000
    outer loop
      vertex 133.060000 64.480000 9.600000
      vertex 133.060000 64.870000 9.600000
      vertex 135.460000 64.870000 9.600000
    endloop
  endfacet
  facet normal 0.000000 0.000000 1.000000
    outer loop
      vertex 133.060000 64.480000 9.600000
      vertex 135.460000 64.870000 9.600000
      vertex 135.460000 64.480000 9.600000
    endloop
  endfacet
  facet normal 0.000000 0.000000 -1.000000
    outer loop
      vertex 133.060000 64.870000 0.000000
      vertex 135.460000 64.870000 0.000000
      vertex 135.460000 66.880000 0.000000
    endloop
  endfacet
  facet normal 0.000000 0.000000 -1.000000
    outer loop
      vertex 133.060000 64.870000 0.000000
      vertex 135.460000 66.880000 0.000000
      vertex 133.060000 66.880000 0.000000
    endloop
  endfacet
  facet normal 1.000000 0.000000 0.000000
    outer loop
      vertex 135.460000 64.870000 3.000000
      vertex 135.460000 64.870000 7.000000
      vertex 135.460000 66.880000 7.000000
    endloop
  endfacet
  facet normal 1.000000 0.000000 0.000000
    outer loop
      vertex 135.460000 64.870000 3.000000
      vertex 135.460000 66.880000 7.000000
      vertex 135.460000 66.880000 3.000000
    endloop
  endfacet
  facet normal 0.000000 1.000000 0.000000
    outer loop
      vertex 133.060000 66.880000 3.000000
      vertex 135.460000 66.880000 3.000000
      vertex 135.460000 66.880000 7.000000
    endloop
  endfacet
  facet normal 0.000000 1.000000 0.000000
    outer loop
      vertex 133.060000 66.880000 3.000000
      vertex 135.460000 66.880000 7.000000
      vertex 133.060000 66.880000 7.000000
    endloop
  endfacet
  facet normal 1.000000 0.000000 0.000000
    outer loop
      vertex 135.460000 64.870000 7.000000
      vertex 135.460000 64.870000 9.600000
      vertex 135.460000 66.880000 9.600000
    endloop
  endfacet
  facet normal 1.000000 0.000000 0.000000
    outer loop
      vertex 135.460000 64.870000 7.000000
      vertex 135.460000 66.880000 9.600000
      vertex 135.460000 66.880000 7.000000
    endloop
  endfacet
  facet normal 0.000000 1.000000 0.000000
    outer loop
      vertex 133.060000 66.880000 7.000000
      vertex 135.460000 66.880000 7.000000
      vertex 135.460000 66.880000 9.600000
    endloop
  endfacet
  facet normal 0.000000 1.000000 0.000000
    outer loop
      vertex 133.060000 66.880000 7.000000
      vertex 135.460000 66.880000 9.600000
      vertex 133.060000 66.880000 9.600000
    endloop
  endfacet
  facet normal 0.000000 0.000000 1.000000
    outer loop
      vertex 133.060000 64.870000 9.600000
      vertex 133.060000 66.880000 9.600000
      vertex 135.460000 66.880000 9.600000
    endloop
  endfacet
  facet normal 0.000000 0.000000 1.000000
    outer loop
      vertex 133.060000 64.870000 9.600000
      vertex 135.460000 66.880000 9.600000
      vertex 135.460000 64.870000 9.600000
    endloop
  endfacet
  facet normal 0.000000 1.000000 0.000000
    outer loop
      vertex 133.060000 72.480000 0.000000
      vertex 135.460000 72.480000 0.000000
      vertex 135.460000 72.480000 3.000000
    endloop
  endfacet
  facet normal 0.000000 1.000000 0.000000
    outer loop
      vertex 133.060000 72.480000 0.000000
      vertex 135.460000 72.480000 3.000000
      vertex 133.060000 72.480000 3.000000
    endloop
  endfacet
  facet normal 0.000000 0.000000 -1.000000
    outer loop
      vertex 133.060000 66.880000 0.000000
      vertex 135.460000 66.880000 0.000000
      vertex 135.460000 72.480000 0.000000
    endloop
  endfacet
  facet normal 0.000000 0.000000 -1.000000
    outer loop
      vertex 133.060000 66.880000 0.000000
      vertex 135.460000 72.480000 0.000000
      vertex 133.060000 72.480000 0.000000
    endloop
  endfacet
  facet normal 0.000000 0.000000 1.000000
    outer loop
      vertex 133.060000 66.880000 3.000000
      vertex 133.060000 72.480000 3.000000
      vertex 135.460000 72.480000 3.000000
    endloop
  endfacet
  facet normal 0.000000 0.000000 1.000000
    outer loop
      vertex 133.060000 66.880000 3.000000
      vertex 135.460000 72.480000 3.000000
      vertex 135.460000 66.880000 3.000000
    endloop
  endfacet
  facet normal 1.000000 0.000000 0.000000
    outer loop
      vertex 141.060000 0.000000 0.000000
      vertex 141.060000 0.000000 3.000000
      vertex 141.060000 5.600000 3.000000
    endloop
  endfacet
  facet normal 1.000000 0.000000 0.000000
    outer loop
      vertex 141.060000 0.000000 0.000000
      vertex 141.060000 5.600000 3.000000
      vertex 141.060000 5.600000 0.000000
    endloop
  endfacet
  facet normal 0.000000 -1.000000 0.000000
    outer loop
      vertex 135.460000 0.000000 0.000000
      vertex 135.460000 0.000000 3.000000
      vertex 141.060000 0.000000 3.000000
    endloop
  endfacet
  facet normal 0.000000 -1.000000 0.000000
    outer loop
      vertex 135.460000 0.000000 0.000000
      vertex 141.060000 0.000000 3.000000
      vertex 141.060000 0.000000 0.000000
    endloop
  endfacet
  facet normal 0.000000 0.000000 -1.000000
    outer loop
      vertex 135.460000 0.000000 0.000000
      vertex 141.060000 0.000000 0.000000
      vertex 141.060000 5.600000 0.000000
    endloop
  endfacet
  facet normal 0.000000 0.000000 -1.000000
    outer loop
      vertex 135.460000 0.000000 0.000000
      vertex 141.060000 5.600000 0.000000
      vertex 135.460000 5.600000 0.000000
    endloop
  endfacet
  facet normal 0.000000 0.000000 1.000000
    outer loop
      vertex 135.460000 0.000000 3.000000
      vertex 135.460000 5.600000 3.000000
      vertex 141.060000 5.600000 3.000000
    endloop
  endfacet
  facet normal 0.000000 0.000000 1.000000
    outer loop
      vertex 135.460000 0.000000 3.000000
      vertex 141.060000 5.600000 3.000000
      vertex 141.060000 0.000000 3.000000
    endloop
  endfacet
  facet normal 1.000000 0.000000 0.000000
    outer loop
      vertex 141.060000 5.600000 0.000000
      vertex 141.060000 5.600000 3.000000
      vertex 141.060000 8.000000 3.000000
    endloop
  endfacet
  facet normal 1.000000 0.000000 0.000000
    outer loop
      vertex 141.060000 5.600000 0.000000
      vertex 141.060000 8.000000 3.000000
      vertex 141.060000 8.000000 0.000000
    endloop
  endfacet
  facet normal 0.000000 0.000000 -1.000000
    outer loop
      vertex 135.460000 5.600000 0.000000
      vertex 141.060000 5.600000 0.000000
      vertex 141.060000 8.000000 0.000000
    endloop
  endfacet
  facet normal 0.000000 0.000000 -1.000000
    outer loop
      vertex 135.460000 5.600000 0.000000
      vertex 141.060000 8.000000 0.000000
      vertex 135.460000 8.000000 0.000000
    endloop
  endfacet
  facet normal 0.000000 0.000000 1.000000
    outer loop
      vertex 135.460000 5.600000 3.000000
      vertex 135.460000 8.000000 3.000000
      vertex 141.060000 8.000000 3.000000
    endloop
  endfacet
  facet normal 0.000000 0.000000 1.000000
    outer loop
      vertex 135.460000 5.600000 3.000000
      vertex 141.060000 8.000000 3.000000
      vertex 141.060000 5.600000 3.000000
    endloop
  endfacet
  facet normal 1.000000 0.000000 0.000000
    outer loop
      vertex 141.060000 8.000000 0.000000
      vertex 141.060000 8.000000 3.000000
      vertex 141.060000 19.000000 3.000000
    endloop
  endfacet
  facet normal 1.000000 0.000000 0.000000
    outer loop
      vertex 141.060000 8.000000 0.000000
      vertex 141.060000 19.000000 3.000000
      vertex 141.060000 19.000000 0.000000
    endloop
  endfacet
  facet normal 0.000000 0.000000 -1.000000
    outer loop
      vertex 135.460000 8.000000 0.000000
      vertex 141.060000 8.000000 0.000000
      vertex 141.060000 19.000000 0.000000
    endloop
  endfacet
  facet normal 0.000000 0.000000 -1.000000
    outer loop
      vertex 135.460000 8.000000 0.000000
      vertex 141.060000 19.000000 0.000000
      vertex 135.460000 19.000000 0.000000
    endloop
  endfacet
  facet normal 0.000000 0.000000 1.000000
    outer loop
      vertex 135.460000 8.000000 3.000000
      vertex 135.460000 19.000000 3.000000
      vertex 141.060000 19.000000 3.000000
    endloop
  endfacet
  facet normal 0.000000 0.000000 1.000000
    outer loop
      vertex 135.460000 8.000000 3.000000
      vertex 141.060000 19.000000 3.000000
      vertex 141.060000 8.000000 3.000000
    endloop
  endfacet
  facet normal 1.000000 0.000000 0.000000
    outer loop
      vertex 141.060000 19.000000 0.000000
      vertex 141.060000 19.000000 3.000000
      vertex 141.060000 22.850000 3.000000
    endloop
  endfacet
  facet normal 1.000000 0.000000 0.000000
    outer loop
      vertex 141.060000 19.000000 0.000000
      vertex 141.060000 22.850000 3.000000
      vertex 141.060000 22.850000 0.000000
    endloop
  endfacet
  facet normal 0.000000 0.000000 -1.000000
    outer loop
      vertex 135.460000 19.000000 0.000000
      vertex 141.060000 19.000000 0.000000
      vertex 141.060000 22.850000 0.000000
    endloop
  endfacet
  facet normal 0.000000 0.000000 -1.000000
    outer loop
      vertex 135.460000 19.000000 0.000000
      vertex 141.060000 22.850000 0.000000
      vertex 135.460000 22.850000 0.000000
    endloop
  endfacet
  facet normal 0.000000 0.000000 1.000000
    outer loop
      vertex 135.460000 19.000000 3.000000
      vertex 135.460000 22.850000 3.000000
      vertex 141.060000 22.850000 3.000000
    endloop
  endfacet
  facet normal 0.000000 0.000000 1.000000
    outer loop
      vertex 135.460000 19.000000 3.000000
      vertex 141.060000 22.850000 3.000000
      vertex 141.060000 19.000000 3.000000
    endloop
  endfacet
  facet normal 1.000000 0.000000 0.000000
    outer loop
      vertex 141.060000 22.850000 0.000000
      vertex 141.060000 22.850000 3.000000
      vertex 141.060000 24.850000 3.000000
    endloop
  endfacet
  facet normal 1.000000 0.000000 0.000000
    outer loop
      vertex 141.060000 22.850000 0.000000
      vertex 141.060000 24.850000 3.000000
      vertex 141.060000 24.850000 0.000000
    endloop
  endfacet
  facet normal 0.000000 0.000000 -1.000000
    outer loop
      vertex 135.460000 22.850000 0.000000
      vertex 141.060000 22.850000 0.000000
      vertex 141.060000 24.850000 0.000000
    endloop
  endfacet
  facet normal 0.000000 0.000000 -1.000000
    outer loop
      vertex 135.460000 22.850000 0.000000
      vertex 141.060000 24.850000 0.000000
      vertex 135.460000 24.850000 0.000000
    endloop
  endfacet
  facet normal 0.000000 0.000000 1.000000
    outer loop
      vertex 135.460000 22.850000 3.000000
      vertex 135.460000 24.850000 3.000000
      vertex 141.060000 24.850000 3.000000
    endloop
  endfacet
  facet normal 0.000000 0.000000 1.000000
    outer loop
      vertex 135.460000 22.850000 3.000000
      vertex 141.060000 24.850000 3.000000
      vertex 141.060000 22.850000 3.000000
    endloop
  endfacet
  facet normal 1.000000 0.000000 0.000000
    outer loop
      vertex 141.060000 24.850000 0.000000
      vertex 141.060000 24.850000 3.000000
      vertex 141.060000 27.930000 3.000000
    endloop
  endfacet
  facet normal 1.000000 0.000000 0.000000
    outer loop
      vertex 141.060000 24.850000 0.000000
      vertex 141.060000 27.930000 3.000000
      vertex 141.060000 27.930000 0.000000
    endloop
  endfacet
  facet normal 0.000000 0.000000 -1.000000
    outer loop
      vertex 135.460000 24.850000 0.000000
      vertex 141.060000 24.850000 0.000000
      vertex 141.060000 27.930000 0.000000
    endloop
  endfacet
  facet normal 0.000000 0.000000 -1.000000
    outer loop
      vertex 135.460000 24.850000 0.000000
      vertex 141.060000 27.930000 0.000000
      vertex 135.460000 27.930000 0.000000
    endloop
  endfacet
  facet normal 0.000000 0.000000 1.000000
    outer loop
      vertex 135.460000 24.850000 3.000000
      vertex 135.460000 27.930000 3.000000
      vertex 141.060000 27.930000 3.000000
    endloop
  endfacet
  facet normal 0.000000 0.000000 1.000000
    outer loop
      vertex 135.460000 24.850000 3.000000
      vertex 141.060000 27.930000 3.000000
      vertex 141.060000 24.850000 3.000000
    endloop
  endfacet
  facet normal 1.000000 0.000000 0.000000
    outer loop
      vertex 141.060000 27.930000 0.000000
      vertex 141.060000 27.930000 3.000000
      vertex 141.060000 29.850000 3.000000
    endloop
  endfacet
  facet normal 1.000000 0.000000 0.000000
    outer loop
      vertex 141.060000 27.930000 0.000000
      vertex 141.060000 29.850000 3.000000
      vertex 141.060000 29.850000 0.000000
    endloop
  endfacet
  facet normal 0.000000 0.000000 -1.000000
    outer loop
      vertex 135.460000 27.930000 0.000000
      vertex 141.060000 27.930000 0.000000
      vertex 141.060000 29.850000 0.000000
    endloop
  endfacet
  facet normal 0.000000 0.000000 -1.000000
    outer loop
      vertex 135.460000 27.930000 0.000000
      vertex 141.060000 29.850000 0.000000
      vertex 135.460000 29.850000 0.000000
    endloop
  endfacet
  facet normal 0.000000 0.000000 1.000000
    outer loop
      vertex 135.460000 27.930000 3.000000
      vertex 135.460000 29.850000 3.000000
      vertex 141.060000 29.850000 3.000000
    endloop
  endfacet
  facet normal 0.000000 0.000000 1.000000
    outer loop
      vertex 135.460000 27.930000 3.000000
      vertex 141.060000 29.850000 3.000000
      vertex 141.060000 27.930000 3.000000
    endloop
  endfacet
  facet normal 1.000000 0.000000 0.000000
    outer loop
      vertex 141.060000 29.850000 0.000000
      vertex 141.060000 29.850000 3.000000
      vertex 141.060000 29.930000 3.000000
    endloop
  endfacet
  facet normal 1.000000 0.000000 0.000000
    outer loop
      vertex 141.060000 29.850000 0.000000
      vertex 141.060000 29.930000 3.000000
      vertex 141.060000 29.930000 0.000000
    endloop
  endfacet
  facet normal 0.000000 0.000000 -1.000000
    outer loop
      vertex 135.460000 29.850000 0.000000
      vertex 141.060000 29.850000 0.000000
      vertex 141.060000 29.930000 0.000000
    endloop
  endfacet
  facet normal 0.000000 0.000000 -1.000000
    outer loop
      vertex 135.460000 29.850000 0.000000
      vertex 141.060000 29.930000 0.000000
      vertex 135.460000 29.930000 0.000000
    endloop
  endfacet
  facet normal 0.000000 0.000000 1.000000
    outer loop
      vertex 135.460000 29.850000 3.000000
      vertex 135.460000 29.930000 3.000000
      vertex 141.060000 29.930000 3.000000
    endloop
  endfacet
  facet normal 0.000000 0.000000 1.000000
    outer loop
      vertex 135.460000 29.850000 3.000000
      vertex 141.060000 29.930000 3.000000
      vertex 141.060000 29.850000 3.000000
    endloop
  endfacet
  facet normal 1.000000 0.000000 0.000000
    outer loop
      vertex 141.060000 29.930000 0.000000
      vertex 141.060000 29.930000 3.000000
      vertex 141.060000 31.850000 3.000000
    endloop
  endfacet
  facet normal 1.000000 0.000000 0.000000
    outer loop
      vertex 141.060000 29.930000 0.000000
      vertex 141.060000 31.850000 3.000000
      vertex 141.060000 31.850000 0.000000
    endloop
  endfacet
  facet normal 0.000000 0.000000 -1.000000
    outer loop
      vertex 135.460000 29.930000 0.000000
      vertex 141.060000 29.930000 0.000000
      vertex 141.060000 31.850000 0.000000
    endloop
  endfacet
  facet normal 0.000000 0.000000 -1.000000
    outer loop
      vertex 135.460000 29.930000 0.000000
      vertex 141.060000 31.850000 0.000000
      vertex 135.460000 31.850000 0.000000
    endloop
  endfacet
  facet normal 0.000000 0.000000 1.000000
    outer loop
      vertex 135.460000 29.930000 3.000000
      vertex 135.460000 31.850000 3.000000
      vertex 141.060000 31.850000 3.000000
    endloop
  endfacet
  facet normal 0.000000 0.000000 1.000000
    outer loop
      vertex 135.460000 29.930000 3.000000
      vertex 141.060000 31.850000 3.000000
      vertex 141.060000 29.930000 3.000000
    endloop
  endfacet
  facet normal 1.000000 0.000000 0.000000
    outer loop
      vertex 141.060000 31.850000 0.000000
      vertex 141.060000 31.850000 3.000000
      vertex 141.060000 34.930000 3.000000
    endloop
  endfacet
  facet normal 1.000000 0.000000 0.000000
    outer loop
      vertex 141.060000 31.850000 0.000000
      vertex 141.060000 34.930000 3.000000
      vertex 141.060000 34.930000 0.000000
    endloop
  endfacet
  facet normal 0.000000 0.000000 -1.000000
    outer loop
      vertex 135.460000 31.850000 0.000000
      vertex 141.060000 31.850000 0.000000
      vertex 141.060000 34.930000 0.000000
    endloop
  endfacet
  facet normal 0.000000 0.000000 -1.000000
    outer loop
      vertex 135.460000 31.850000 0.000000
      vertex 141.060000 34.930000 0.000000
      vertex 135.460000 34.930000 0.000000
    endloop
  endfacet
  facet normal 0.000000 0.000000 1.000000
    outer loop
      vertex 135.460000 31.850000 3.000000
      vertex 135.460000 34.930000 3.000000
      vertex 141.060000 34.930000 3.000000
    endloop
  endfacet
  facet normal 0.000000 0.000000 1.000000
    outer loop
      vertex 135.460000 31.850000 3.000000
      vertex 141.060000 34.930000 3.000000
      vertex 141.060000 31.850000 3.000000
    endloop
  endfacet
  facet normal 1.000000 0.000000 0.000000
    outer loop
      vertex 141.060000 34.930000 0.000000
      vertex 141.060000 34.930000 3.000000
      vertex 141.060000 36.930000 3.000000
    endloop
  endfacet
  facet normal 1.000000 0.000000 0.000000
    outer loop
      vertex 141.060000 34.930000 0.000000
      vertex 141.060000 36.930000 3.000000
      vertex 141.060000 36.930000 0.000000
    endloop
  endfacet
  facet normal 0.000000 0.000000 -1.000000
    outer loop
      vertex 135.460000 34.930000 0.000000
      vertex 141.060000 34.930000 0.000000
      vertex 141.060000 36.930000 0.000000
    endloop
  endfacet
  facet normal 0.000000 0.000000 -1.000000
    outer loop
      vertex 135.460000 34.930000 0.000000
      vertex 141.060000 36.930000 0.000000
      vertex 135.460000 36.930000 0.000000
    endloop
  endfacet
  facet normal 0.000000 0.000000 1.000000
    outer loop
      vertex 135.460000 34.930000 3.000000
      vertex 135.460000 36.930000 3.000000
      vertex 141.060000 36.930000 3.000000
    endloop
  endfacet
  facet normal 0.000000 0.000000 1.000000
    outer loop
      vertex 135.460000 34.930000 3.000000
      vertex 141.060000 36.930000 3.000000
      vertex 141.060000 34.930000 3.000000
    endloop
  endfacet
  facet normal 1.000000 0.000000 0.000000
    outer loop
      vertex 141.060000 36.930000 0.000000
      vertex 141.060000 36.930000 3.000000
      vertex 141.060000 53.480000 3.000000
    endloop
  endfacet
  facet normal 1.000000 0.000000 0.000000
    outer loop
      vertex 141.060000 36.930000 0.000000
      vertex 141.060000 53.480000 3.000000
      vertex 141.060000 53.480000 0.000000
    endloop
  endfacet
  facet normal 0.000000 0.000000 -1.000000
    outer loop
      vertex 135.460000 36.930000 0.000000
      vertex 141.060000 36.930000 0.000000
      vertex 141.060000 53.480000 0.000000
    endloop
  endfacet
  facet normal 0.000000 0.000000 -1.000000
    outer loop
      vertex 135.460000 36.930000 0.000000
      vertex 141.060000 53.480000 0.000000
      vertex 135.460000 53.480000 0.000000
    endloop
  endfacet
  facet normal 0.000000 0.000000 1.000000
    outer loop
      vertex 135.460000 36.930000 3.000000
      vertex 135.460000 53.480000 3.000000
      vertex 141.060000 53.480000 3.000000
    endloop
  endfacet
  facet normal 0.000000 0.000000 1.000000
    outer loop
      vertex 135.460000 36.930000 3.000000
      vertex 141.060000 53.480000 3.000000
      vertex 141.060000 36.930000 3.000000
    endloop
  endfacet
  facet normal 1.000000 0.000000 0.000000
    outer loop
      vertex 141.060000 53.480000 0.000000
      vertex 141.060000 53.480000 3.000000
      vertex 141.060000 55.870000 3.000000
    endloop
  endfacet
  facet normal 1.000000 0.000000 0.000000
    outer loop
      vertex 141.060000 53.480000 0.000000
      vertex 141.060000 55.870000 3.000000
      vertex 141.060000 55.870000 0.000000
    endloop
  endfacet
  facet normal 0.000000 0.000000 -1.000000
    outer loop
      vertex 135.460000 53.480000 0.000000
      vertex 141.060000 53.480000 0.000000
      vertex 141.060000 55.870000 0.000000
    endloop
  endfacet
  facet normal 0.000000 0.000000 -1.000000
    outer loop
      vertex 135.460000 53.480000 0.000000
      vertex 141.060000 55.870000 0.000000
      vertex 135.460000 55.870000 0.000000
    endloop
  endfacet
  facet normal 0.000000 0.000000 1.000000
    outer loop
      vertex 135.460000 53.480000 3.000000
      vertex 135.460000 55.870000 3.000000
      vertex 141.060000 55.870000 3.000000
    endloop
  endfacet
  facet normal 0.000000 0.000000 1.000000
    outer loop
      vertex 135.460000 53.480000 3.000000
      vertex 141.060000 55.870000 3.000000
      vertex 141.060000 53.480000 3.000000
    endloop
  endfacet
  facet normal 1.000000 0.000000 0.000000
    outer loop
      vertex 141.060000 55.870000 0.000000
      vertex 141.060000 55.870000 3.000000
      vertex 141.060000 57.870000 3.000000
    endloop
  endfacet
  facet normal 1.000000 0.000000 0.000000
    outer loop
      vertex 141.060000 55.870000 0.000000
      vertex 141.060000 57.870000 3.000000
      vertex 141.060000 57.870000 0.000000
    endloop
  endfacet
  facet normal 0.000000 0.000000 -1.000000
    outer loop
      vertex 135.460000 55.870000 0.000000
      vertex 141.060000 55.870000 0.000000
      vertex 141.060000 57.870000 0.000000
    endloop
  endfacet
  facet normal 0.000000 0.000000 -1.000000
    outer loop
      vertex 135.460000 55.870000 0.000000
      vertex 141.060000 57.870000 0.000000
      vertex 135.460000 57.870000 0.000000
    endloop
  endfacet
  facet normal 0.000000 0.000000 1.000000
    outer loop
      vertex 135.460000 55.870000 3.000000
      vertex 135.460000 57.870000 3.000000
      vertex 141.060000 57.870000 3.000000
    endloop
  endfacet
  facet normal 0.000000 0.000000 1.000000
    outer loop
      vertex 135.460000 55.870000 3.000000
      vertex 141.060000 57.870000 3.000000
      vertex 141.060000 55.870000 3.000000
    endloop
  endfacet
  facet normal 1.000000 0.000000 0.000000
    outer loop
      vertex 141.060000 57.870000 0.000000
      vertex 141.060000 57.870000 3.000000
      vertex 141.060000 62.870000 3.000000
    endloop
  endfacet
  facet normal 1.000000 0.000000 0.000000
    outer loop
      vertex 141.060000 57.870000 0.000000
      vertex 141.060000 62.870000 3.000000
      vertex 141.060000 62.870000 0.000000
    endloop
  endfacet
  facet normal 0.000000 0.000000 -1.000000
    outer loop
      vertex 135.460000 57.870000 0.000000
      vertex 141.060000 57.870000 0.000000
      vertex 141.060000 62.870000 0.000000
    endloop
  endfacet
  facet normal 0.000000 0.000000 -1.000000
    outer loop
      vertex 135.460000 57.870000 0.000000
      vertex 141.060000 62.870000 0.000000
      vertex 135.460000 62.870000 0.000000
    endloop
  endfacet
  facet normal 0.000000 0.000000 1.000000
    outer loop
      vertex 135.460000 57.870000 3.000000
      vertex 135.460000 62.870000 3.000000
      vertex 141.060000 62.870000 3.000000
    endloop
  endfacet
  facet normal 0.000000 0.000000 1.000000
    outer loop
      vertex 135.460000 57.870000 3.000000
      vertex 141.060000 62.870000 3.000000
      vertex 141.060000 57.870000 3.000000
    endloop
  endfacet
  facet normal 1.000000 0.000000 0.000000
    outer loop
      vertex 141.060000 62.870000 0.000000
      vertex 141.060000 62.870000 3.000000
      vertex 141.060000 64.480000 3.000000
    endloop
  endfacet
  facet normal 1.000000 0.000000 0.000000
    outer loop
      vertex 141.060000 62.870000 0.000000
      vertex 141.060000 64.480000 3.000000
      vertex 141.060000 64.480000 0.000000
    endloop
  endfacet
  facet normal 0.000000 0.000000 -1.000000
    outer loop
      vertex 135.460000 62.870000 0.000000
      vertex 141.060000 62.870000 0.000000
      vertex 141.060000 64.480000 0.000000
    endloop
  endfacet
  facet normal 0.000000 0.000000 -1.000000
    outer loop
      vertex 135.460000 62.870000 0.000000
      vertex 141.060000 64.480000 0.000000
      vertex 135.460000 64.480000 0.000000
    endloop
  endfacet
  facet normal 0.000000 0.000000 1.000000
    outer loop
      vertex 135.460000 62.870000 3.000000
      vertex 135.460000 64.480000 3.000000
      vertex 141.060000 64.480000 3.000000
    endloop
  endfacet
  facet normal 0.000000 0.000000 1.000000
    outer loop
      vertex 135.460000 62.870000 3.000000
      vertex 141.060000 64.480000 3.000000
      vertex 141.060000 62.870000 3.000000
    endloop
  endfacet
  facet normal 1.000000 0.000000 0.000000
    outer loop
      vertex 141.060000 64.480000 0.000000
      vertex 141.060000 64.480000 3.000000
      vertex 141.060000 64.870000 3.000000
    endloop
  endfacet
  facet normal 1.000000 0.000000 0.000000
    outer loop
      vertex 141.060000 64.480000 0.000000
      vertex 141.060000 64.870000 3.000000
      vertex 141.060000 64.870000 0.000000
    endloop
  endfacet
  facet normal 0.000000 0.000000 -1.000000
    outer loop
      vertex 135.460000 64.480000 0.000000
      vertex 141.060000 64.480000 0.000000
      vertex 141.060000 64.870000 0.000000
    endloop
  endfacet
  facet normal 0.000000 0.000000 -1.000000
    outer loop
      vertex 135.460000 64.480000 0.000000
      vertex 141.060000 64.870000 0.000000
      vertex 135.460000 64.870000 0.000000
    endloop
  endfacet
  facet normal 0.000000 0.000000 1.000000
    outer loop
      vertex 135.460000 64.480000 3.000000
      vertex 135.460000 64.870000 3.000000
      vertex 141.060000 64.870000 3.000000
    endloop
  endfacet
  facet normal 0.000000 0.000000 1.000000
    outer loop
      vertex 135.460000 64.480000 3.000000
      vertex 141.060000 64.870000 3.000000
      vertex 141.060000 64.480000 3.000000
    endloop
  endfacet
  facet normal 1.000000 0.000000 0.000000
    outer loop
      vertex 141.060000 64.870000 0.000000
      vertex 141.060000 64.870000 3.000000
      vertex 141.060000 66.880000 3.000000
    endloop
  endfacet
  facet normal 1.000000 0.000000 0.000000
    outer loop
      vertex 141.060000 64.870000 0.000000
      vertex 141.060000 66.880000 3.000000
      vertex 141.060000 66.880000 0.000000
    endloop
  endfacet
  facet normal 0.000000 0.000000 -1.000000
    outer loop
      vertex 135.460000 64.870000 0.000000
      vertex 141.060000 64.870000 0.000000
      vertex 141.060000 66.880000 0.000000
    endloop
  endfacet
  facet normal 0.000000 0.000000 -1.000000
    outer loop
      vertex 135.460000 64.870000 0.000000
      vertex 141.060000 66.880000 0.000000
      vertex 135.460000 66.880000 0.000000
    endloop
  endfacet
  facet normal 0.000000 0.000000 1.000000
    outer loop
      vertex 135.460000 64.870000 3.000000
      vertex 135.460000 66.880000 3.000000
      vertex 141.060000 66.880000 3.000000
    endloop
  endfacet
  facet normal 0.000000 0.000000 1.000000
    outer loop
      vertex 135.460000 64.870000 3.000000
      vertex 141.060000 66.880000 3.000000
      vertex 141.060000 64.870000 3.000000
    endloop
  endfacet
  facet normal 1.000000 0.000000 0.000000
    outer loop
      vertex 141.060000 66.880000 0.000000
      vertex 141.060000 66.880000 3.000000
      vertex 141.060000 72.480000 3.000000
    endloop
  endfacet
  facet normal 1.000000 0.000000 0.000000
    outer loop
      vertex 141.060000 66.880000 0.000000
      vertex 141.060000 72.480000 3.000000
      vertex 141.060000 72.480000 0.000000
    endloop
  endfacet
  facet normal 0.000000 1.000000 0.000000
    outer loop
      vertex 135.460000 72.480000 0.000000
      vertex 141.060000 72.480000 0.000000
      vertex 141.060000 72.480000 3.000000
    endloop
  endfacet
  facet normal 0.000000 1.000000 0.000000
    outer loop
      vertex 135.460000 72.480000 0.000000
      vertex 141.060000 72.480000 3.000000
      vertex 135.460000 72.480000 3.000000
    endloop
  endfacet
  facet normal 0.000000 0.000000 -1.000000
    outer loop
      vertex 135.460000 66.880000 0.000000
      vertex 141.060000 66.880000 0.000000
      vertex 141.060000 72.480000 0.000000
    endloop
  endfacet
  facet normal 0.000000 0.000000 -1.000000
    outer loop
      vertex 135.460000 66.880000 0.000000
      vertex 141.060000 72.480000 0.000000
      vertex 135.460000 72.480000 0.000000
    endloop
  endfacet
  facet normal 0.000000 0.000000 1.000000
    outer loop
      vertex 135.460000 66.880000 3.000000
      vertex 135.460000 72.480000 3.000000
      vertex 141.060000 72.480000 3.000000
    endloop
  endfacet
  facet normal 0.000000 0.000000 1.000000
    outer loop
      vertex 135.460000 66.880000 3.000000
      vertex 141.060000 72.480000 3.000000
      vertex 141.060000 66.880000 3.000000
    endloop
  endfacet
endsolid ek_tm4c129exl_holder_m3_v1
