solid ek_tm4c129exl_case_lid_v1
  facet normal -1.000000 0.000000 0.000000
    outer loop
      vertex 0.000000 0.000000 0.000000
      vertex 0.000000 2.400000 0.000000
      vertex 0.000000 2.400000 0.500000
    endloop
  endfacet
  facet normal -1.000000 0.000000 0.000000
    outer loop
      vertex 0.000000 0.000000 0.000000
      vertex 0.000000 2.400000 0.500000
      vertex 0.000000 0.000000 0.500000
    endloop
  endfacet
  facet normal 0.000000 -1.000000 0.000000
    outer loop
      vertex 0.000000 0.000000 0.000000
      vertex 0.000000 0.000000 0.500000
      vertex 2.400000 0.000000 0.500000
    endloop
  endfacet
  facet normal 0.000000 -1.000000 0.000000
    outer loop
      vertex 0.000000 0.000000 0.000000
      vertex 2.400000 0.000000 0.500000
      vertex 2.400000 0.000000 0.000000
    endloop
  endfacet
  facet normal 0.000000 0.000000 -1.000000
    outer loop
      vertex 0.000000 0.000000 0.000000
      vertex 2.400000 0.000000 0.000000
      vertex 2.400000 2.400000 0.000000
    endloop
  endfacet
  facet normal 0.000000 0.000000 -1.000000
    outer loop
      vertex 0.000000 0.000000 0.000000
      vertex 2.400000 2.400000 0.000000
      vertex 0.000000 2.400000 0.000000
    endloop
  endfacet
  facet normal -1.000000 0.000000 0.000000
    outer loop
      vertex 0.000000 0.000000 0.500000
      vertex 0.000000 2.400000 0.500000
      vertex 0.000000 2.400000 9.000000
    endloop
  endfacet
  facet normal -1.000000 0.000000 0.000000
    outer loop
      vertex 0.000000 0.000000 0.500000
      vertex 0.000000 2.400000 9.000000
      vertex 0.000000 0.000000 9.000000
    endloop
  endfacet
  facet normal 0.000000 -1.000000 0.000000
    outer loop
      vertex 0.000000 0.000000 0.500000
      vertex 0.000000 0.000000 9.000000
      vertex 2.400000 0.000000 9.000000
    endloop
  endfacet
  facet normal 0.000000 -1.000000 0.000000
    outer loop
      vertex 0.000000 0.000000 0.500000
      vertex 2.400000 0.000000 9.000000
      vertex 2.400000 0.000000 0.500000
    endloop
  endfacet
  facet normal -1.000000 0.000000 0.000000
    outer loop
      vertex 0.000000 0.000000 9.000000
      vertex 0.000000 2.400000 9.000000
      vertex 0.000000 2.400000 10.000000
    endloop
  endfacet
  facet normal -1.000000 0.000000 0.000000
    outer loop
      vertex 0.000000 0.000000 9.000000
      vertex 0.000000 2.400000 10.000000
      vertex 0.000000 0.000000 10.000000
    endloop
  endfacet
  facet normal 0.000000 -1.000000 0.000000
    outer loop
      vertex 0.000000 0.000000 9.000000
      vertex 0.000000 0.000000 10.000000
      vertex 2.400000 0.000000 10.000000
    endloop
  endfacet
  facet normal 0.000000 -1.000000 0.000000
    outer loop
      vertex 0.000000 0.000000 9.000000
      vertex 2.400000 0.000000 10.000000
      vertex 2.400000 0.000000 9.000000
    endloop
  endfacet
  facet normal -1.000000 0.000000 0.000000
    outer loop
      vertex 0.000000 0.000000 10.000000
      vertex 0.000000 2.400000 10.000000
      vertex 0.000000 2.400000 10.200000
    endloop
  endfacet
  facet normal -1.000000 0.000000 0.000000
    outer loop
      vertex 0.000000 0.000000 10.000000
      vertex 0.000000 2.400000 10.200000
      vertex 0.000000 0.000000 10.200000
    endloop
  endfacet
  facet normal 0.000000 -1.000000 0.000000
    outer loop
      vertex 0.000000 0.000000 10.000000
      vertex 0.000000 0.000000 10.200000
      vertex 2.400000 0.000000 10.200000
    endloop
  endfacet
  facet normal 0.000000 -1.000000 0.000000
    outer loop
      vertex 0.000000 0.000000 10.000000
      vertex 2.400000 0.000000 10.200000
      vertex 2.400000 0.000000 10.000000
    endloop
  endfacet
  facet normal -1.000000 0.000000 0.000000
    outer loop
      vertex 0.000000 0.000000 10.200000
      vertex 0.000000 2.400000 10.200000
      vertex 0.000000 2.400000 25.500000
    endloop
  endfacet
  facet normal -1.000000 0.000000 0.000000
    outer loop
      vertex 0.000000 0.000000 10.200000
      vertex 0.000000 2.400000 25.500000
      vertex 0.000000 0.000000 25.500000
    endloop
  endfacet
  facet normal 0.000000 -1.000000 0.000000
    outer loop
      vertex 0.000000 0.000000 10.200000
      vertex 0.000000 0.000000 25.500000
      vertex 2.400000 0.000000 25.500000
    endloop
  endfacet
  facet normal 0.000000 -1.000000 0.000000
    outer loop
      vertex 0.000000 0.000000 10.200000
      vertex 2.400000 0.000000 25.500000
      vertex 2.400000 0.000000 10.200000
    endloop
  endfacet
  facet normal -1.000000 0.000000 0.000000
    outer loop
      vertex 0.000000 0.000000 25.500000
      vertex 0.000000 2.400000 25.500000
      vertex 0.000000 2.400000 25.600000
    endloop
  endfacet
  facet normal -1.000000 0.000000 0.000000
    outer loop
      vertex 0.000000 0.000000 25.500000
      vertex 0.000000 2.400000 25.600000
      vertex 0.000000 0.000000 25.600000
    endloop
  endfacet
  facet normal 0.000000 -1.000000 0.000000
    outer loop
      vertex 0.000000 0.000000 25.500000
      vertex 0.000000 0.000000 25.600000
      vertex 2.400000 0.000000 25.600000
    endloop
  endfacet
  facet normal 0.000000 -1.000000 0.000000
    outer loop
      vertex 0.000000 0.000000 25.500000
      vertex 2.400000 0.000000 25.600000
      vertex 2.400000 0.000000 25.500000
    endloop
  endfacet
  facet normal -1.000000 0.000000 0.000000
    outer loop
      vertex 0.000000 0.000000 25.600000
      vertex 0.000000 2.400000 25.600000
      vertex 0.000000 2.400000 28.000000
    endloop
  endfacet
  facet normal -1.000000 0.000000 0.000000
    outer loop
      vertex 0.000000 0.000000 25.600000
      vertex 0.000000 2.400000 28.000000
      vertex 0.000000 0.000000 28.000000
    endloop
  endfacet
  facet normal 0.000000 -1.000000 0.000000
    outer loop
      vertex 0.000000 0.000000 25.600000
      vertex 0.000000 0.000000 28.000000
      vertex 2.400000 0.000000 28.000000
    endloop
  endfacet
  facet normal 0.000000 -1.000000 0.000000
    outer loop
      vertex 0.000000 0.000000 25.600000
      vertex 2.400000 0.000000 28.000000
      vertex 2.400000 0.000000 25.600000
    endloop
  endfacet
  facet normal 0.000000 0.000000 1.000000
    outer loop
      vertex 0.000000 0.000000 28.000000
      vertex 0.000000 2.400000 28.000000
      vertex 2.400000 2.400000 28.000000
    endloop
  endfacet
  facet normal 0.000000 0.000000 1.000000
    outer loop
      vertex 0.000000 0.000000 28.000000
      vertex 2.400000 2.400000 28.000000
      vertex 2.400000 0.000000 28.000000
    endloop
  endfacet
  facet normal -1.000000 0.000000 0.000000
    outer loop
      vertex 0.000000 2.400000 0.000000
      vertex 0.000000 4.000000 0.000000
      vertex 0.000000 4.000000 0.500000
    endloop
  endfacet
  facet normal -1.000000 0.000000 0.000000
    outer loop
      vertex 0.000000 2.400000 0.000000
      vertex 0.000000 4.000000 0.500000
      vertex 0.000000 2.400000 0.500000
    endloop
  endfacet
  facet normal 1.000000 0.000000 0.000000
    outer loop
      vertex 2.400000 2.400000 0.000000
      vertex 2.400000 2.400000 0.500000
      vertex 2.400000 4.000000 0.500000
    endloop
  endfacet
  facet normal 1.000000 0.000000 0.000000
    outer loop
      vertex 2.400000 2.400000 0.000000
      vertex 2.400000 4.000000 0.500000
      vertex 2.400000 4.000000 0.000000
    endloop
  endfacet
  facet normal 0.000000 0.000000 -1.000000
    outer loop
      vertex 0.000000 2.400000 0.000000
      vertex 2.400000 2.400000 0.000000
      vertex 2.400000 4.000000 0.000000
    endloop
  endfacet
  facet normal 0.000000 0.000000 -1.000000
    outer loop
      vertex 0.000000 2.400000 0.000000
      vertex 2.400000 4.000000 0.000000
      vertex 0.000000 4.000000 0.000000
    endloop
  endfacet
  facet normal -1.000000 0.000000 0.000000
    outer loop
      vertex 0.000000 2.400000 0.500000
      vertex 0.000000 4.000000 0.500000
      vertex 0.000000 4.000000 9.000000
    endloop
  endfacet
  facet normal -1.000000 0.000000 0.000000
    outer loop
      vertex 0.000000 2.400000 0.500000
      vertex 0.000000 4.000000 9.000000
      vertex 0.000000 2.400000 9.000000
    endloop
  endfacet
  facet normal 1.000000 0.000000 0.000000
    outer loop
      vertex 2.400000 2.400000 0.500000
      vertex 2.400000 2.400000 9.000000
      vertex 2.400000 4.000000 9.000000
    endloop
  endfacet
  facet normal 1.000000 0.000000 0.000000
    outer loop
      vertex 2.400000 2.400000 0.500000
      vertex 2.400000 4.000000 9.000000
      vertex 2.400000 4.000000 0.500000
    endloop
  endfacet
  facet normal -1.000000 0.000000 0.000000
    outer loop
      vertex 0.000000 2.400000 9.000000
      vertex 0.000000 4.000000 9.000000
      vertex 0.000000 4.000000 10.000000
    endloop
  endfacet
  facet normal -1.000000 0.000000 0.000000
    outer loop
      vertex 0.000000 2.400000 9.000000
      vertex 0.000000 4.000000 10.000000
      vertex 0.000000 2.400000 10.000000
    endloop
  endfacet
  facet normal 1.000000 0.000000 0.000000
    outer loop
      vertex 2.400000 2.400000 9.000000
      vertex 2.400000 2.400000 10.000000
      vertex 2.400000 4.000000 10.000000
    endloop
  endfacet
  facet normal 1.000000 0.000000 0.000000
    outer loop
      vertex 2.400000 2.400000 9.000000
      vertex 2.400000 4.000000 10.000000
      vertex 2.400000 4.000000 9.000000
    endloop
  endfacet
  facet normal -1.000000 0.000000 0.000000
    outer loop
      vertex 0.000000 2.400000 10.000000
      vertex 0.000000 4.000000 10.000000
      vertex 0.000000 4.000000 10.200000
    endloop
  endfacet
  facet normal -1.000000 0.000000 0.000000
    outer loop
      vertex 0.000000 2.400000 10.000000
      vertex 0.000000 4.000000 10.200000
      vertex 0.000000 2.400000 10.200000
    endloop
  endfacet
  facet normal 1.000000 0.000000 0.000000
    outer loop
      vertex 2.400000 2.400000 10.000000
      vertex 2.400000 2.400000 10.200000
      vertex 2.400000 4.000000 10.200000
    endloop
  endfacet
  facet normal 1.000000 0.000000 0.000000
    outer loop
      vertex 2.400000 2.400000 10.000000
      vertex 2.400000 4.000000 10.200000
      vertex 2.400000 4.000000 10.000000
    endloop
  endfacet
  facet normal -1.000000 0.000000 0.000000
    outer loop
      vertex 0.000000 2.400000 10.200000
      vertex 0.000000 4.000000 10.200000
      vertex 0.000000 4.000000 25.500000
    endloop
  endfacet
  facet normal -1.000000 0.000000 0.000000
    outer loop
      vertex 0.000000 2.400000 10.200000
      vertex 0.000000 4.000000 25.500000
      vertex 0.000000 2.400000 25.500000
    endloop
  endfacet
  facet normal 1.000000 0.000000 0.000000
    outer loop
      vertex 2.400000 2.400000 10.200000
      vertex 2.400000 2.400000 25.500000
      vertex 2.400000 4.000000 25.500000
    endloop
  endfacet
  facet normal 1.000000 0.000000 0.000000
    outer loop
      vertex 2.400000 2.400000 10.200000
      vertex 2.400000 4.000000 25.500000
      vertex 2.400000 4.000000 10.200000
    endloop
  endfacet
  facet normal -1.000000 0.000000 0.000000
    outer loop
      vertex 0.000000 2.400000 25.500000
      vertex 0.000000 4.000000 25.500000
      vertex 0.000000 4.000000 25.600000
    endloop
  endfacet
  facet normal -1.000000 0.000000 0.000000
    outer loop
      vertex 0.000000 2.400000 25.500000
      vertex 0.000000 4.000000 25.600000
      vertex 0.000000 2.400000 25.600000
    endloop
  endfacet
  facet normal 1.000000 0.000000 0.000000
    outer loop
      vertex 2.400000 2.400000 25.500000
      vertex 2.400000 2.400000 25.600000
      vertex 2.400000 4.000000 25.600000
    endloop
  endfacet
  facet normal 1.000000 0.000000 0.000000
    outer loop
      vertex 2.400000 2.400000 25.500000
      vertex 2.400000 4.000000 25.600000
      vertex 2.400000 4.000000 25.500000
    endloop
  endfacet
  facet normal -1.000000 0.000000 0.000000
    outer loop
      vertex 0.000000 2.400000 25.600000
      vertex 0.000000 4.000000 25.600000
      vertex 0.000000 4.000000 28.000000
    endloop
  endfacet
  facet normal -1.000000 0.000000 0.000000
    outer loop
      vertex 0.000000 2.400000 25.600000
      vertex 0.000000 4.000000 28.000000
      vertex 0.000000 2.400000 28.000000
    endloop
  endfacet
  facet normal 0.000000 0.000000 1.000000
    outer loop
      vertex 0.000000 2.400000 28.000000
      vertex 0.000000 4.000000 28.000000
      vertex 2.400000 4.000000 28.000000
    endloop
  endfacet
  facet normal 0.000000 0.000000 1.000000
    outer loop
      vertex 0.000000 2.400000 28.000000
      vertex 2.400000 4.000000 28.000000
      vertex 2.400000 2.400000 28.000000
    endloop
  endfacet
  facet normal -1.000000 0.000000 0.000000
    outer loop
      vertex 0.000000 4.000000 0.000000
      vertex 0.000000 13.282000 0.000000
      vertex 0.000000 13.282000 0.500000
    endloop
  endfacet
  facet normal -1.000000 0.000000 0.000000
    outer loop
      vertex 0.000000 4.000000 0.000000
      vertex 0.000000 13.282000 0.500000
      vertex 0.000000 4.000000 0.500000
    endloop
  endfacet
  facet normal 1.000000 0.000000 0.000000
    outer loop
      vertex 2.400000 4.000000 0.000000
      vertex 2.400000 4.000000 0.500000
      vertex 2.400000 13.282000 0.500000
    endloop
  endfacet
  facet normal 1.000000 0.000000 0.000000
    outer loop
      vertex 2.400000 4.000000 0.000000
      vertex 2.400000 13.282000 0.500000
      vertex 2.400000 13.282000 0.000000
    endloop
  endfacet
  facet normal 0.000000 0.000000 -1.000000
    outer loop
      vertex 0.000000 4.000000 0.000000
      vertex 2.400000 4.000000 0.000000
      vertex 2.400000 13.282000 0.000000
    endloop
  endfacet
  facet normal 0.000000 0.000000 -1.000000
    outer loop
      vertex 0.000000 4.000000 0.000000
      vertex 2.400000 13.282000 0.000000
      vertex 0.000000 13.282000 0.000000
    endloop
  endfacet
  facet normal -1.000000 0.000000 0.000000
    outer loop
      vertex 0.000000 4.000000 0.500000
      vertex 0.000000 13.282000 0.500000
      vertex 0.000000 13.282000 9.000000
    endloop
  endfacet
  facet normal -1.000000 0.000000 0.000000
    outer loop
      vertex 0.000000 4.000000 0.500000
      vertex 0.000000 13.282000 9.000000
      vertex 0.000000 4.000000 9.000000
    endloop
  endfacet
  facet normal 1.000000 0.000000 0.000000
    outer loop
      vertex 2.400000 4.000000 0.500000
      vertex 2.400000 4.000000 9.000000
      vertex 2.400000 13.282000 9.000000
    endloop
  endfacet
  facet normal 1.000000 0.000000 0.000000
    outer loop
      vertex 2.400000 4.000000 0.500000
      vertex 2.400000 13.282000 9.000000
      vertex 2.400000 13.282000 0.500000
    endloop
  endfacet
  facet normal -1.000000 0.000000 0.000000
    outer loop
      vertex 0.000000 4.000000 9.000000
      vertex 0.000000 13.282000 9.000000
      vertex 0.000000 13.282000 10.000000
    endloop
  endfacet
  facet normal -1.000000 0.000000 0.000000
    outer loop
      vertex 0.000000 4.000000 9.000000
      vertex 0.000000 13.282000 10.000000
      vertex 0.000000 4.000000 10.000000
    endloop
  endfacet
  facet normal 1.000000 0.000000 0.000000
    outer loop
      vertex 2.400000 4.000000 9.000000
      vertex 2.400000 4.000000 10.000000
      vertex 2.400000 13.282000 10.000000
    endloop
  endfacet
  facet normal 1.000000 0.000000 0.000000
    outer loop
      vertex 2.400000 4.000000 9.000000
      vertex 2.400000 13.282000 10.000000
      vertex 2.400000 13.282000 9.000000
    endloop
  endfacet
  facet normal -1.000000 0.000000 0.000000
    outer loop
      vertex 0.000000 4.000000 10.000000
      vertex 0.000000 13.282000 10.000000
      vertex 0.000000 13.282000 10.200000
    endloop
  endfacet
  facet normal -1.000000 0.000000 0.000000
    outer loop
      vertex 0.000000 4.000000 10.000000
      vertex 0.000000 13.282000 10.200000
      vertex 0.000000 4.000000 10.200000
    endloop
  endfacet
  facet normal 1.000000 0.000000 0.000000
    outer loop
      vertex 2.400000 4.000000 10.000000
      vertex 2.400000 4.000000 10.200000
      vertex 2.400000 13.282000 10.200000
    endloop
  endfacet
  facet normal 1.000000 0.000000 0.000000
    outer loop
      vertex 2.400000 4.000000 10.000000
      vertex 2.400000 13.282000 10.200000
      vertex 2.400000 13.282000 10.000000
    endloop
  endfacet
  facet normal -1.000000 0.000000 0.000000
    outer loop
      vertex 0.000000 4.000000 10.200000
      vertex 0.000000 13.282000 10.200000
      vertex 0.000000 13.282000 25.500000
    endloop
  endfacet
  facet normal -1.000000 0.000000 0.000000
    outer loop
      vertex 0.000000 4.000000 10.200000
      vertex 0.000000 13.282000 25.500000
      vertex 0.000000 4.000000 25.500000
    endloop
  endfacet
  facet normal 1.000000 0.000000 0.000000
    outer loop
      vertex 2.400000 4.000000 10.200000
      vertex 2.400000 4.000000 25.500000
      vertex 2.400000 13.282000 25.500000
    endloop
  endfacet
  facet normal 1.000000 0.000000 0.000000
    outer loop
      vertex 2.400000 4.000000 10.200000
      vertex 2.400000 13.282000 25.500000
      vertex 2.400000 13.282000 10.200000
    endloop
  endfacet
  facet normal -1.000000 0.000000 0.000000
    outer loop
      vertex 0.000000 4.000000 25.500000
      vertex 0.000000 13.282000 25.500000
      vertex 0.000000 13.282000 25.600000
    endloop
  endfacet
  facet normal -1.000000 0.000000 0.000000
    outer loop
      vertex 0.000000 4.000000 25.500000
      vertex 0.000000 13.282000 25.600000
      vertex 0.000000 4.000000 25.600000
    endloop
  endfacet
  facet normal 1.000000 0.000000 0.000000
    outer loop
      vertex 2.400000 4.000000 25.500000
      vertex 2.400000 4.000000 25.600000
      vertex 2.400000 13.282000 25.600000
    endloop
  endfacet
  facet normal 1.000000 0.000000 0.000000
    outer loop
      vertex 2.400000 4.000000 25.500000
      vertex 2.400000 13.282000 25.600000
      vertex 2.400000 13.282000 25.500000
    endloop
  endfacet
  facet normal -1.000000 0.000000 0.000000
    outer loop
      vertex 0.000000 4.000000 25.600000
      vertex 0.000000 13.282000 25.600000
      vertex 0.000000 13.282000 28.000000
    endloop
  endfacet
  facet normal -1.000000 0.000000 0.000000
    outer loop
      vertex 0.000000 4.000000 25.600000
      vertex 0.000000 13.282000 28.000000
      vertex 0.000000 4.000000 28.000000
    endloop
  endfacet
  facet normal 0.000000 0.000000 1.000000
    outer loop
      vertex 0.000000 4.000000 28.000000
      vertex 0.000000 13.282000 28.000000
      vertex 2.400000 13.282000 28.000000
    endloop
  endfacet
  facet normal 0.000000 0.000000 1.000000
    outer loop
      vertex 0.000000 4.000000 28.000000
      vertex 2.400000 13.282000 28.000000
      vertex 2.400000 4.000000 28.000000
    endloop
  endfacet
  facet normal -1.000000 0.000000 0.000000
    outer loop
      vertex 0.000000 13.282000 0.000000
      vertex 0.000000 18.899000 0.000000
      vertex 0.000000 18.899000 0.500000
    endloop
  endfacet
  facet normal -1.000000 0.000000 0.000000
    outer loop
      vertex 0.000000 13.282000 0.000000
      vertex 0.000000 18.899000 0.500000
      vertex 0.000000 13.282000 0.500000
    endloop
  endfacet
  facet normal 1.000000 0.000000 0.000000
    outer loop
      vertex 2.400000 13.282000 0.000000
      vertex 2.400000 13.282000 0.500000
      vertex 2.400000 18.899000 0.500000
    endloop
  endfacet
  facet normal 1.000000 0.000000 0.000000
    outer loop
      vertex 2.400000 13.282000 0.000000
      vertex 2.400000 18.899000 0.500000
      vertex 2.400000 18.899000 0.000000
    endloop
  endfacet
  facet normal 0.000000 0.000000 -1.000000
    outer loop
      vertex 0.000000 13.282000 0.000000
      vertex 2.400000 13.282000 0.000000
      vertex 2.400000 18.899000 0.000000
    endloop
  endfacet
  facet normal 0.000000 0.000000 -1.000000
    outer loop
      vertex 0.000000 13.282000 0.000000
      vertex 2.400000 18.899000 0.000000
      vertex 0.000000 18.899000 0.000000
    endloop
  endfacet
  facet normal -1.000000 0.000000 0.000000
    outer loop
      vertex 0.000000 13.282000 0.500000
      vertex 0.000000 18.899000 0.500000
      vertex 0.000000 18.899000 9.000000
    endloop
  endfacet
  facet normal -1.000000 0.000000 0.000000
    outer loop
      vertex 0.000000 13.282000 0.500000
      vertex 0.000000 18.899000 9.000000
      vertex 0.000000 13.282000 9.000000
    endloop
  endfacet
  facet normal 1.000000 0.000000 0.000000
    outer loop
      vertex 2.400000 13.282000 0.500000
      vertex 2.400000 13.282000 9.000000
      vertex 2.400000 18.899000 9.000000
    endloop
  endfacet
  facet normal 1.000000 0.000000 0.000000
    outer loop
      vertex 2.400000 13.282000 0.500000
      vertex 2.400000 18.899000 9.000000
      vertex 2.400000 18.899000 0.500000
    endloop
  endfacet
  facet normal -1.000000 0.000000 0.000000
    outer loop
      vertex 0.000000 13.282000 9.000000
      vertex 0.000000 18.899000 9.000000
      vertex 0.000000 18.899000 10.000000
    endloop
  endfacet
  facet normal -1.000000 0.000000 0.000000
    outer loop
      vertex 0.000000 13.282000 9.000000
      vertex 0.000000 18.899000 10.000000
      vertex 0.000000 13.282000 10.000000
    endloop
  endfacet
  facet normal 1.000000 0.000000 0.000000
    outer loop
      vertex 2.400000 13.282000 9.000000
      vertex 2.400000 13.282000 10.000000
      vertex 2.400000 18.899000 10.000000
    endloop
  endfacet
  facet normal 1.000000 0.000000 0.000000
    outer loop
      vertex 2.400000 13.282000 9.000000
      vertex 2.400000 18.899000 10.000000
      vertex 2.400000 18.899000 9.000000
    endloop
  endfacet
  facet normal -1.000000 0.000000 0.000000
    outer loop
      vertex 0.000000 13.282000 10.000000
      vertex 0.000000 18.899000 10.000000
      vertex 0.000000 18.899000 10.200000
    endloop
  endfacet
  facet normal -1.000000 0.000000 0.000000
    outer loop
      vertex 0.000000 13.282000 10.000000
      vertex 0.000000 18.899000 10.200000
      vertex 0.000000 13.282000 10.200000
    endloop
  endfacet
  facet normal 1.000000 0.000000 0.000000
    outer loop
      vertex 2.400000 13.282000 10.000000
      vertex 2.400000 13.282000 10.200000
      vertex 2.400000 18.899000 10.200000
    endloop
  endfacet
  facet normal 1.000000 0.000000 0.000000
    outer loop
      vertex 2.400000 13.282000 10.000000
      vertex 2.400000 18.899000 10.200000
      vertex 2.400000 18.899000 10.000000
    endloop
  endfacet
  facet normal -1.000000 0.000000 0.000000
    outer loop
      vertex 0.000000 13.282000 10.200000
      vertex 0.000000 18.899000 10.200000
      vertex 0.000000 18.899000 25.500000
    endloop
  endfacet
  facet normal -1.000000 0.000000 0.000000
    outer loop
      vertex 0.000000 13.282000 10.200000
      vertex 0.000000 18.899000 25.500000
      vertex 0.000000 13.282000 25.500000
    endloop
  endfacet
  facet normal 1.000000 0.000000 0.000000
    outer loop
      vertex 2.400000 13.282000 10.200000
      vertex 2.400000 13.282000 25.500000
      vertex 2.400000 18.899000 25.500000
    endloop
  endfacet
  facet normal 1.000000 0.000000 0.000000
    outer loop
      vertex 2.400000 13.282000 10.200000
      vertex 2.400000 18.899000 25.500000
      vertex 2.400000 18.899000 10.200000
    endloop
  endfacet
  facet normal -1.000000 0.000000 0.000000
    outer loop
      vertex 0.000000 13.282000 25.500000
      vertex 0.000000 18.899000 25.500000
      vertex 0.000000 18.899000 25.600000
    endloop
  endfacet
  facet normal -1.000000 0.000000 0.000000
    outer loop
      vertex 0.000000 13.282000 25.500000
      vertex 0.000000 18.899000 25.600000
      vertex 0.000000 13.282000 25.600000
    endloop
  endfacet
  facet normal 1.000000 0.000000 0.000000
    outer loop
      vertex 2.400000 13.282000 25.500000
      vertex 2.400000 13.282000 25.600000
      vertex 2.400000 18.899000 25.600000
    endloop
  endfacet
  facet normal 1.000000 0.000000 0.000000
    outer loop
      vertex 2.400000 13.282000 25.500000
      vertex 2.400000 18.899000 25.600000
      vertex 2.400000 18.899000 25.500000
    endloop
  endfacet
  facet normal -1.000000 0.000000 0.000000
    outer loop
      vertex 0.000000 13.282000 25.600000
      vertex 0.000000 18.899000 25.600000
      vertex 0.000000 18.899000 28.000000
    endloop
  endfacet
  facet normal -1.000000 0.000000 0.000000
    outer loop
      vertex 0.000000 13.282000 25.600000
      vertex 0.000000 18.899000 28.000000
      vertex 0.000000 13.282000 28.000000
    endloop
  endfacet
  facet normal 0.000000 0.000000 1.000000
    outer loop
      vertex 0.000000 13.282000 28.000000
      vertex 0.000000 18.899000 28.000000
      vertex 2.400000 18.899000 28.000000
    endloop
  endfacet
  facet normal 0.000000 0.000000 1.000000
    outer loop
      vertex 0.000000 13.282000 28.000000
      vertex 2.400000 18.899000 28.000000
      vertex 2.400000 13.282000 28.000000
    endloop
  endfacet
  facet normal -1.000000 0.000000 0.000000
    outer loop
      vertex 0.000000 18.899000 0.000000
      vertex 0.000000 22.889000 0.000000
      vertex 0.000000 22.889000 0.500000
    endloop
  endfacet
  facet normal -1.000000 0.000000 0.000000
    outer loop
      vertex 0.000000 18.899000 0.000000
      vertex 0.000000 22.889000 0.500000
      vertex 0.000000 18.899000 0.500000
    endloop
  endfacet
  facet normal 1.000000 0.000000 0.000000
    outer loop
      vertex 2.400000 18.899000 0.000000
      vertex 2.400000 18.899000 0.500000
      vertex 2.400000 22.889000 0.500000
    endloop
  endfacet
  facet normal 1.000000 0.000000 0.000000
    outer loop
      vertex 2.400000 18.899000 0.000000
      vertex 2.400000 22.889000 0.500000
      vertex 2.400000 22.889000 0.000000
    endloop
  endfacet
  facet normal 0.000000 0.000000 -1.000000
    outer loop
      vertex 0.000000 18.899000 0.000000
      vertex 2.400000 18.899000 0.000000
      vertex 2.400000 22.889000 0.000000
    endloop
  endfacet
  facet normal 0.000000 0.000000 -1.000000
    outer loop
      vertex 0.000000 18.899000 0.000000
      vertex 2.400000 22.889000 0.000000
      vertex 0.000000 22.889000 0.000000
    endloop
  endfacet
  facet normal -1.000000 0.000000 0.000000
    outer loop
      vertex 0.000000 18.899000 0.500000
      vertex 0.000000 22.889000 0.500000
      vertex 0.000000 22.889000 9.000000
    endloop
  endfacet
  facet normal -1.000000 0.000000 0.000000
    outer loop
      vertex 0.000000 18.899000 0.500000
      vertex 0.000000 22.889000 9.000000
      vertex 0.000000 18.899000 9.000000
    endloop
  endfacet
  facet normal 1.000000 0.000000 0.000000
    outer loop
      vertex 2.400000 18.899000 0.500000
      vertex 2.400000 18.899000 9.000000
      vertex 2.400000 22.889000 9.000000
    endloop
  endfacet
  facet normal 1.000000 0.000000 0.000000
    outer loop
      vertex 2.400000 18.899000 0.500000
      vertex 2.400000 22.889000 9.000000
      vertex 2.400000 22.889000 0.500000
    endloop
  endfacet
  facet normal -1.000000 0.000000 0.000000
    outer loop
      vertex 0.000000 18.899000 9.000000
      vertex 0.000000 22.889000 9.000000
      vertex 0.000000 22.889000 10.000000
    endloop
  endfacet
  facet normal -1.000000 0.000000 0.000000
    outer loop
      vertex 0.000000 18.899000 9.000000
      vertex 0.000000 22.889000 10.000000
      vertex 0.000000 18.899000 10.000000
    endloop
  endfacet
  facet normal 1.000000 0.000000 0.000000
    outer loop
      vertex 2.400000 18.899000 9.000000
      vertex 2.400000 18.899000 10.000000
      vertex 2.400000 22.889000 10.000000
    endloop
  endfacet
  facet normal 1.000000 0.000000 0.000000
    outer loop
      vertex 2.400000 18.899000 9.000000
      vertex 2.400000 22.889000 10.000000
      vertex 2.400000 22.889000 9.000000
    endloop
  endfacet
  facet normal -1.000000 0.000000 0.000000
    outer loop
      vertex 0.000000 18.899000 10.000000
      vertex 0.000000 22.889000 10.000000
      vertex 0.000000 22.889000 10.200000
    endloop
  endfacet
  facet normal -1.000000 0.000000 0.000000
    outer loop
      vertex 0.000000 18.899000 10.000000
      vertex 0.000000 22.889000 10.200000
      vertex 0.000000 18.899000 10.200000
    endloop
  endfacet
  facet normal 1.000000 0.000000 0.000000
    outer loop
      vertex 2.400000 18.899000 10.000000
      vertex 2.400000 18.899000 10.200000
      vertex 2.400000 22.889000 10.200000
    endloop
  endfacet
  facet normal 1.000000 0.000000 0.000000
    outer loop
      vertex 2.400000 18.899000 10.000000
      vertex 2.400000 22.889000 10.200000
      vertex 2.400000 22.889000 10.000000
    endloop
  endfacet
  facet normal -1.000000 0.000000 0.000000
    outer loop
      vertex 0.000000 18.899000 10.200000
      vertex 0.000000 22.889000 10.200000
      vertex 0.000000 22.889000 25.500000
    endloop
  endfacet
  facet normal -1.000000 0.000000 0.000000
    outer loop
      vertex 0.000000 18.899000 10.200000
      vertex 0.000000 22.889000 25.500000
      vertex 0.000000 18.899000 25.500000
    endloop
  endfacet
  facet normal 1.000000 0.000000 0.000000
    outer loop
      vertex 2.400000 18.899000 10.200000
      vertex 2.400000 18.899000 25.500000
      vertex 2.400000 22.889000 25.500000
    endloop
  endfacet
  facet normal 1.000000 0.000000 0.000000
    outer loop
      vertex 2.400000 18.899000 10.200000
      vertex 2.400000 22.889000 25.500000
      vertex 2.400000 22.889000 10.200000
    endloop
  endfacet
  facet normal -1.000000 0.000000 0.000000
    outer loop
      vertex 0.000000 18.899000 25.500000
      vertex 0.000000 22.889000 25.500000
      vertex 0.000000 22.889000 25.600000
    endloop
  endfacet
  facet normal -1.000000 0.000000 0.000000
    outer loop
      vertex 0.000000 18.899000 25.500000
      vertex 0.000000 22.889000 25.600000
      vertex 0.000000 18.899000 25.600000
    endloop
  endfacet
  facet normal 1.000000 0.000000 0.000000
    outer loop
      vertex 2.400000 18.899000 25.500000
      vertex 2.400000 18.899000 25.600000
      vertex 2.400000 22.889000 25.600000
    endloop
  endfacet
  facet normal 1.000000 0.000000 0.000000
    outer loop
      vertex 2.400000 18.899000 25.500000
      vertex 2.400000 22.889000 25.600000
      vertex 2.400000 22.889000 25.500000
    endloop
  endfacet
  facet normal -1.000000 0.000000 0.000000
    outer loop
      vertex 0.000000 18.899000 25.600000
      vertex 0.000000 22.889000 25.600000
      vertex 0.000000 22.889000 28.000000
    endloop
  endfacet
  facet normal -1.000000 0.000000 0.000000
    outer loop
      vertex 0.000000 18.899000 25.600000
      vertex 0.000000 22.889000 28.000000
      vertex 0.000000 18.899000 28.000000
    endloop
  endfacet
  facet normal 0.000000 0.000000 1.000000
    outer loop
      vertex 0.000000 18.899000 28.000000
      vertex 0.000000 22.889000 28.000000
      vertex 2.400000 22.889000 28.000000
    endloop
  endfacet
  facet normal 0.000000 0.000000 1.000000
    outer loop
      vertex 0.000000 18.899000 28.000000
      vertex 2.400000 22.889000 28.000000
      vertex 2.400000 18.899000 28.000000
    endloop
  endfacet
  facet normal -1.000000 0.000000 0.000000
    outer loop
      vertex 0.000000 22.889000 0.000000
      vertex 0.000000 24.125000 0.000000
      vertex 0.000000 24.125000 0.500000
    endloop
  endfacet
  facet normal -1.000000 0.000000 0.000000
    outer loop
      vertex 0.000000 22.889000 0.000000
      vertex 0.000000 24.125000 0.500000
      vertex 0.000000 22.889000 0.500000
    endloop
  endfacet
  facet normal 1.000000 0.000000 0.000000
    outer loop
      vertex 2.400000 22.889000 0.000000
      vertex 2.400000 22.889000 0.500000
      vertex 2.400000 24.125000 0.500000
    endloop
  endfacet
  facet normal 1.000000 0.000000 0.000000
    outer loop
      vertex 2.400000 22.889000 0.000000
      vertex 2.400000 24.125000 0.500000
      vertex 2.400000 24.125000 0.000000
    endloop
  endfacet
  facet normal 0.000000 0.000000 -1.000000
    outer loop
      vertex 0.000000 22.889000 0.000000
      vertex 2.400000 22.889000 0.000000
      vertex 2.400000 24.125000 0.000000
    endloop
  endfacet
  facet normal 0.000000 0.000000 -1.000000
    outer loop
      vertex 0.000000 22.889000 0.000000
      vertex 2.400000 24.125000 0.000000
      vertex 0.000000 24.125000 0.000000
    endloop
  endfacet
  facet normal -1.000000 0.000000 0.000000
    outer loop
      vertex 0.000000 22.889000 0.500000
      vertex 0.000000 24.125000 0.500000
      vertex 0.000000 24.125000 9.000000
    endloop
  endfacet
  facet normal -1.000000 0.000000 0.000000
    outer loop
      vertex 0.000000 22.889000 0.500000
      vertex 0.000000 24.125000 9.000000
      vertex 0.000000 22.889000 9.000000
    endloop
  endfacet
  facet normal 1.000000 0.000000 0.000000
    outer loop
      vertex 2.400000 22.889000 0.500000
      vertex 2.400000 22.889000 9.000000
      vertex 2.400000 24.125000 9.000000
    endloop
  endfacet
  facet normal 1.000000 0.000000 0.000000
    outer loop
      vertex 2.400000 22.889000 0.500000
      vertex 2.400000 24.125000 9.000000
      vertex 2.400000 24.125000 0.500000
    endloop
  endfacet
  facet normal 0.000000 1.000000 0.000000
    outer loop
      vertex 0.000000 24.125000 0.500000
      vertex 2.400000 24.125000 0.500000
      vertex 2.400000 24.125000 9.000000
    endloop
  endfacet
  facet normal 0.000000 1.000000 0.000000
    outer loop
      vertex 0.000000 24.125000 0.500000
      vertex 2.400000 24.125000 9.000000
      vertex 0.000000 24.125000 9.000000
    endloop
  endfacet
  facet normal -1.000000 0.000000 0.000000
    outer loop
      vertex 0.000000 22.889000 9.000000
      vertex 0.000000 24.125000 9.000000
      vertex 0.000000 24.125000 10.000000
    endloop
  endfacet
  facet normal -1.000000 0.000000 0.000000
    outer loop
      vertex 0.000000 22.889000 9.000000
      vertex 0.000000 24.125000 10.000000
      vertex 0.000000 22.889000 10.000000
    endloop
  endfacet
  facet normal 1.000000 0.000000 0.000000
    outer loop
      vertex 2.400000 22.889000 9.000000
      vertex 2.400000 22.889000 10.000000
      vertex 2.400000 24.125000 10.000000
    endloop
  endfacet
  facet normal 1.000000 0.000000 0.000000
    outer loop
      vertex 2.400000 22.889000 9.000000
      vertex 2.400000 24.125000 10.000000
      vertex 2.400000 24.125000 9.000000
    endloop
  endfacet
  facet normal 0.000000 1.000000 0.000000
    outer loop
      vertex 0.000000 24.125000 9.000000
      vertex 2.400000 24.125000 9.000000
      vertex 2.400000 24.125000 10.000000
    endloop
  endfacet
  facet normal 0.000000 1.000000 0.000000
    outer loop
      vertex 0.000000 24.125000 9.000000
      vertex 2.400000 24.125000 10.000000
      vertex 0.000000 24.125000 10.000000
    endloop
  endfacet
  facet normal -1.000000 0.000000 0.000000
    outer loop
      vertex 0.000000 22.889000 10.000000
      vertex 0.000000 24.125000 10.000000
      vertex 0.000000 24.125000 10.200000
    endloop
  endfacet
  facet normal -1.000000 0.000000 0.000000
    outer loop
      vertex 0.000000 22.889000 10.000000
      vertex 0.000000 24.125000 10.200000
      vertex 0.000000 22.889000 10.200000
    endloop
  endfacet
  facet normal 1.000000 0.000000 0.000000
    outer loop
      vertex 2.400000 22.889000 10.000000
      vertex 2.400000 22.889000 10.200000
      vertex 2.400000 24.125000 10.200000
    endloop
  endfacet
  facet normal 1.000000 0.000000 0.000000
    outer loop
      vertex 2.400000 22.889000 10.000000
      vertex 2.400000 24.125000 10.200000
      vertex 2.400000 24.125000 10.000000
    endloop
  endfacet
  facet normal -1.000000 0.000000 0.000000
    outer loop
      vertex 0.000000 22.889000 10.200000
      vertex 0.000000 24.125000 10.200000
      vertex 0.000000 24.125000 25.500000
    endloop
  endfacet
  facet normal -1.000000 0.000000 0.000000
    outer loop
      vertex 0.000000 22.889000 10.200000
      vertex 0.000000 24.125000 25.500000
      vertex 0.000000 22.889000 25.500000
    endloop
  endfacet
  facet normal 1.000000 0.000000 0.000000
    outer loop
      vertex 2.400000 22.889000 10.200000
      vertex 2.400000 22.889000 25.500000
      vertex 2.400000 24.125000 25.500000
    endloop
  endfacet
  facet normal 1.000000 0.000000 0.000000
    outer loop
      vertex 2.400000 22.889000 10.200000
      vertex 2.400000 24.125000 25.500000
      vertex 2.400000 24.125000 10.200000
    endloop
  endfacet
  facet normal -1.000000 0.000000 0.000000
    outer loop
      vertex 0.000000 22.889000 25.500000
      vertex 0.000000 24.125000 25.500000
      vertex 0.000000 24.125000 25.600000
    endloop
  endfacet
  facet normal -1.000000 0.000000 0.000000
    outer loop
      vertex 0.000000 22.889000 25.500000
      vertex 0.000000 24.125000 25.600000
      vertex 0.000000 22.889000 25.600000
    endloop
  endfacet
  facet normal 1.000000 0.000000 0.000000
    outer loop
      vertex 2.400000 22.889000 25.500000
      vertex 2.400000 22.889000 25.600000
      vertex 2.400000 24.125000 25.600000
    endloop
  endfacet
  facet normal 1.000000 0.000000 0.000000
    outer loop
      vertex 2.400000 22.889000 25.500000
      vertex 2.400000 24.125000 25.600000
      vertex 2.400000 24.125000 25.500000
    endloop
  endfacet
  facet normal -1.000000 0.000000 0.000000
    outer loop
      vertex 0.000000 22.889000 25.600000
      vertex 0.000000 24.125000 25.600000
      vertex 0.000000 24.125000 28.000000
    endloop
  endfacet
  facet normal -1.000000 0.000000 0.000000
    outer loop
      vertex 0.000000 22.889000 25.600000
      vertex 0.000000 24.125000 28.000000
      vertex 0.000000 22.889000 28.000000
    endloop
  endfacet
  facet normal 0.000000 0.000000 1.000000
    outer loop
      vertex 0.000000 22.889000 28.000000
      vertex 0.000000 24.125000 28.000000
      vertex 2.400000 24.125000 28.000000
    endloop
  endfacet
  facet normal 0.000000 0.000000 1.000000
    outer loop
      vertex 0.000000 22.889000 28.000000
      vertex 2.400000 24.125000 28.000000
      vertex 2.400000 22.889000 28.000000
    endloop
  endfacet
  facet normal -1.000000 0.000000 0.000000
    outer loop
      vertex 0.000000 24.125000 0.000000
      vertex 0.000000 33.833000 0.000000
      vertex 0.000000 33.833000 0.500000
    endloop
  endfacet
  facet normal -1.000000 0.000000 0.000000
    outer loop
      vertex 0.000000 24.125000 0.000000
      vertex 0.000000 33.833000 0.500000
      vertex 0.000000 24.125000 0.500000
    endloop
  endfacet
  facet normal 1.000000 0.000000 0.000000
    outer loop
      vertex 2.400000 24.125000 0.000000
      vertex 2.400000 24.125000 0.500000
      vertex 2.400000 33.833000 0.500000
    endloop
  endfacet
  facet normal 1.000000 0.000000 0.000000
    outer loop
      vertex 2.400000 24.125000 0.000000
      vertex 2.400000 33.833000 0.500000
      vertex 2.400000 33.833000 0.000000
    endloop
  endfacet
  facet normal 0.000000 0.000000 -1.000000
    outer loop
      vertex 0.000000 24.125000 0.000000
      vertex 2.400000 24.125000 0.000000
      vertex 2.400000 33.833000 0.000000
    endloop
  endfacet
  facet normal 0.000000 0.000000 -1.000000
    outer loop
      vertex 0.000000 24.125000 0.000000
      vertex 2.400000 33.833000 0.000000
      vertex 0.000000 33.833000 0.000000
    endloop
  endfacet
  facet normal 0.000000 0.000000 1.000000
    outer loop
      vertex 0.000000 24.125000 0.500000
      vertex 0.000000 33.833000 0.500000
      vertex 2.400000 33.833000 0.500000
    endloop
  endfacet
  facet normal 0.000000 0.000000 1.000000
    outer loop
      vertex 0.000000 24.125000 0.500000
      vertex 2.400000 33.833000 0.500000
      vertex 2.400000 24.125000 0.500000
    endloop
  endfacet
  facet normal -1.000000 0.000000 0.000000
    outer loop
      vertex 0.000000 24.125000 10.000000
      vertex 0.000000 33.833000 10.000000
      vertex 0.000000 33.833000 10.200000
    endloop
  endfacet
  facet normal -1.000000 0.000000 0.000000
    outer loop
      vertex 0.000000 24.125000 10.000000
      vertex 0.000000 33.833000 10.200000
      vertex 0.000000 24.125000 10.200000
    endloop
  endfacet
  facet normal 1.000000 0.000000 0.000000
    outer loop
      vertex 2.400000 24.125000 10.000000
      vertex 2.400000 24.125000 10.200000
      vertex 2.400000 33.833000 10.200000
    endloop
  endfacet
  facet normal 1.000000 0.000000 0.000000
    outer loop
      vertex 2.400000 24.125000 10.000000
      vertex 2.400000 33.833000 10.200000
      vertex 2.400000 33.833000 10.000000
    endloop
  endfacet
  facet normal 0.000000 0.000000 -1.000000
    outer loop
      vertex 0.000000 24.125000 10.000000
      vertex 2.400000 24.125000 10.000000
      vertex 2.400000 33.833000 10.000000
    endloop
  endfacet
  facet normal 0.000000 0.000000 -1.000000
    outer loop
      vertex 0.000000 24.125000 10.000000
      vertex 2.400000 33.833000 10.000000
      vertex 0.000000 33.833000 10.000000
    endloop
  endfacet
  facet normal -1.000000 0.000000 0.000000
    outer loop
      vertex 0.000000 24.125000 10.200000
      vertex 0.000000 33.833000 10.200000
      vertex 0.000000 33.833000 25.500000
    endloop
  endfacet
  facet normal -1.000000 0.000000 0.000000
    outer loop
      vertex 0.000000 24.125000 10.200000
      vertex 0.000000 33.833000 25.500000
      vertex 0.000000 24.125000 25.500000
    endloop
  endfacet
  facet normal 1.000000 0.000000 0.000000
    outer loop
      vertex 2.400000 24.125000 10.200000
      vertex 2.400000 24.125000 25.500000
      vertex 2.400000 33.833000 25.500000
    endloop
  endfacet
  facet normal 1.000000 0.000000 0.000000
    outer loop
      vertex 2.400000 24.125000 10.200000
      vertex 2.400000 33.833000 25.500000
      vertex 2.400000 33.833000 10.200000
    endloop
  endfacet
  facet normal -1.000000 0.000000 0.000000
    outer loop
      vertex 0.000000 24.125000 25.500000
      vertex 0.000000 33.833000 25.500000
      vertex 0.000000 33.833000 25.600000
    endloop
  endfacet
  facet normal -1.000000 0.000000 0.000000
    outer loop
      vertex 0.000000 24.125000 25.500000
      vertex 0.000000 33.833000 25.600000
      vertex 0.000000 24.125000 25.600000
    endloop
  endfacet
  facet normal 1.000000 0.000000 0.000000
    outer loop
      vertex 2.400000 24.125000 25.500000
      vertex 2.400000 24.125000 25.600000
      vertex 2.400000 33.833000 25.600000
    endloop
  endfacet
  facet normal 1.000000 0.000000 0.000000
    outer loop
      vertex 2.400000 24.125000 25.500000
      vertex 2.400000 33.833000 25.600000
      vertex 2.400000 33.833000 25.500000
    endloop
  endfacet
  facet normal -1.000000 0.000000 0.000000
    outer loop
      vertex 0.000000 24.125000 25.600000
      vertex 0.000000 33.833000 25.600000
      vertex 0.000000 33.833000 28.000000
    endloop
  endfacet
  facet normal -1.000000 0.000000 0.000000
    outer loop
      vertex 0.000000 24.125000 25.600000
      vertex 0.000000 33.833000 28.000000
      vertex 0.000000 24.125000 28.000000
    endloop
  endfacet
  facet normal 0.000000 0.000000 1.000000
    outer loop
      vertex 0.000000 24.125000 28.000000
      vertex 0.000000 33.833000 28.000000
      vertex 2.400000 33.833000 28.000000
    endloop
  endfacet
  facet normal 0.000000 0.000000 1.000000
    outer loop
      vertex 0.000000 24.125000 28.000000
      vertex 2.400000 33.833000 28.000000
      vertex 2.400000 24.125000 28.000000
    endloop
  endfacet
  facet normal -1.000000 0.000000 0.000000
    outer loop
      vertex 0.000000 33.833000 0.000000
      vertex 0.000000 33.923000 0.000000
      vertex 0.000000 33.923000 0.500000
    endloop
  endfacet
  facet normal -1.000000 0.000000 0.000000
    outer loop
      vertex 0.000000 33.833000 0.000000
      vertex 0.000000 33.923000 0.500000
      vertex 0.000000 33.833000 0.500000
    endloop
  endfacet
  facet normal 1.000000 0.000000 0.000000
    outer loop
      vertex 2.400000 33.833000 0.000000
      vertex 2.400000 33.833000 0.500000
      vertex 2.400000 33.923000 0.500000
    endloop
  endfacet
  facet normal 1.000000 0.000000 0.000000
    outer loop
      vertex 2.400000 33.833000 0.000000
      vertex 2.400000 33.923000 0.500000
      vertex 2.400000 33.923000 0.000000
    endloop
  endfacet
  facet normal 0.000000 0.000000 -1.000000
    outer loop
      vertex 0.000000 33.833000 0.000000
      vertex 2.400000 33.833000 0.000000
      vertex 2.400000 33.923000 0.000000
    endloop
  endfacet
  facet normal 0.000000 0.000000 -1.000000
    outer loop
      vertex 0.000000 33.833000 0.000000
      vertex 2.400000 33.923000 0.000000
      vertex 0.000000 33.923000 0.000000
    endloop
  endfacet
  facet normal 0.000000 0.000000 1.000000
    outer loop
      vertex 0.000000 33.833000 0.500000
      vertex 0.000000 33.923000 0.500000
      vertex 2.400000 33.923000 0.500000
    endloop
  endfacet
  facet normal 0.000000 0.000000 1.000000
    outer loop
      vertex 0.000000 33.833000 0.500000
      vertex 2.400000 33.923000 0.500000
      vertex 2.400000 33.833000 0.500000
    endloop
  endfacet
  facet normal -1.000000 0.000000 0.000000
    outer loop
      vertex 0.000000 33.833000 10.000000
      vertex 0.000000 33.923000 10.000000
      vertex 0.000000 33.923000 10.200000
    endloop
  endfacet
  facet normal -1.000000 0.000000 0.000000
    outer loop
      vertex 0.000000 33.833000 10.000000
      vertex 0.000000 33.923000 10.200000
      vertex 0.000000 33.833000 10.200000
    endloop
  endfacet
  facet normal 1.000000 0.000000 0.000000
    outer loop
      vertex 2.400000 33.833000 10.000000
      vertex 2.400000 33.833000 10.200000
      vertex 2.400000 33.923000 10.200000
    endloop
  endfacet
  facet normal 1.000000 0.000000 0.000000
    outer loop
      vertex 2.400000 33.833000 10.000000
      vertex 2.400000 33.923000 10.200000
      vertex 2.400000 33.923000 10.000000
    endloop
  endfacet
  facet normal 0.000000 0.000000 -1.000000
    outer loop
      vertex 0.000000 33.833000 10.000000
      vertex 2.400000 33.833000 10.000000
      vertex 2.400000 33.923000 10.000000
    endloop
  endfacet
  facet normal 0.000000 0.000000 -1.000000
    outer loop
      vertex 0.000000 33.833000 10.000000
      vertex 2.400000 33.923000 10.000000
      vertex 0.000000 33.923000 10.000000
    endloop
  endfacet
  facet normal -1.000000 0.000000 0.000000
    outer loop
      vertex 0.000000 33.833000 10.200000
      vertex 0.000000 33.923000 10.200000
      vertex 0.000000 33.923000 25.500000
    endloop
  endfacet
  facet normal -1.000000 0.000000 0.000000
    outer loop
      vertex 0.000000 33.833000 10.200000
      vertex 0.000000 33.923000 25.500000
      vertex 0.000000 33.833000 25.500000
    endloop
  endfacet
  facet normal 1.000000 0.000000 0.000000
    outer loop
      vertex 2.400000 33.833000 10.200000
      vertex 2.400000 33.833000 25.500000
      vertex 2.400000 33.923000 25.500000
    endloop
  endfacet
  facet normal 1.000000 0.000000 0.000000
    outer loop
      vertex 2.400000 33.833000 10.200000
      vertex 2.400000 33.923000 25.500000
      vertex 2.400000 33.923000 10.200000
    endloop
  endfacet
  facet normal -1.000000 0.000000 0.000000
    outer loop
      vertex 0.000000 33.833000 25.500000
      vertex 0.000000 33.923000 25.500000
      vertex 0.000000 33.923000 25.600000
    endloop
  endfacet
  facet normal -1.000000 0.000000 0.000000
    outer loop
      vertex 0.000000 33.833000 25.500000
      vertex 0.000000 33.923000 25.600000
      vertex 0.000000 33.833000 25.600000
    endloop
  endfacet
  facet normal 1.000000 0.000000 0.000000
    outer loop
      vertex 2.400000 33.833000 25.500000
      vertex 2.400000 33.833000 25.600000
      vertex 2.400000 33.923000 25.600000
    endloop
  endfacet
  facet normal 1.000000 0.000000 0.000000
    outer loop
      vertex 2.400000 33.833000 25.500000
      vertex 2.400000 33.923000 25.600000
      vertex 2.400000 33.923000 25.500000
    endloop
  endfacet
  facet normal -1.000000 0.000000 0.000000
    outer loop
      vertex 0.000000 33.833000 25.600000
      vertex 0.000000 33.923000 25.600000
      vertex 0.000000 33.923000 28.000000
    endloop
  endfacet
  facet normal -1.000000 0.000000 0.000000
    outer loop
      vertex 0.000000 33.833000 25.600000
      vertex 0.000000 33.923000 28.000000
      vertex 0.000000 33.833000 28.000000
    endloop
  endfacet
  facet normal 0.000000 0.000000 1.000000
    outer loop
      vertex 0.000000 33.833000 28.000000
      vertex 0.000000 33.923000 28.000000
      vertex 2.400000 33.923000 28.000000
    endloop
  endfacet
  facet normal 0.000000 0.000000 1.000000
    outer loop
      vertex 0.000000 33.833000 28.000000
      vertex 2.400000 33.923000 28.000000
      vertex 2.400000 33.833000 28.000000
    endloop
  endfacet
  facet normal -1.000000 0.000000 0.000000
    outer loop
      vertex 0.000000 33.923000 0.000000
      vertex 0.000000 36.125000 0.000000
      vertex 0.000000 36.125000 0.500000
    endloop
  endfacet
  facet normal -1.000000 0.000000 0.000000
    outer loop
      vertex 0.000000 33.923000 0.000000
      vertex 0.000000 36.125000 0.500000
      vertex 0.000000 33.923000 0.500000
    endloop
  endfacet
  facet normal 1.000000 0.000000 0.000000
    outer loop
      vertex 2.400000 33.923000 0.000000
      vertex 2.400000 33.923000 0.500000
      vertex 2.400000 36.125000 0.500000
    endloop
  endfacet
  facet normal 1.000000 0.000000 0.000000
    outer loop
      vertex 2.400000 33.923000 0.000000
      vertex 2.400000 36.125000 0.500000
      vertex 2.400000 36.125000 0.000000
    endloop
  endfacet
  facet normal 0.000000 0.000000 -1.000000
    outer loop
      vertex 0.000000 33.923000 0.000000
      vertex 2.400000 33.923000 0.000000
      vertex 2.400000 36.125000 0.000000
    endloop
  endfacet
  facet normal 0.000000 0.000000 -1.000000
    outer loop
      vertex 0.000000 33.923000 0.000000
      vertex 2.400000 36.125000 0.000000
      vertex 0.000000 36.125000 0.000000
    endloop
  endfacet
  facet normal 0.000000 0.000000 1.000000
    outer loop
      vertex 0.000000 33.923000 0.500000
      vertex 0.000000 36.125000 0.500000
      vertex 2.400000 36.125000 0.500000
    endloop
  endfacet
  facet normal 0.000000 0.000000 1.000000
    outer loop
      vertex 0.000000 33.923000 0.500000
      vertex 2.400000 36.125000 0.500000
      vertex 2.400000 33.923000 0.500000
    endloop
  endfacet
  facet normal -1.000000 0.000000 0.000000
    outer loop
      vertex 0.000000 33.923000 10.000000
      vertex 0.000000 36.125000 10.000000
      vertex 0.000000 36.125000 10.200000
    endloop
  endfacet
  facet normal -1.000000 0.000000 0.000000
    outer loop
      vertex 0.000000 33.923000 10.000000
      vertex 0.000000 36.125000 10.200000
      vertex 0.000000 33.923000 10.200000
    endloop
  endfacet
  facet normal 1.000000 0.000000 0.000000
    outer loop
      vertex 2.400000 33.923000 10.000000
      vertex 2.400000 33.923000 10.200000
      vertex 2.400000 36.125000 10.200000
    endloop
  endfacet
  facet normal 1.000000 0.000000 0.000000
    outer loop
      vertex 2.400000 33.923000 10.000000
      vertex 2.400000 36.125000 10.200000
      vertex 2.400000 36.125000 10.000000
    endloop
  endfacet
  facet normal 0.000000 0.000000 -1.000000
    outer loop
      vertex 0.000000 33.923000 10.000000
      vertex 2.400000 33.923000 10.000000
      vertex 2.400000 36.125000 10.000000
    endloop
  endfacet
  facet normal 0.000000 0.000000 -1.000000
    outer loop
      vertex 0.000000 33.923000 10.000000
      vertex 2.400000 36.125000 10.000000
      vertex 0.000000 36.125000 10.000000
    endloop
  endfacet
  facet normal -1.000000 0.000000 0.000000
    outer loop
      vertex 0.000000 33.923000 10.200000
      vertex 0.000000 36.125000 10.200000
      vertex 0.000000 36.125000 25.500000
    endloop
  endfacet
  facet normal -1.000000 0.000000 0.000000
    outer loop
      vertex 0.000000 33.923000 10.200000
      vertex 0.000000 36.125000 25.500000
      vertex 0.000000 33.923000 25.500000
    endloop
  endfacet
  facet normal 1.000000 0.000000 0.000000
    outer loop
      vertex 2.400000 33.923000 10.200000
      vertex 2.400000 33.923000 25.500000
      vertex 2.400000 36.125000 25.500000
    endloop
  endfacet
  facet normal 1.000000 0.000000 0.000000
    outer loop
      vertex 2.400000 33.923000 10.200000
      vertex 2.400000 36.125000 25.500000
      vertex 2.400000 36.125000 10.200000
    endloop
  endfacet
  facet normal -1.000000 0.000000 0.000000
    outer loop
      vertex 0.000000 33.923000 25.500000
      vertex 0.000000 36.125000 25.500000
      vertex 0.000000 36.125000 25.600000
    endloop
  endfacet
  facet normal -1.000000 0.000000 0.000000
    outer loop
      vertex 0.000000 33.923000 25.500000
      vertex 0.000000 36.125000 25.600000
      vertex 0.000000 33.923000 25.600000
    endloop
  endfacet
  facet normal 1.000000 0.000000 0.000000
    outer loop
      vertex 2.400000 33.923000 25.500000
      vertex 2.400000 33.923000 25.600000
      vertex 2.400000 36.125000 25.600000
    endloop
  endfacet
  facet normal 1.000000 0.000000 0.000000
    outer loop
      vertex 2.400000 33.923000 25.500000
      vertex 2.400000 36.125000 25.600000
      vertex 2.400000 36.125000 25.500000
    endloop
  endfacet
  facet normal -1.000000 0.000000 0.000000
    outer loop
      vertex 0.000000 33.923000 25.600000
      vertex 0.000000 36.125000 25.600000
      vertex 0.000000 36.125000 28.000000
    endloop
  endfacet
  facet normal -1.000000 0.000000 0.000000
    outer loop
      vertex 0.000000 33.923000 25.600000
      vertex 0.000000 36.125000 28.000000
      vertex 0.000000 33.923000 28.000000
    endloop
  endfacet
  facet normal 0.000000 0.000000 1.000000
    outer loop
      vertex 0.000000 33.923000 28.000000
      vertex 0.000000 36.125000 28.000000
      vertex 2.400000 36.125000 28.000000
    endloop
  endfacet
  facet normal 0.000000 0.000000 1.000000
    outer loop
      vertex 0.000000 33.923000 28.000000
      vertex 2.400000 36.125000 28.000000
      vertex 2.400000 33.923000 28.000000
    endloop
  endfacet
  facet normal -1.000000 0.000000 0.000000
    outer loop
      vertex 0.000000 36.125000 0.000000
      vertex 0.000000 42.105000 0.000000
      vertex 0.000000 42.105000 0.500000
    endloop
  endfacet
  facet normal -1.000000 0.000000 0.000000
    outer loop
      vertex 0.000000 36.125000 0.000000
      vertex 0.000000 42.105000 0.500000
      vertex 0.000000 36.125000 0.500000
    endloop
  endfacet
  facet normal 1.000000 0.000000 0.000000
    outer loop
      vertex 2.400000 36.125000 0.000000
      vertex 2.400000 36.125000 0.500000
      vertex 2.400000 42.105000 0.500000
    endloop
  endfacet
  facet normal 1.000000 0.000000 0.000000
    outer loop
      vertex 2.400000 36.125000 0.000000
      vertex 2.400000 42.105000 0.500000
      vertex 2.400000 42.105000 0.000000
    endloop
  endfacet
  facet normal 0.000000 0.000000 -1.000000
    outer loop
      vertex 0.000000 36.125000 0.000000
      vertex 2.400000 36.125000 0.000000
      vertex 2.400000 42.105000 0.000000
    endloop
  endfacet
  facet normal 0.000000 0.000000 -1.000000
    outer loop
      vertex 0.000000 36.125000 0.000000
      vertex 2.400000 42.105000 0.000000
      vertex 0.000000 42.105000 0.000000
    endloop
  endfacet
  facet normal -1.000000 0.000000 0.000000
    outer loop
      vertex 0.000000 36.125000 0.500000
      vertex 0.000000 42.105000 0.500000
      vertex 0.000000 42.105000 9.000000
    endloop
  endfacet
  facet normal -1.000000 0.000000 0.000000
    outer loop
      vertex 0.000000 36.125000 0.500000
      vertex 0.000000 42.105000 9.000000
      vertex 0.000000 36.125000 9.000000
    endloop
  endfacet
  facet normal 1.000000 0.000000 0.000000
    outer loop
      vertex 2.400000 36.125000 0.500000
      vertex 2.400000 36.125000 9.000000
      vertex 2.400000 42.105000 9.000000
    endloop
  endfacet
  facet normal 1.000000 0.000000 0.000000
    outer loop
      vertex 2.400000 36.125000 0.500000
      vertex 2.400000 42.105000 9.000000
      vertex 2.400000 42.105000 0.500000
    endloop
  endfacet
  facet normal 0.000000 -1.000000 0.000000
    outer loop
      vertex 0.000000 36.125000 0.500000
      vertex 0.000000 36.125000 9.000000
      vertex 2.400000 36.125000 9.000000
    endloop
  endfacet
  facet normal 0.000000 -1.000000 0.000000
    outer loop
      vertex 0.000000 36.125000 0.500000
      vertex 2.400000 36.125000 9.000000
      vertex 2.400000 36.125000 0.500000
    endloop
  endfacet
  facet normal 0.000000 1.000000 0.000000
    outer loop
      vertex 0.000000 42.105000 0.500000
      vertex 2.400000 42.105000 0.500000
      vertex 2.400000 42.105000 9.000000
    endloop
  endfacet
  facet normal 0.000000 1.000000 0.000000
    outer loop
      vertex 0.000000 42.105000 0.500000
      vertex 2.400000 42.105000 9.000000
      vertex 0.000000 42.105000 9.000000
    endloop
  endfacet
  facet normal -1.000000 0.000000 0.000000
    outer loop
      vertex 0.000000 36.125000 9.000000
      vertex 0.000000 42.105000 9.000000
      vertex 0.000000 42.105000 10.000000
    endloop
  endfacet
  facet normal -1.000000 0.000000 0.000000
    outer loop
      vertex 0.000000 36.125000 9.000000
      vertex 0.000000 42.105000 10.000000
      vertex 0.000000 36.125000 10.000000
    endloop
  endfacet
  facet normal 1.000000 0.000000 0.000000
    outer loop
      vertex 2.400000 36.125000 9.000000
      vertex 2.400000 36.125000 10.000000
      vertex 2.400000 42.105000 10.000000
    endloop
  endfacet
  facet normal 1.000000 0.000000 0.000000
    outer loop
      vertex 2.400000 36.125000 9.000000
      vertex 2.400000 42.105000 10.000000
      vertex 2.400000 42.105000 9.000000
    endloop
  endfacet
  facet normal 0.000000 -1.000000 0.000000
    outer loop
      vertex 0.000000 36.125000 9.000000
      vertex 0.000000 36.125000 10.000000
      vertex 2.400000 36.125000 10.000000
    endloop
  endfacet
  facet normal 0.000000 -1.000000 0.000000
    outer loop
      vertex 0.000000 36.125000 9.000000
      vertex 2.400000 36.125000 10.000000
      vertex 2.400000 36.125000 9.000000
    endloop
  endfacet
  facet normal 0.000000 1.000000 0.000000
    outer loop
      vertex 0.000000 42.105000 9.000000
      vertex 2.400000 42.105000 9.000000
      vertex 2.400000 42.105000 10.000000
    endloop
  endfacet
  facet normal 0.000000 1.000000 0.000000
    outer loop
      vertex 0.000000 42.105000 9.000000
      vertex 2.400000 42.105000 10.000000
      vertex 0.000000 42.105000 10.000000
    endloop
  endfacet
  facet normal -1.000000 0.000000 0.000000
    outer loop
      vertex 0.000000 36.125000 10.000000
      vertex 0.000000 42.105000 10.000000
      vertex 0.000000 42.105000 10.200000
    endloop
  endfacet
  facet normal -1.000000 0.000000 0.000000
    outer loop
      vertex 0.000000 36.125000 10.000000
      vertex 0.000000 42.105000 10.200000
      vertex 0.000000 36.125000 10.200000
    endloop
  endfacet
  facet normal 1.000000 0.000000 0.000000
    outer loop
      vertex 2.400000 36.125000 10.000000
      vertex 2.400000 36.125000 10.200000
      vertex 2.400000 42.105000 10.200000
    endloop
  endfacet
  facet normal 1.000000 0.000000 0.000000
    outer loop
      vertex 2.400000 36.125000 10.000000
      vertex 2.400000 42.105000 10.200000
      vertex 2.400000 42.105000 10.000000
    endloop
  endfacet
  facet normal -1.000000 0.000000 0.000000
    outer loop
      vertex 0.000000 36.125000 10.200000
      vertex 0.000000 42.105000 10.200000
      vertex 0.000000 42.105000 25.500000
    endloop
  endfacet
  facet normal -1.000000 0.000000 0.000000
    outer loop
      vertex 0.000000 36.125000 10.200000
      vertex 0.000000 42.105000 25.500000
      vertex 0.000000 36.125000 25.500000
    endloop
  endfacet
  facet normal 1.000000 0.000000 0.000000
    outer loop
      vertex 2.400000 36.125000 10.200000
      vertex 2.400000 36.125000 25.500000
      vertex 2.400000 42.105000 25.500000
    endloop
  endfacet
  facet normal 1.000000 0.000000 0.000000
    outer loop
      vertex 2.400000 36.125000 10.200000
      vertex 2.400000 42.105000 25.500000
      vertex 2.400000 42.105000 10.200000
    endloop
  endfacet
  facet normal -1.000000 0.000000 0.000000
    outer loop
      vertex 0.000000 36.125000 25.500000
      vertex 0.000000 42.105000 25.500000
      vertex 0.000000 42.105000 25.600000
    endloop
  endfacet
  facet normal -1.000000 0.000000 0.000000
    outer loop
      vertex 0.000000 36.125000 25.500000
      vertex 0.000000 42.105000 25.600000
      vertex 0.000000 36.125000 25.600000
    endloop
  endfacet
  facet normal 1.000000 0.000000 0.000000
    outer loop
      vertex 2.400000 36.125000 25.500000
      vertex 2.400000 36.125000 25.600000
      vertex 2.400000 42.105000 25.600000
    endloop
  endfacet
  facet normal 1.000000 0.000000 0.000000
    outer loop
      vertex 2.400000 36.125000 25.500000
      vertex 2.400000 42.105000 25.600000
      vertex 2.400000 42.105000 25.500000
    endloop
  endfacet
  facet normal -1.000000 0.000000 0.000000
    outer loop
      vertex 0.000000 36.125000 25.600000
      vertex 0.000000 42.105000 25.600000
      vertex 0.000000 42.105000 28.000000
    endloop
  endfacet
  facet normal -1.000000 0.000000 0.000000
    outer loop
      vertex 0.000000 36.125000 25.600000
      vertex 0.000000 42.105000 28.000000
      vertex 0.000000 36.125000 28.000000
    endloop
  endfacet
  facet normal 0.000000 0.000000 1.000000
    outer loop
      vertex 0.000000 36.125000 28.000000
      vertex 0.000000 42.105000 28.000000
      vertex 2.400000 42.105000 28.000000
    endloop
  endfacet
  facet normal 0.000000 0.000000 1.000000
    outer loop
      vertex 0.000000 36.125000 28.000000
      vertex 2.400000 42.105000 28.000000
      vertex 2.400000 36.125000 28.000000
    endloop
  endfacet
  facet normal -1.000000 0.000000 0.000000
    outer loop
      vertex 0.000000 42.105000 0.000000
      vertex 0.000000 43.151000 0.000000
      vertex 0.000000 43.151000 0.500000
    endloop
  endfacet
  facet normal -1.000000 0.000000 0.000000
    outer loop
      vertex 0.000000 42.105000 0.000000
      vertex 0.000000 43.151000 0.500000
      vertex 0.000000 42.105000 0.500000
    endloop
  endfacet
  facet normal 1.000000 0.000000 0.000000
    outer loop
      vertex 2.400000 42.105000 0.000000
      vertex 2.400000 42.105000 0.500000
      vertex 2.400000 43.151000 0.500000
    endloop
  endfacet
  facet normal 1.000000 0.000000 0.000000
    outer loop
      vertex 2.400000 42.105000 0.000000
      vertex 2.400000 43.151000 0.500000
      vertex 2.400000 43.151000 0.000000
    endloop
  endfacet
  facet normal 0.000000 0.000000 -1.000000
    outer loop
      vertex 0.000000 42.105000 0.000000
      vertex 2.400000 42.105000 0.000000
      vertex 2.400000 43.151000 0.000000
    endloop
  endfacet
  facet normal 0.000000 0.000000 -1.000000
    outer loop
      vertex 0.000000 42.105000 0.000000
      vertex 2.400000 43.151000 0.000000
      vertex 0.000000 43.151000 0.000000
    endloop
  endfacet
  facet normal 0.000000 0.000000 1.000000
    outer loop
      vertex 0.000000 42.105000 0.500000
      vertex 0.000000 43.151000 0.500000
      vertex 2.400000 43.151000 0.500000
    endloop
  endfacet
  facet normal 0.000000 0.000000 1.000000
    outer loop
      vertex 0.000000 42.105000 0.500000
      vertex 2.400000 43.151000 0.500000
      vertex 2.400000 42.105000 0.500000
    endloop
  endfacet
  facet normal -1.000000 0.000000 0.000000
    outer loop
      vertex 0.000000 42.105000 10.000000
      vertex 0.000000 43.151000 10.000000
      vertex 0.000000 43.151000 10.200000
    endloop
  endfacet
  facet normal -1.000000 0.000000 0.000000
    outer loop
      vertex 0.000000 42.105000 10.000000
      vertex 0.000000 43.151000 10.200000
      vertex 0.000000 42.105000 10.200000
    endloop
  endfacet
  facet normal 1.000000 0.000000 0.000000
    outer loop
      vertex 2.400000 42.105000 10.000000
      vertex 2.400000 42.105000 10.200000
      vertex 2.400000 43.151000 10.200000
    endloop
  endfacet
  facet normal 1.000000 0.000000 0.000000
    outer loop
      vertex 2.400000 42.105000 10.000000
      vertex 2.400000 43.151000 10.200000
      vertex 2.400000 43.151000 10.000000
    endloop
  endfacet
  facet normal 0.000000 0.000000 -1.000000
    outer loop
      vertex 0.000000 42.105000 10.000000
      vertex 2.400000 42.105000 10.000000
      vertex 2.400000 43.151000 10.000000
    endloop
  endfacet
  facet normal 0.000000 0.000000 -1.000000
    outer loop
      vertex 0.000000 42.105000 10.000000
      vertex 2.400000 43.151000 10.000000
      vertex 0.000000 43.151000 10.000000
    endloop
  endfacet
  facet normal -1.000000 0.000000 0.000000
    outer loop
      vertex 0.000000 42.105000 10.200000
      vertex 0.000000 43.151000 10.200000
      vertex 0.000000 43.151000 25.500000
    endloop
  endfacet
  facet normal -1.000000 0.000000 0.000000
    outer loop
      vertex 0.000000 42.105000 10.200000
      vertex 0.000000 43.151000 25.500000
      vertex 0.000000 42.105000 25.500000
    endloop
  endfacet
  facet normal 1.000000 0.000000 0.000000
    outer loop
      vertex 2.400000 42.105000 10.200000
      vertex 2.400000 42.105000 25.500000
      vertex 2.400000 43.151000 25.500000
    endloop
  endfacet
  facet normal 1.000000 0.000000 0.000000
    outer loop
      vertex 2.400000 42.105000 10.200000
      vertex 2.400000 43.151000 25.500000
      vertex 2.400000 43.151000 10.200000
    endloop
  endfacet
  facet normal -1.000000 0.000000 0.000000
    outer loop
      vertex 0.000000 42.105000 25.500000
      vertex 0.000000 43.151000 25.500000
      vertex 0.000000 43.151000 25.600000
    endloop
  endfacet
  facet normal -1.000000 0.000000 0.000000
    outer loop
      vertex 0.000000 42.105000 25.500000
      vertex 0.000000 43.151000 25.600000
      vertex 0.000000 42.105000 25.600000
    endloop
  endfacet
  facet normal 1.000000 0.000000 0.000000
    outer loop
      vertex 2.400000 42.105000 25.500000
      vertex 2.400000 42.105000 25.600000
      vertex 2.400000 43.151000 25.600000
    endloop
  endfacet
  facet normal 1.000000 0.000000 0.000000
    outer loop
      vertex 2.400000 42.105000 25.500000
      vertex 2.400000 43.151000 25.600000
      vertex 2.400000 43.151000 25.500000
    endloop
  endfacet
  facet normal -1.000000 0.000000 0.000000
    outer loop
      vertex 0.000000 42.105000 25.600000
      vertex 0.000000 43.151000 25.600000
      vertex 0.000000 43.151000 28.000000
    endloop
  endfacet
  facet normal -1.000000 0.000000 0.000000
    outer loop
      vertex 0.000000 42.105000 25.600000
      vertex 0.000000 43.151000 28.000000
      vertex 0.000000 42.105000 28.000000
    endloop
  endfacet
  facet normal 0.000000 0.000000 1.000000
    outer loop
      vertex 0.000000 42.105000 28.000000
      vertex 0.000000 43.151000 28.000000
      vertex 2.400000 43.151000 28.000000
    endloop
  endfacet
  facet normal 0.000000 0.000000 1.000000
    outer loop
      vertex 0.000000 42.105000 28.000000
      vertex 2.400000 43.151000 28.000000
      vertex 2.400000 42.105000 28.000000
    endloop
  endfacet
  facet normal -1.000000 0.000000 0.000000
    outer loop
      vertex 0.000000 43.151000 0.000000
      vertex 0.000000 43.244000 0.000000
      vertex 0.000000 43.244000 0.500000
    endloop
  endfacet
  facet normal -1.000000 0.000000 0.000000
    outer loop
      vertex 0.000000 43.151000 0.000000
      vertex 0.000000 43.244000 0.500000
      vertex 0.000000 43.151000 0.500000
    endloop
  endfacet
  facet normal 1.000000 0.000000 0.000000
    outer loop
      vertex 2.400000 43.151000 0.000000
      vertex 2.400000 43.151000 0.500000
      vertex 2.400000 43.244000 0.500000
    endloop
  endfacet
  facet normal 1.000000 0.000000 0.000000
    outer loop
      vertex 2.400000 43.151000 0.000000
      vertex 2.400000 43.244000 0.500000
      vertex 2.400000 43.244000 0.000000
    endloop
  endfacet
  facet normal 0.000000 0.000000 -1.000000
    outer loop
      vertex 0.000000 43.151000 0.000000
      vertex 2.400000 43.151000 0.000000
      vertex 2.400000 43.244000 0.000000
    endloop
  endfacet
  facet normal 0.000000 0.000000 -1.000000
    outer loop
      vertex 0.000000 43.151000 0.000000
      vertex 2.400000 43.244000 0.000000
      vertex 0.000000 43.244000 0.000000
    endloop
  endfacet
  facet normal 0.000000 0.000000 1.000000
    outer loop
      vertex 0.000000 43.151000 0.500000
      vertex 0.000000 43.244000 0.500000
      vertex 2.400000 43.244000 0.500000
    endloop
  endfacet
  facet normal 0.000000 0.000000 1.000000
    outer loop
      vertex 0.000000 43.151000 0.500000
      vertex 2.400000 43.244000 0.500000
      vertex 2.400000 43.151000 0.500000
    endloop
  endfacet
  facet normal -1.000000 0.000000 0.000000
    outer loop
      vertex 0.000000 43.151000 10.000000
      vertex 0.000000 43.244000 10.000000
      vertex 0.000000 43.244000 10.200000
    endloop
  endfacet
  facet normal -1.000000 0.000000 0.000000
    outer loop
      vertex 0.000000 43.151000 10.000000
      vertex 0.000000 43.244000 10.200000
      vertex 0.000000 43.151000 10.200000
    endloop
  endfacet
  facet normal 1.000000 0.000000 0.000000
    outer loop
      vertex 2.400000 43.151000 10.000000
      vertex 2.400000 43.151000 10.200000
      vertex 2.400000 43.244000 10.200000
    endloop
  endfacet
  facet normal 1.000000 0.000000 0.000000
    outer loop
      vertex 2.400000 43.151000 10.000000
      vertex 2.400000 43.244000 10.200000
      vertex 2.400000 43.244000 10.000000
    endloop
  endfacet
  facet normal 0.000000 0.000000 -1.000000
    outer loop
      vertex 0.000000 43.151000 10.000000
      vertex 2.400000 43.151000 10.000000
      vertex 2.400000 43.244000 10.000000
    endloop
  endfacet
  facet normal 0.000000 0.000000 -1.000000
    outer loop
      vertex 0.000000 43.151000 10.000000
      vertex 2.400000 43.244000 10.000000
      vertex 0.000000 43.244000 10.000000
    endloop
  endfacet
  facet normal -1.000000 0.000000 0.000000
    outer loop
      vertex 0.000000 43.151000 10.200000
      vertex 0.000000 43.244000 10.200000
      vertex 0.000000 43.244000 25.500000
    endloop
  endfacet
  facet normal -1.000000 0.000000 0.000000
    outer loop
      vertex 0.000000 43.151000 10.200000
      vertex 0.000000 43.244000 25.500000
      vertex 0.000000 43.151000 25.500000
    endloop
  endfacet
  facet normal 1.000000 0.000000 0.000000
    outer loop
      vertex 2.400000 43.151000 10.200000
      vertex 2.400000 43.151000 25.500000
      vertex 2.400000 43.244000 25.500000
    endloop
  endfacet
  facet normal 1.000000 0.000000 0.000000
    outer loop
      vertex 2.400000 43.151000 10.200000
      vertex 2.400000 43.244000 25.500000
      vertex 2.400000 43.244000 10.200000
    endloop
  endfacet
  facet normal -1.000000 0.000000 0.000000
    outer loop
      vertex 0.000000 43.151000 25.500000
      vertex 0.000000 43.244000 25.500000
      vertex 0.000000 43.244000 25.600000
    endloop
  endfacet
  facet normal -1.000000 0.000000 0.000000
    outer loop
      vertex 0.000000 43.151000 25.500000
      vertex 0.000000 43.244000 25.600000
      vertex 0.000000 43.151000 25.600000
    endloop
  endfacet
  facet normal 1.000000 0.000000 0.000000
    outer loop
      vertex 2.400000 43.151000 25.500000
      vertex 2.400000 43.151000 25.600000
      vertex 2.400000 43.244000 25.600000
    endloop
  endfacet
  facet normal 1.000000 0.000000 0.000000
    outer loop
      vertex 2.400000 43.151000 25.500000
      vertex 2.400000 43.244000 25.600000
      vertex 2.400000 43.244000 25.500000
    endloop
  endfacet
  facet normal -1.000000 0.000000 0.000000
    outer loop
      vertex 0.000000 43.151000 25.600000
      vertex 0.000000 43.244000 25.600000
      vertex 0.000000 43.244000 28.000000
    endloop
  endfacet
  facet normal -1.000000 0.000000 0.000000
    outer loop
      vertex 0.000000 43.151000 25.600000
      vertex 0.000000 43.244000 28.000000
      vertex 0.000000 43.151000 28.000000
    endloop
  endfacet
  facet normal 0.000000 0.000000 1.000000
    outer loop
      vertex 0.000000 43.151000 28.000000
      vertex 0.000000 43.244000 28.000000
      vertex 2.400000 43.244000 28.000000
    endloop
  endfacet
  facet normal 0.000000 0.000000 1.000000
    outer loop
      vertex 0.000000 43.151000 28.000000
      vertex 2.400000 43.244000 28.000000
      vertex 2.400000 43.151000 28.000000
    endloop
  endfacet
  facet normal -1.000000 0.000000 0.000000
    outer loop
      vertex 0.000000 43.244000 0.000000
      vertex 0.000000 54.437000 0.000000
      vertex 0.000000 54.437000 0.500000
    endloop
  endfacet
  facet normal -1.000000 0.000000 0.000000
    outer loop
      vertex 0.000000 43.244000 0.000000
      vertex 0.000000 54.437000 0.500000
      vertex 0.000000 43.244000 0.500000
    endloop
  endfacet
  facet normal 1.000000 0.000000 0.000000
    outer loop
      vertex 2.400000 43.244000 0.000000
      vertex 2.400000 43.244000 0.500000
      vertex 2.400000 54.437000 0.500000
    endloop
  endfacet
  facet normal 1.000000 0.000000 0.000000
    outer loop
      vertex 2.400000 43.244000 0.000000
      vertex 2.400000 54.437000 0.500000
      vertex 2.400000 54.437000 0.000000
    endloop
  endfacet
  facet normal 0.000000 0.000000 -1.000000
    outer loop
      vertex 0.000000 43.244000 0.000000
      vertex 2.400000 43.244000 0.000000
      vertex 2.400000 54.437000 0.000000
    endloop
  endfacet
  facet normal 0.000000 0.000000 -1.000000
    outer loop
      vertex 0.000000 43.244000 0.000000
      vertex 2.400000 54.437000 0.000000
      vertex 0.000000 54.437000 0.000000
    endloop
  endfacet
  facet normal 0.000000 0.000000 1.000000
    outer loop
      vertex 0.000000 43.244000 0.500000
      vertex 0.000000 54.437000 0.500000
      vertex 2.400000 54.437000 0.500000
    endloop
  endfacet
  facet normal 0.000000 0.000000 1.000000
    outer loop
      vertex 0.000000 43.244000 0.500000
      vertex 2.400000 54.437000 0.500000
      vertex 2.400000 43.244000 0.500000
    endloop
  endfacet
  facet normal -1.000000 0.000000 0.000000
    outer loop
      vertex 0.000000 43.244000 10.000000
      vertex 0.000000 54.437000 10.000000
      vertex 0.000000 54.437000 10.200000
    endloop
  endfacet
  facet normal -1.000000 0.000000 0.000000
    outer loop
      vertex 0.000000 43.244000 10.000000
      vertex 0.000000 54.437000 10.200000
      vertex 0.000000 43.244000 10.200000
    endloop
  endfacet
  facet normal 1.000000 0.000000 0.000000
    outer loop
      vertex 2.400000 43.244000 10.000000
      vertex 2.400000 43.244000 10.200000
      vertex 2.400000 54.437000 10.200000
    endloop
  endfacet
  facet normal 1.000000 0.000000 0.000000
    outer loop
      vertex 2.400000 43.244000 10.000000
      vertex 2.400000 54.437000 10.200000
      vertex 2.400000 54.437000 10.000000
    endloop
  endfacet
  facet normal 0.000000 0.000000 -1.000000
    outer loop
      vertex 0.000000 43.244000 10.000000
      vertex 2.400000 43.244000 10.000000
      vertex 2.400000 54.437000 10.000000
    endloop
  endfacet
  facet normal 0.000000 0.000000 -1.000000
    outer loop
      vertex 0.000000 43.244000 10.000000
      vertex 2.400000 54.437000 10.000000
      vertex 0.000000 54.437000 10.000000
    endloop
  endfacet
  facet normal -1.000000 0.000000 0.000000
    outer loop
      vertex 0.000000 43.244000 10.200000
      vertex 0.000000 54.437000 10.200000
      vertex 0.000000 54.437000 25.500000
    endloop
  endfacet
  facet normal -1.000000 0.000000 0.000000
    outer loop
      vertex 0.000000 43.244000 10.200000
      vertex 0.000000 54.437000 25.500000
      vertex 0.000000 43.244000 25.500000
    endloop
  endfacet
  facet normal 1.000000 0.000000 0.000000
    outer loop
      vertex 2.400000 43.244000 10.200000
      vertex 2.400000 43.244000 25.500000
      vertex 2.400000 54.437000 25.500000
    endloop
  endfacet
  facet normal 1.000000 0.000000 0.000000
    outer loop
      vertex 2.400000 43.244000 10.200000
      vertex 2.400000 54.437000 25.500000
      vertex 2.400000 54.437000 10.200000
    endloop
  endfacet
  facet normal -1.000000 0.000000 0.000000
    outer loop
      vertex 0.000000 43.244000 25.500000
      vertex 0.000000 54.437000 25.500000
      vertex 0.000000 54.437000 25.600000
    endloop
  endfacet
  facet normal -1.000000 0.000000 0.000000
    outer loop
      vertex 0.000000 43.244000 25.500000
      vertex 0.000000 54.437000 25.600000
      vertex 0.000000 43.244000 25.600000
    endloop
  endfacet
  facet normal 1.000000 0.000000 0.000000
    outer loop
      vertex 2.400000 43.244000 25.500000
      vertex 2.400000 43.244000 25.600000
      vertex 2.400000 54.437000 25.600000
    endloop
  endfacet
  facet normal 1.000000 0.000000 0.000000
    outer loop
      vertex 2.400000 43.244000 25.500000
      vertex 2.400000 54.437000 25.600000
      vertex 2.400000 54.437000 25.500000
    endloop
  endfacet
  facet normal -1.000000 0.000000 0.000000
    outer loop
      vertex 0.000000 43.244000 25.600000
      vertex 0.000000 54.437000 25.600000
      vertex 0.000000 54.437000 28.000000
    endloop
  endfacet
  facet normal -1.000000 0.000000 0.000000
    outer loop
      vertex 0.000000 43.244000 25.600000
      vertex 0.000000 54.437000 28.000000
      vertex 0.000000 43.244000 28.000000
    endloop
  endfacet
  facet normal 0.000000 0.000000 1.000000
    outer loop
      vertex 0.000000 43.244000 28.000000
      vertex 0.000000 54.437000 28.000000
      vertex 2.400000 54.437000 28.000000
    endloop
  endfacet
  facet normal 0.000000 0.000000 1.000000
    outer loop
      vertex 0.000000 43.244000 28.000000
      vertex 2.400000 54.437000 28.000000
      vertex 2.400000 43.244000 28.000000
    endloop
  endfacet
  facet normal -1.000000 0.000000 0.000000
    outer loop
      vertex 0.000000 54.437000 0.000000
      vertex 0.000000 61.935000 0.000000
      vertex 0.000000 61.935000 0.500000
    endloop
  endfacet
  facet normal -1.000000 0.000000 0.000000
    outer loop
      vertex 0.000000 54.437000 0.000000
      vertex 0.000000 61.935000 0.500000
      vertex 0.000000 54.437000 0.500000
    endloop
  endfacet
  facet normal 1.000000 0.000000 0.000000
    outer loop
      vertex 2.400000 54.437000 0.000000
      vertex 2.400000 54.437000 0.500000
      vertex 2.400000 61.935000 0.500000
    endloop
  endfacet
  facet normal 1.000000 0.000000 0.000000
    outer loop
      vertex 2.400000 54.437000 0.000000
      vertex 2.400000 61.935000 0.500000
      vertex 2.400000 61.935000 0.000000
    endloop
  endfacet
  facet normal 0.000000 0.000000 -1.000000
    outer loop
      vertex 0.000000 54.437000 0.000000
      vertex 2.400000 54.437000 0.000000
      vertex 2.400000 61.935000 0.000000
    endloop
  endfacet
  facet normal 0.000000 0.000000 -1.000000
    outer loop
      vertex 0.000000 54.437000 0.000000
      vertex 2.400000 61.935000 0.000000
      vertex 0.000000 61.935000 0.000000
    endloop
  endfacet
  facet normal 0.000000 0.000000 1.000000
    outer loop
      vertex 0.000000 54.437000 0.500000
      vertex 0.000000 61.935000 0.500000
      vertex 2.400000 61.935000 0.500000
    endloop
  endfacet
  facet normal 0.000000 0.000000 1.000000
    outer loop
      vertex 0.000000 54.437000 0.500000
      vertex 2.400000 61.935000 0.500000
      vertex 2.400000 54.437000 0.500000
    endloop
  endfacet
  facet normal -1.000000 0.000000 0.000000
    outer loop
      vertex 0.000000 54.437000 10.000000
      vertex 0.000000 61.935000 10.000000
      vertex 0.000000 61.935000 10.200000
    endloop
  endfacet
  facet normal -1.000000 0.000000 0.000000
    outer loop
      vertex 0.000000 54.437000 10.000000
      vertex 0.000000 61.935000 10.200000
      vertex 0.000000 54.437000 10.200000
    endloop
  endfacet
  facet normal 1.000000 0.000000 0.000000
    outer loop
      vertex 2.400000 54.437000 10.000000
      vertex 2.400000 54.437000 10.200000
      vertex 2.400000 61.935000 10.200000
    endloop
  endfacet
  facet normal 1.000000 0.000000 0.000000
    outer loop
      vertex 2.400000 54.437000 10.000000
      vertex 2.400000 61.935000 10.200000
      vertex 2.400000 61.935000 10.000000
    endloop
  endfacet
  facet normal 0.000000 0.000000 -1.000000
    outer loop
      vertex 0.000000 54.437000 10.000000
      vertex 2.400000 54.437000 10.000000
      vertex 2.400000 61.935000 10.000000
    endloop
  endfacet
  facet normal 0.000000 0.000000 -1.000000
    outer loop
      vertex 0.000000 54.437000 10.000000
      vertex 2.400000 61.935000 10.000000
      vertex 0.000000 61.935000 10.000000
    endloop
  endfacet
  facet normal -1.000000 0.000000 0.000000
    outer loop
      vertex 0.000000 54.437000 10.200000
      vertex 0.000000 61.935000 10.200000
      vertex 0.000000 61.935000 25.500000
    endloop
  endfacet
  facet normal -1.000000 0.000000 0.000000
    outer loop
      vertex 0.000000 54.437000 10.200000
      vertex 0.000000 61.935000 25.500000
      vertex 0.000000 54.437000 25.500000
    endloop
  endfacet
  facet normal 1.000000 0.000000 0.000000
    outer loop
      vertex 2.400000 54.437000 10.200000
      vertex 2.400000 54.437000 25.500000
      vertex 2.400000 61.935000 25.500000
    endloop
  endfacet
  facet normal 1.000000 0.000000 0.000000
    outer loop
      vertex 2.400000 54.437000 10.200000
      vertex 2.400000 61.935000 25.500000
      vertex 2.400000 61.935000 10.200000
    endloop
  endfacet
  facet normal -1.000000 0.000000 0.000000
    outer loop
      vertex 0.000000 54.437000 25.500000
      vertex 0.000000 61.935000 25.500000
      vertex 0.000000 61.935000 25.600000
    endloop
  endfacet
  facet normal -1.000000 0.000000 0.000000
    outer loop
      vertex 0.000000 54.437000 25.500000
      vertex 0.000000 61.935000 25.600000
      vertex 0.000000 54.437000 25.600000
    endloop
  endfacet
  facet normal 1.000000 0.000000 0.000000
    outer loop
      vertex 2.400000 54.437000 25.500000
      vertex 2.400000 54.437000 25.600000
      vertex 2.400000 61.935000 25.600000
    endloop
  endfacet
  facet normal 1.000000 0.000000 0.000000
    outer loop
      vertex 2.400000 54.437000 25.500000
      vertex 2.400000 61.935000 25.600000
      vertex 2.400000 61.935000 25.500000
    endloop
  endfacet
  facet normal -1.000000 0.000000 0.000000
    outer loop
      vertex 0.000000 54.437000 25.600000
      vertex 0.000000 61.935000 25.600000
      vertex 0.000000 61.935000 28.000000
    endloop
  endfacet
  facet normal -1.000000 0.000000 0.000000
    outer loop
      vertex 0.000000 54.437000 25.600000
      vertex 0.000000 61.935000 28.000000
      vertex 0.000000 54.437000 28.000000
    endloop
  endfacet
  facet normal 0.000000 0.000000 1.000000
    outer loop
      vertex 0.000000 54.437000 28.000000
      vertex 0.000000 61.935000 28.000000
      vertex 2.400000 61.935000 28.000000
    endloop
  endfacet
  facet normal 0.000000 0.000000 1.000000
    outer loop
      vertex 0.000000 54.437000 28.000000
      vertex 2.400000 61.935000 28.000000
      vertex 2.400000 54.437000 28.000000
    endloop
  endfacet
  facet normal -1.000000 0.000000 0.000000
    outer loop
      vertex 0.000000 61.935000 0.000000
      vertex 0.000000 64.480000 0.000000
      vertex 0.000000 64.480000 0.500000
    endloop
  endfacet
  facet normal -1.000000 0.000000 0.000000
    outer loop
      vertex 0.000000 61.935000 0.000000
      vertex 0.000000 64.480000 0.500000
      vertex 0.000000 61.935000 0.500000
    endloop
  endfacet
  facet normal 1.000000 0.000000 0.000000
    outer loop
      vertex 2.400000 61.935000 0.000000
      vertex 2.400000 61.935000 0.500000
      vertex 2.400000 64.480000 0.500000
    endloop
  endfacet
  facet normal 1.000000 0.000000 0.000000
    outer loop
      vertex 2.400000 61.935000 0.000000
      vertex 2.400000 64.480000 0.500000
      vertex 2.400000 64.480000 0.000000
    endloop
  endfacet
  facet normal 0.000000 0.000000 -1.000000
    outer loop
      vertex 0.000000 61.935000 0.000000
      vertex 2.400000 61.935000 0.000000
      vertex 2.400000 64.480000 0.000000
    endloop
  endfacet
  facet normal 0.000000 0.000000 -1.000000
    outer loop
      vertex 0.000000 61.935000 0.000000
      vertex 2.400000 64.480000 0.000000
      vertex 0.000000 64.480000 0.000000
    endloop
  endfacet
  facet normal -1.000000 0.000000 0.000000
    outer loop
      vertex 0.000000 61.935000 0.500000
      vertex 0.000000 64.480000 0.500000
      vertex 0.000000 64.480000 9.000000
    endloop
  endfacet
  facet normal -1.000000 0.000000 0.000000
    outer loop
      vertex 0.000000 61.935000 0.500000
      vertex 0.000000 64.480000 9.000000
      vertex 0.000000 61.935000 9.000000
    endloop
  endfacet
  facet normal 1.000000 0.000000 0.000000
    outer loop
      vertex 2.400000 61.935000 0.500000
      vertex 2.400000 61.935000 9.000000
      vertex 2.400000 64.480000 9.000000
    endloop
  endfacet
  facet normal 1.000000 0.000000 0.000000
    outer loop
      vertex 2.400000 61.935000 0.500000
      vertex 2.400000 64.480000 9.000000
      vertex 2.400000 64.480000 0.500000
    endloop
  endfacet
  facet normal 0.000000 -1.000000 0.000000
    outer loop
      vertex 0.000000 61.935000 0.500000
      vertex 0.000000 61.935000 9.000000
      vertex 2.400000 61.935000 9.000000
    endloop
  endfacet
  facet normal 0.000000 -1.000000 0.000000
    outer loop
      vertex 0.000000 61.935000 0.500000
      vertex 2.400000 61.935000 9.000000
      vertex 2.400000 61.935000 0.500000
    endloop
  endfacet
  facet normal -1.000000 0.000000 0.000000
    outer loop
      vertex 0.000000 61.935000 9.000000
      vertex 0.000000 64.480000 9.000000
      vertex 0.000000 64.480000 10.000000
    endloop
  endfacet
  facet normal -1.000000 0.000000 0.000000
    outer loop
      vertex 0.000000 61.935000 9.000000
      vertex 0.000000 64.480000 10.000000
      vertex 0.000000 61.935000 10.000000
    endloop
  endfacet
  facet normal 1.000000 0.000000 0.000000
    outer loop
      vertex 2.400000 61.935000 9.000000
      vertex 2.400000 61.935000 10.000000
      vertex 2.400000 64.480000 10.000000
    endloop
  endfacet
  facet normal 1.000000 0.000000 0.000000
    outer loop
      vertex 2.400000 61.935000 9.000000
      vertex 2.400000 64.480000 10.000000
      vertex 2.400000 64.480000 9.000000
    endloop
  endfacet
  facet normal 0.000000 -1.000000 0.000000
    outer loop
      vertex 0.000000 61.935000 9.000000
      vertex 0.000000 61.935000 10.000000
      vertex 2.400000 61.935000 10.000000
    endloop
  endfacet
  facet normal 0.000000 -1.000000 0.000000
    outer loop
      vertex 0.000000 61.935000 9.000000
      vertex 2.400000 61.935000 10.000000
      vertex 2.400000 61.935000 9.000000
    endloop
  endfacet
  facet normal -1.000000 0.000000 0.000000
    outer loop
      vertex 0.000000 61.935000 10.000000
      vertex 0.000000 64.480000 10.000000
      vertex 0.000000 64.480000 10.200000
    endloop
  endfacet
  facet normal -1.000000 0.000000 0.000000
    outer loop
      vertex 0.000000 61.935000 10.000000
      vertex 0.000000 64.480000 10.200000
      vertex 0.000000 61.935000 10.200000
    endloop
  endfacet
  facet normal 1.000000 0.000000 0.000000
    outer loop
      vertex 2.400000 61.935000 10.000000
      vertex 2.400000 61.935000 10.200000
      vertex 2.400000 64.480000 10.200000
    endloop
  endfacet
  facet normal 1.000000 0.000000 0.000000
    outer loop
      vertex 2.400000 61.935000 10.000000
      vertex 2.400000 64.480000 10.200000
      vertex 2.400000 64.480000 10.000000
    endloop
  endfacet
  facet normal -1.000000 0.000000 0.000000
    outer loop
      vertex 0.000000 61.935000 10.200000
      vertex 0.000000 64.480000 10.200000
      vertex 0.000000 64.480000 25.500000
    endloop
  endfacet
  facet normal -1.000000 0.000000 0.000000
    outer loop
      vertex 0.000000 61.935000 10.200000
      vertex 0.000000 64.480000 25.500000
      vertex 0.000000 61.935000 25.500000
    endloop
  endfacet
  facet normal 1.000000 0.000000 0.000000
    outer loop
      vertex 2.400000 61.935000 10.200000
      vertex 2.400000 61.935000 25.500000
      vertex 2.400000 64.480000 25.500000
    endloop
  endfacet
  facet normal 1.000000 0.000000 0.000000
    outer loop
      vertex 2.400000 61.935000 10.200000
      vertex 2.400000 64.480000 25.500000
      vertex 2.400000 64.480000 10.200000
    endloop
  endfacet
  facet normal -1.000000 0.000000 0.000000
    outer loop
      vertex 0.000000 61.935000 25.500000
      vertex 0.000000 64.480000 25.500000
      vertex 0.000000 64.480000 25.600000
    endloop
  endfacet
  facet normal -1.000000 0.000000 0.000000
    outer loop
      vertex 0.000000 61.935000 25.500000
      vertex 0.000000 64.480000 25.600000
      vertex 0.000000 61.935000 25.600000
    endloop
  endfacet
  facet normal 1.000000 0.000000 0.000000
    outer loop
      vertex 2.400000 61.935000 25.500000
      vertex 2.400000 61.935000 25.600000
      vertex 2.400000 64.480000 25.600000
    endloop
  endfacet
  facet normal 1.000000 0.000000 0.000000
    outer loop
      vertex 2.400000 61.935000 25.500000
      vertex 2.400000 64.480000 25.600000
      vertex 2.400000 64.480000 25.500000
    endloop
  endfacet
  facet normal -1.000000 0.000000 0.000000
    outer loop
      vertex 0.000000 61.935000 25.600000
      vertex 0.000000 64.480000 25.600000
      vertex 0.000000 64.480000 28.000000
    endloop
  endfacet
  facet normal -1.000000 0.000000 0.000000
    outer loop
      vertex 0.000000 61.935000 25.600000
      vertex 0.000000 64.480000 28.000000
      vertex 0.000000 61.935000 28.000000
    endloop
  endfacet
  facet normal 0.000000 0.000000 1.000000
    outer loop
      vertex 0.000000 61.935000 28.000000
      vertex 0.000000 64.480000 28.000000
      vertex 2.400000 64.480000 28.000000
    endloop
  endfacet
  facet normal 0.000000 0.000000 1.000000
    outer loop
      vertex 0.000000 61.935000 28.000000
      vertex 2.400000 64.480000 28.000000
      vertex 2.400000 61.935000 28.000000
    endloop
  endfacet
  facet normal -1.000000 0.000000 0.000000
    outer loop
      vertex 0.000000 64.480000 0.000000
      vertex 0.000000 66.080000 0.000000
      vertex 0.000000 66.080000 0.500000
    endloop
  endfacet
  facet normal -1.000000 0.000000 0.000000
    outer loop
      vertex 0.000000 64.480000 0.000000
      vertex 0.000000 66.080000 0.500000
      vertex 0.000000 64.480000 0.500000
    endloop
  endfacet
  facet normal 1.000000 0.000000 0.000000
    outer loop
      vertex 2.400000 64.480000 0.000000
      vertex 2.400000 64.480000 0.500000
      vertex 2.400000 66.080000 0.500000
    endloop
  endfacet
  facet normal 1.000000 0.000000 0.000000
    outer loop
      vertex 2.400000 64.480000 0.000000
      vertex 2.400000 66.080000 0.500000
      vertex 2.400000 66.080000 0.000000
    endloop
  endfacet
  facet normal 0.000000 0.000000 -1.000000
    outer loop
      vertex 0.000000 64.480000 0.000000
      vertex 2.400000 64.480000 0.000000
      vertex 2.400000 66.080000 0.000000
    endloop
  endfacet
  facet normal 0.000000 0.000000 -1.000000
    outer loop
      vertex 0.000000 64.480000 0.000000
      vertex 2.400000 66.080000 0.000000
      vertex 0.000000 66.080000 0.000000
    endloop
  endfacet
  facet normal -1.000000 0.000000 0.000000
    outer loop
      vertex 0.000000 64.480000 0.500000
      vertex 0.000000 66.080000 0.500000
      vertex 0.000000 66.080000 9.000000
    endloop
  endfacet
  facet normal -1.000000 0.000000 0.000000
    outer loop
      vertex 0.000000 64.480000 0.500000
      vertex 0.000000 66.080000 9.000000
      vertex 0.000000 64.480000 9.000000
    endloop
  endfacet
  facet normal 1.000000 0.000000 0.000000
    outer loop
      vertex 2.400000 64.480000 0.500000
      vertex 2.400000 64.480000 9.000000
      vertex 2.400000 66.080000 9.000000
    endloop
  endfacet
  facet normal 1.000000 0.000000 0.000000
    outer loop
      vertex 2.400000 64.480000 0.500000
      vertex 2.400000 66.080000 9.000000
      vertex 2.400000 66.080000 0.500000
    endloop
  endfacet
  facet normal -1.000000 0.000000 0.000000
    outer loop
      vertex 0.000000 64.480000 9.000000
      vertex 0.000000 66.080000 9.000000
      vertex 0.000000 66.080000 10.000000
    endloop
  endfacet
  facet normal -1.000000 0.000000 0.000000
    outer loop
      vertex 0.000000 64.480000 9.000000
      vertex 0.000000 66.080000 10.000000
      vertex 0.000000 64.480000 10.000000
    endloop
  endfacet
  facet normal 1.000000 0.000000 0.000000
    outer loop
      vertex 2.400000 64.480000 9.000000
      vertex 2.400000 64.480000 10.000000
      vertex 2.400000 66.080000 10.000000
    endloop
  endfacet
  facet normal 1.000000 0.000000 0.000000
    outer loop
      vertex 2.400000 64.480000 9.000000
      vertex 2.400000 66.080000 10.000000
      vertex 2.400000 66.080000 9.000000
    endloop
  endfacet
  facet normal -1.000000 0.000000 0.000000
    outer loop
      vertex 0.000000 64.480000 10.000000
      vertex 0.000000 66.080000 10.000000
      vertex 0.000000 66.080000 10.200000
    endloop
  endfacet
  facet normal -1.000000 0.000000 0.000000
    outer loop
      vertex 0.000000 64.480000 10.000000
      vertex 0.000000 66.080000 10.200000
      vertex 0.000000 64.480000 10.200000
    endloop
  endfacet
  facet normal 1.000000 0.000000 0.000000
    outer loop
      vertex 2.400000 64.480000 10.000000
      vertex 2.400000 64.480000 10.200000
      vertex 2.400000 66.080000 10.200000
    endloop
  endfacet
  facet normal 1.000000 0.000000 0.000000
    outer loop
      vertex 2.400000 64.480000 10.000000
      vertex 2.400000 66.080000 10.200000
      vertex 2.400000 66.080000 10.000000
    endloop
  endfacet
  facet normal -1.000000 0.000000 0.000000
    outer loop
      vertex 0.000000 64.480000 10.200000
      vertex 0.000000 66.080000 10.200000
      vertex 0.000000 66.080000 25.500000
    endloop
  endfacet
  facet normal -1.000000 0.000000 0.000000
    outer loop
      vertex 0.000000 64.480000 10.200000
      vertex 0.000000 66.080000 25.500000
      vertex 0.000000 64.480000 25.500000
    endloop
  endfacet
  facet normal 1.000000 0.000000 0.000000
    outer loop
      vertex 2.400000 64.480000 10.200000
      vertex 2.400000 64.480000 25.500000
      vertex 2.400000 66.080000 25.500000
    endloop
  endfacet
  facet normal 1.000000 0.000000 0.000000
    outer loop
      vertex 2.400000 64.480000 10.200000
      vertex 2.400000 66.080000 25.500000
      vertex 2.400000 66.080000 10.200000
    endloop
  endfacet
  facet normal -1.000000 0.000000 0.000000
    outer loop
      vertex 0.000000 64.480000 25.500000
      vertex 0.000000 66.080000 25.500000
      vertex 0.000000 66.080000 25.600000
    endloop
  endfacet
  facet normal -1.000000 0.000000 0.000000
    outer loop
      vertex 0.000000 64.480000 25.500000
      vertex 0.000000 66.080000 25.600000
      vertex 0.000000 64.480000 25.600000
    endloop
  endfacet
  facet normal 1.000000 0.000000 0.000000
    outer loop
      vertex 2.400000 64.480000 25.500000
      vertex 2.400000 64.480000 25.600000
      vertex 2.400000 66.080000 25.600000
    endloop
  endfacet
  facet normal 1.000000 0.000000 0.000000
    outer loop
      vertex 2.400000 64.480000 25.500000
      vertex 2.400000 66.080000 25.600000
      vertex 2.400000 66.080000 25.500000
    endloop
  endfacet
  facet normal -1.000000 0.000000 0.000000
    outer loop
      vertex 0.000000 64.480000 25.600000
      vertex 0.000000 66.080000 25.600000
      vertex 0.000000 66.080000 28.000000
    endloop
  endfacet
  facet normal -1.000000 0.000000 0.000000
    outer loop
      vertex 0.000000 64.480000 25.600000
      vertex 0.000000 66.080000 28.000000
      vertex 0.000000 64.480000 28.000000
    endloop
  endfacet
  facet normal 0.000000 0.000000 1.000000
    outer loop
      vertex 0.000000 64.480000 28.000000
      vertex 0.000000 66.080000 28.000000
      vertex 2.400000 66.080000 28.000000
    endloop
  endfacet
  facet normal 0.000000 0.000000 1.000000
    outer loop
      vertex 0.000000 64.480000 28.000000
      vertex 2.400000 66.080000 28.000000
      vertex 2.400000 64.480000 28.000000
    endloop
  endfacet
  facet normal -1.000000 0.000000 0.000000
    outer loop
      vertex 0.000000 66.080000 0.000000
      vertex 0.000000 68.480000 0.000000
      vertex 0.000000 68.480000 0.500000
    endloop
  endfacet
  facet normal -1.000000 0.000000 0.000000
    outer loop
      vertex 0.000000 66.080000 0.000000
      vertex 0.000000 68.480000 0.500000
      vertex 0.000000 66.080000 0.500000
    endloop
  endfacet
  facet normal 0.000000 1.000000 0.000000
    outer loop
      vertex 0.000000 68.480000 0.000000
      vertex 2.400000 68.480000 0.000000
      vertex 2.400000 68.480000 0.500000
    endloop
  endfacet
  facet normal 0.000000 1.000000 0.000000
    outer loop
      vertex 0.000000 68.480000 0.000000
      vertex 2.400000 68.480000 0.500000
      vertex 0.000000 68.480000 0.500000
    endloop
  endfacet
  facet normal 0.000000 0.000000 -1.000000
    outer loop
      vertex 0.000000 66.080000 0.000000
      vertex 2.400000 66.080000 0.000000
      vertex 2.400000 68.480000 0.000000
    endloop
  endfacet
  facet normal 0.000000 0.000000 -1.000000
    outer loop
      vertex 0.000000 66.080000 0.000000
      vertex 2.400000 68.480000 0.000000
      vertex 0.000000 68.480000 0.000000
    endloop
  endfacet
  facet normal -1.000000 0.000000 0.000000
    outer loop
      vertex 0.000000 66.080000 0.500000
      vertex 0.000000 68.480000 0.500000
      vertex 0.000000 68.480000 9.000000
    endloop
  endfacet
  facet normal -1.000000 0.000000 0.000000
    outer loop
      vertex 0.000000 66.080000 0.500000
      vertex 0.000000 68.480000 9.000000
      vertex 0.000000 66.080000 9.000000
    endloop
  endfacet
  facet normal 0.000000 1.000000 0.000000
    outer loop
      vertex 0.000000 68.480000 0.500000
      vertex 2.400000 68.480000 0.500000
      vertex 2.400000 68.480000 9.000000
    endloop
  endfacet
  facet normal 0.000000 1.000000 0.000000
    outer loop
      vertex 0.000000 68.480000 0.500000
      vertex 2.400000 68.480000 9.000000
      vertex 0.000000 68.480000 9.000000
    endloop
  endfacet
  facet normal -1.000000 0.000000 0.000000
    outer loop
      vertex 0.000000 66.080000 9.000000
      vertex 0.000000 68.480000 9.000000
      vertex 0.000000 68.480000 10.000000
    endloop
  endfacet
  facet normal -1.000000 0.000000 0.000000
    outer loop
      vertex 0.000000 66.080000 9.000000
      vertex 0.000000 68.480000 10.000000
      vertex 0.000000 66.080000 10.000000
    endloop
  endfacet
  facet normal 0.000000 1.000000 0.000000
    outer loop
      vertex 0.000000 68.480000 9.000000
      vertex 2.400000 68.480000 9.000000
      vertex 2.400000 68.480000 10.000000
    endloop
  endfacet
  facet normal 0.000000 1.000000 0.000000
    outer loop
      vertex 0.000000 68.480000 9.000000
      vertex 2.400000 68.480000 10.000000
      vertex 0.000000 68.480000 10.000000
    endloop
  endfacet
  facet normal -1.000000 0.000000 0.000000
    outer loop
      vertex 0.000000 66.080000 10.000000
      vertex 0.000000 68.480000 10.000000
      vertex 0.000000 68.480000 10.200000
    endloop
  endfacet
  facet normal -1.000000 0.000000 0.000000
    outer loop
      vertex 0.000000 66.080000 10.000000
      vertex 0.000000 68.480000 10.200000
      vertex 0.000000 66.080000 10.200000
    endloop
  endfacet
  facet normal 0.000000 1.000000 0.000000
    outer loop
      vertex 0.000000 68.480000 10.000000
      vertex 2.400000 68.480000 10.000000
      vertex 2.400000 68.480000 10.200000
    endloop
  endfacet
  facet normal 0.000000 1.000000 0.000000
    outer loop
      vertex 0.000000 68.480000 10.000000
      vertex 2.400000 68.480000 10.200000
      vertex 0.000000 68.480000 10.200000
    endloop
  endfacet
  facet normal -1.000000 0.000000 0.000000
    outer loop
      vertex 0.000000 66.080000 10.200000
      vertex 0.000000 68.480000 10.200000
      vertex 0.000000 68.480000 25.500000
    endloop
  endfacet
  facet normal -1.000000 0.000000 0.000000
    outer loop
      vertex 0.000000 66.080000 10.200000
      vertex 0.000000 68.480000 25.500000
      vertex 0.000000 66.080000 25.500000
    endloop
  endfacet
  facet normal 0.000000 1.000000 0.000000
    outer loop
      vertex 0.000000 68.480000 10.200000
      vertex 2.400000 68.480000 10.200000
      vertex 2.400000 68.480000 25.500000
    endloop
  endfacet
  facet normal 0.000000 1.000000 0.000000
    outer loop
      vertex 0.000000 68.480000 10.200000
      vertex 2.400000 68.480000 25.500000
      vertex 0.000000 68.480000 25.500000
    endloop
  endfacet
  facet normal -1.000000 0.000000 0.000000
    outer loop
      vertex 0.000000 66.080000 25.500000
      vertex 0.000000 68.480000 25.500000
      vertex 0.000000 68.480000 25.600000
    endloop
  endfacet
  facet normal -1.000000 0.000000 0.000000
    outer loop
      vertex 0.000000 66.080000 25.500000
      vertex 0.000000 68.480000 25.600000
      vertex 0.000000 66.080000 25.600000
    endloop
  endfacet
  facet normal 0.000000 1.000000 0.000000
    outer loop
      vertex 0.000000 68.480000 25.500000
      vertex 2.400000 68.480000 25.500000
      vertex 2.400000 68.480000 25.600000
    endloop
  endfacet
  facet normal 0.000000 1.000000 0.000000
    outer loop
      vertex 0.000000 68.480000 25.500000
      vertex 2.400000 68.480000 25.600000
      vertex 0.000000 68.480000 25.600000
    endloop
  endfacet
  facet normal -1.000000 0.000000 0.000000
    outer loop
      vertex 0.000000 66.080000 25.600000
      vertex 0.000000 68.480000 25.600000
      vertex 0.000000 68.480000 28.000000
    endloop
  endfacet
  facet normal -1.000000 0.000000 0.000000
    outer loop
      vertex 0.000000 66.080000 25.600000
      vertex 0.000000 68.480000 28.000000
      vertex 0.000000 66.080000 28.000000
    endloop
  endfacet
  facet normal 0.000000 1.000000 0.000000
    outer loop
      vertex 0.000000 68.480000 25.600000
      vertex 2.400000 68.480000 25.600000
      vertex 2.400000 68.480000 28.000000
    endloop
  endfacet
  facet normal 0.000000 1.000000 0.000000
    outer loop
      vertex 0.000000 68.480000 25.600000
      vertex 2.400000 68.480000 28.000000
      vertex 0.000000 68.480000 28.000000
    endloop
  endfacet
  facet normal 0.000000 0.000000 1.000000
    outer loop
      vertex 0.000000 66.080000 28.000000
      vertex 0.000000 68.480000 28.000000
      vertex 2.400000 68.480000 28.000000
    endloop
  endfacet
  facet normal 0.000000 0.000000 1.000000
    outer loop
      vertex 0.000000 66.080000 28.000000
      vertex 2.400000 68.480000 28.000000
      vertex 2.400000 66.080000 28.000000
    endloop
  endfacet
  facet normal 0.000000 -1.000000 0.000000
    outer loop
      vertex 2.400000 0.000000 0.000000
      vertex 2.400000 0.000000 0.500000
      vertex 5.424000 0.000000 0.500000
    endloop
  endfacet
  facet normal 0.000000 -1.000000 0.000000
    outer loop
      vertex 2.400000 0.000000 0.000000
      vertex 5.424000 0.000000 0.500000
      vertex 5.424000 0.000000 0.000000
    endloop
  endfacet
  facet normal 0.000000 1.000000 0.000000
    outer loop
      vertex 2.400000 2.400000 0.000000
      vertex 5.424000 2.400000 0.000000
      vertex 5.424000 2.400000 0.500000
    endloop
  endfacet
  facet normal 0.000000 1.000000 0.000000
    outer loop
      vertex 2.400000 2.400000 0.000000
      vertex 5.424000 2.400000 0.500000
      vertex 2.400000 2.400000 0.500000
    endloop
  endfacet
  facet normal 0.000000 0.000000 -1.000000
    outer loop
      vertex 2.400000 0.000000 0.000000
      vertex 5.424000 0.000000 0.000000
      vertex 5.424000 2.400000 0.000000
    endloop
  endfacet
  facet normal 0.000000 0.000000 -1.000000
    outer loop
      vertex 2.400000 0.000000 0.000000
      vertex 5.424000 2.400000 0.000000
      vertex 2.400000 2.400000 0.000000
    endloop
  endfacet
  facet normal 0.000000 -1.000000 0.000000
    outer loop
      vertex 2.400000 0.000000 0.500000
      vertex 2.400000 0.000000 9.000000
      vertex 5.424000 0.000000 9.000000
    endloop
  endfacet
  facet normal 0.000000 -1.000000 0.000000
    outer loop
      vertex 2.400000 0.000000 0.500000
      vertex 5.424000 0.000000 9.000000
      vertex 5.424000 0.000000 0.500000
    endloop
  endfacet
  facet normal 0.000000 1.000000 0.000000
    outer loop
      vertex 2.400000 2.400000 0.500000
      vertex 5.424000 2.400000 0.500000
      vertex 5.424000 2.400000 9.000000
    endloop
  endfacet
  facet normal 0.000000 1.000000 0.000000
    outer loop
      vertex 2.400000 2.400000 0.500000
      vertex 5.424000 2.400000 9.000000
      vertex 2.400000 2.400000 9.000000
    endloop
  endfacet
  facet normal 0.000000 -1.000000 0.000000
    outer loop
      vertex 2.400000 0.000000 9.000000
      vertex 2.400000 0.000000 10.000000
      vertex 5.424000 0.000000 10.000000
    endloop
  endfacet
  facet normal 0.000000 -1.000000 0.000000
    outer loop
      vertex 2.400000 0.000000 9.000000
      vertex 5.424000 0.000000 10.000000
      vertex 5.424000 0.000000 9.000000
    endloop
  endfacet
  facet normal 0.000000 1.000000 0.000000
    outer loop
      vertex 2.400000 2.400000 9.000000
      vertex 5.424000 2.400000 9.000000
      vertex 5.424000 2.400000 10.000000
    endloop
  endfacet
  facet normal 0.000000 1.000000 0.000000
    outer loop
      vertex 2.400000 2.400000 9.000000
      vertex 5.424000 2.400000 10.000000
      vertex 2.400000 2.400000 10.000000
    endloop
  endfacet
  facet normal 0.000000 -1.000000 0.000000
    outer loop
      vertex 2.400000 0.000000 10.000000
      vertex 2.400000 0.000000 10.200000
      vertex 5.424000 0.000000 10.200000
    endloop
  endfacet
  facet normal 0.000000 -1.000000 0.000000
    outer loop
      vertex 2.400000 0.000000 10.000000
      vertex 5.424000 0.000000 10.200000
      vertex 5.424000 0.000000 10.000000
    endloop
  endfacet
  facet normal 0.000000 1.000000 0.000000
    outer loop
      vertex 2.400000 2.400000 10.000000
      vertex 5.424000 2.400000 10.000000
      vertex 5.424000 2.400000 10.200000
    endloop
  endfacet
  facet normal 0.000000 1.000000 0.000000
    outer loop
      vertex 2.400000 2.400000 10.000000
      vertex 5.424000 2.400000 10.200000
      vertex 2.400000 2.400000 10.200000
    endloop
  endfacet
  facet normal 0.000000 -1.000000 0.000000
    outer loop
      vertex 2.400000 0.000000 10.200000
      vertex 2.400000 0.000000 25.500000
      vertex 5.424000 0.000000 25.500000
    endloop
  endfacet
  facet normal 0.000000 -1.000000 0.000000
    outer loop
      vertex 2.400000 0.000000 10.200000
      vertex 5.424000 0.000000 25.500000
      vertex 5.424000 0.000000 10.200000
    endloop
  endfacet
  facet normal 0.000000 1.000000 0.000000
    outer loop
      vertex 2.400000 2.400000 10.200000
      vertex 5.424000 2.400000 10.200000
      vertex 5.424000 2.400000 25.500000
    endloop
  endfacet
  facet normal 0.000000 1.000000 0.000000
    outer loop
      vertex 2.400000 2.400000 10.200000
      vertex 5.424000 2.400000 25.500000
      vertex 2.400000 2.400000 25.500000
    endloop
  endfacet
  facet normal 0.000000 -1.000000 0.000000
    outer loop
      vertex 2.400000 0.000000 25.500000
      vertex 2.400000 0.000000 25.600000
      vertex 5.424000 0.000000 25.600000
    endloop
  endfacet
  facet normal 0.000000 -1.000000 0.000000
    outer loop
      vertex 2.400000 0.000000 25.500000
      vertex 5.424000 0.000000 25.600000
      vertex 5.424000 0.000000 25.500000
    endloop
  endfacet
  facet normal 0.000000 1.000000 0.000000
    outer loop
      vertex 2.400000 2.400000 25.500000
      vertex 5.424000 2.400000 25.500000
      vertex 5.424000 2.400000 25.600000
    endloop
  endfacet
  facet normal 0.000000 1.000000 0.000000
    outer loop
      vertex 2.400000 2.400000 25.500000
      vertex 5.424000 2.400000 25.600000
      vertex 2.400000 2.400000 25.600000
    endloop
  endfacet
  facet normal 0.000000 -1.000000 0.000000
    outer loop
      vertex 2.400000 0.000000 25.600000
      vertex 2.400000 0.000000 28.000000
      vertex 5.424000 0.000000 28.000000
    endloop
  endfacet
  facet normal 0.000000 -1.000000 0.000000
    outer loop
      vertex 2.400000 0.000000 25.600000
      vertex 5.424000 0.000000 28.000000
      vertex 5.424000 0.000000 25.600000
    endloop
  endfacet
  facet normal 0.000000 0.000000 1.000000
    outer loop
      vertex 2.400000 0.000000 28.000000
      vertex 2.400000 2.400000 28.000000
      vertex 5.424000 2.400000 28.000000
    endloop
  endfacet
  facet normal 0.000000 0.000000 1.000000
    outer loop
      vertex 2.400000 0.000000 28.000000
      vertex 5.424000 2.400000 28.000000
      vertex 5.424000 0.000000 28.000000
    endloop
  endfacet
  facet normal 0.000000 0.000000 -1.000000
    outer loop
      vertex 2.400000 2.400000 25.600000
      vertex 5.424000 2.400000 25.600000
      vertex 5.424000 4.000000 25.600000
    endloop
  endfacet
  facet normal 0.000000 0.000000 -1.000000
    outer loop
      vertex 2.400000 2.400000 25.600000
      vertex 5.424000 4.000000 25.600000
      vertex 2.400000 4.000000 25.600000
    endloop
  endfacet
  facet normal 0.000000 0.000000 1.000000
    outer loop
      vertex 2.400000 2.400000 28.000000
      vertex 2.400000 4.000000 28.000000
      vertex 5.424000 4.000000 28.000000
    endloop
  endfacet
  facet normal 0.000000 0.000000 1.000000
    outer loop
      vertex 2.400000 2.400000 28.000000
      vertex 5.424000 4.000000 28.000000
      vertex 5.424000 2.400000 28.000000
    endloop
  endfacet
  facet normal 0.000000 0.000000 -1.000000
    outer loop
      vertex 2.400000 4.000000 25.600000
      vertex 5.424000 4.000000 25.600000
      vertex 5.424000 13.282000 25.600000
    endloop
  endfacet
  facet normal 0.000000 0.000000 -1.000000
    outer loop
      vertex 2.400000 4.000000 25.600000
      vertex 5.424000 13.282000 25.600000
      vertex 2.400000 13.282000 25.600000
    endloop
  endfacet
  facet normal 0.000000 0.000000 1.000000
    outer loop
      vertex 2.400000 4.000000 28.000000
      vertex 2.400000 13.282000 28.000000
      vertex 5.424000 13.282000 28.000000
    endloop
  endfacet
  facet normal 0.000000 0.000000 1.000000
    outer loop
      vertex 2.400000 4.000000 28.000000
      vertex 5.424000 13.282000 28.000000
      vertex 5.424000 4.000000 28.000000
    endloop
  endfacet
  facet normal 1.000000 0.000000 0.000000
    outer loop
      vertex 5.424000 13.282000 25.600000
      vertex 5.424000 13.282000 28.000000
      vertex 5.424000 18.899000 28.000000
    endloop
  endfacet
  facet normal 1.000000 0.000000 0.000000
    outer loop
      vertex 5.424000 13.282000 25.600000
      vertex 5.424000 18.899000 28.000000
      vertex 5.424000 18.899000 25.600000
    endloop
  endfacet
  facet normal 0.000000 0.000000 -1.000000
    outer loop
      vertex 2.400000 13.282000 25.600000
      vertex 5.424000 13.282000 25.600000
      vertex 5.424000 18.899000 25.600000
    endloop
  endfacet
  facet normal 0.000000 0.000000 -1.000000
    outer loop
      vertex 2.400000 13.282000 25.600000
      vertex 5.424000 18.899000 25.600000
      vertex 2.400000 18.899000 25.600000
    endloop
  endfacet
  facet normal 0.000000 0.000000 1.000000
    outer loop
      vertex 2.400000 13.282000 28.000000
      vertex 2.400000 18.899000 28.000000
      vertex 5.424000 18.899000 28.000000
    endloop
  endfacet
  facet normal 0.000000 0.000000 1.000000
    outer loop
      vertex 2.400000 13.282000 28.000000
      vertex 5.424000 18.899000 28.000000
      vertex 5.424000 13.282000 28.000000
    endloop
  endfacet
  facet normal 1.000000 0.000000 0.000000
    outer loop
      vertex 5.424000 18.899000 25.600000
      vertex 5.424000 18.899000 28.000000
      vertex 5.424000 22.889000 28.000000
    endloop
  endfacet
  facet normal 1.000000 0.000000 0.000000
    outer loop
      vertex 5.424000 18.899000 25.600000
      vertex 5.424000 22.889000 28.000000
      vertex 5.424000 22.889000 25.600000
    endloop
  endfacet
  facet normal 0.000000 0.000000 -1.000000
    outer loop
      vertex 2.400000 18.899000 25.600000
      vertex 5.424000 18.899000 25.600000
      vertex 5.424000 22.889000 25.600000
    endloop
  endfacet
  facet normal 0.000000 0.000000 -1.000000
    outer loop
      vertex 2.400000 18.899000 25.600000
      vertex 5.424000 22.889000 25.600000
      vertex 2.400000 22.889000 25.600000
    endloop
  endfacet
  facet normal 0.000000 0.000000 1.000000
    outer loop
      vertex 2.400000 18.899000 28.000000
      vertex 2.400000 22.889000 28.000000
      vertex 5.424000 22.889000 28.000000
    endloop
  endfacet
  facet normal 0.000000 0.000000 1.000000
    outer loop
      vertex 2.400000 18.899000 28.000000
      vertex 5.424000 22.889000 28.000000
      vertex 5.424000 18.899000 28.000000
    endloop
  endfacet
  facet normal 0.000000 0.000000 -1.000000
    outer loop
      vertex 2.400000 22.889000 25.600000
      vertex 5.424000 22.889000 25.600000
      vertex 5.424000 24.125000 25.600000
    endloop
  endfacet
  facet normal 0.000000 0.000000 -1.000000
    outer loop
      vertex 2.400000 22.889000 25.600000
      vertex 5.424000 24.125000 25.600000
      vertex 2.400000 24.125000 25.600000
    endloop
  endfacet
  facet normal 0.000000 0.000000 1.000000
    outer loop
      vertex 2.400000 22.889000 28.000000
      vertex 2.400000 24.125000 28.000000
      vertex 5.424000 24.125000 28.000000
    endloop
  endfacet
  facet normal 0.000000 0.000000 1.000000
    outer loop
      vertex 2.400000 22.889000 28.000000
      vertex 5.424000 24.125000 28.000000
      vertex 5.424000 22.889000 28.000000
    endloop
  endfacet
  facet normal 0.000000 0.000000 -1.000000
    outer loop
      vertex 2.400000 24.125000 25.600000
      vertex 5.424000 24.125000 25.600000
      vertex 5.424000 33.833000 25.600000
    endloop
  endfacet
  facet normal 0.000000 0.000000 -1.000000
    outer loop
      vertex 2.400000 24.125000 25.600000
      vertex 5.424000 33.833000 25.600000
      vertex 2.400000 33.833000 25.600000
    endloop
  endfacet
  facet normal 0.000000 0.000000 1.000000
    outer loop
      vertex 2.400000 24.125000 28.000000
      vertex 2.400000 33.833000 28.000000
      vertex 5.424000 33.833000 28.000000
    endloop
  endfacet
  facet normal 0.000000 0.000000 1.000000
    outer loop
      vertex 2.400000 24.125000 28.000000
      vertex 5.424000 33.833000 28.000000
      vertex 5.424000 24.125000 28.000000
    endloop
  endfacet
  facet normal 0.000000 0.000000 -1.000000
    outer loop
      vertex 2.400000 33.833000 25.600000
      vertex 5.424000 33.833000 25.600000
      vertex 5.424000 33.923000 25.600000
    endloop
  endfacet
  facet normal 0.000000 0.000000 -1.000000
    outer loop
      vertex 2.400000 33.833000 25.600000
      vertex 5.424000 33.923000 25.600000
      vertex 2.400000 33.923000 25.600000
    endloop
  endfacet
  facet normal 0.000000 0.000000 1.000000
    outer loop
      vertex 2.400000 33.833000 28.000000
      vertex 2.400000 33.923000 28.000000
      vertex 5.424000 33.923000 28.000000
    endloop
  endfacet
  facet normal 0.000000 0.000000 1.000000
    outer loop
      vertex 2.400000 33.833000 28.000000
      vertex 5.424000 33.923000 28.000000
      vertex 5.424000 33.833000 28.000000
    endloop
  endfacet
  facet normal 0.000000 0.000000 -1.000000
    outer loop
      vertex 2.400000 33.923000 25.600000
      vertex 5.424000 33.923000 25.600000
      vertex 5.424000 36.125000 25.600000
    endloop
  endfacet
  facet normal 0.000000 0.000000 -1.000000
    outer loop
      vertex 2.400000 33.923000 25.600000
      vertex 5.424000 36.125000 25.600000
      vertex 2.400000 36.125000 25.600000
    endloop
  endfacet
  facet normal 0.000000 0.000000 1.000000
    outer loop
      vertex 2.400000 33.923000 28.000000
      vertex 2.400000 36.125000 28.000000
      vertex 5.424000 36.125000 28.000000
    endloop
  endfacet
  facet normal 0.000000 0.000000 1.000000
    outer loop
      vertex 2.400000 33.923000 28.000000
      vertex 5.424000 36.125000 28.000000
      vertex 5.424000 33.923000 28.000000
    endloop
  endfacet
  facet normal 0.000000 0.000000 -1.000000
    outer loop
      vertex 2.400000 36.125000 25.600000
      vertex 5.424000 36.125000 25.600000
      vertex 5.424000 42.105000 25.600000
    endloop
  endfacet
  facet normal 0.000000 0.000000 -1.000000
    outer loop
      vertex 2.400000 36.125000 25.600000
      vertex 5.424000 42.105000 25.600000
      vertex 2.400000 42.105000 25.600000
    endloop
  endfacet
  facet normal 0.000000 0.000000 1.000000
    outer loop
      vertex 2.400000 36.125000 28.000000
      vertex 2.400000 42.105000 28.000000
      vertex 5.424000 42.105000 28.000000
    endloop
  endfacet
  facet normal 0.000000 0.000000 1.000000
    outer loop
      vertex 2.400000 36.125000 28.000000
      vertex 5.424000 42.105000 28.000000
      vertex 5.424000 36.125000 28.000000
    endloop
  endfacet
  facet normal 0.000000 0.000000 -1.000000
    outer loop
      vertex 2.400000 42.105000 25.600000
      vertex 5.424000 42.105000 25.600000
      vertex 5.424000 43.151000 25.600000
    endloop
  endfacet
  facet normal 0.000000 0.000000 -1.000000
    outer loop
      vertex 2.400000 42.105000 25.600000
      vertex 5.424000 43.151000 25.600000
      vertex 2.400000 43.151000 25.600000
    endloop
  endfacet
  facet normal 0.000000 0.000000 1.000000
    outer loop
      vertex 2.400000 42.105000 28.000000
      vertex 2.400000 43.151000 28.000000
      vertex 5.424000 43.151000 28.000000
    endloop
  endfacet
  facet normal 0.000000 0.000000 1.000000
    outer loop
      vertex 2.400000 42.105000 28.000000
      vertex 5.424000 43.151000 28.000000
      vertex 5.424000 42.105000 28.000000
    endloop
  endfacet
  facet normal 0.000000 0.000000 -1.000000
    outer loop
      vertex 2.400000 43.151000 25.600000
      vertex 5.424000 43.151000 25.600000
      vertex 5.424000 43.244000 25.600000
    endloop
  endfacet
  facet normal 0.000000 0.000000 -1.000000
    outer loop
      vertex 2.400000 43.151000 25.600000
      vertex 5.424000 43.244000 25.600000
      vertex 2.400000 43.244000 25.600000
    endloop
  endfacet
  facet normal 0.000000 0.000000 1.000000
    outer loop
      vertex 2.400000 43.151000 28.000000
      vertex 2.400000 43.244000 28.000000
      vertex 5.424000 43.244000 28.000000
    endloop
  endfacet
  facet normal 0.000000 0.000000 1.000000
    outer loop
      vertex 2.400000 43.151000 28.000000
      vertex 5.424000 43.244000 28.000000
      vertex 5.424000 43.151000 28.000000
    endloop
  endfacet
  facet normal 0.000000 0.000000 -1.000000
    outer loop
      vertex 2.400000 43.244000 25.600000
      vertex 5.424000 43.244000 25.600000
      vertex 5.424000 54.437000 25.600000
    endloop
  endfacet
  facet normal 0.000000 0.000000 -1.000000
    outer loop
      vertex 2.400000 43.244000 25.600000
      vertex 5.424000 54.437000 25.600000
      vertex 2.400000 54.437000 25.600000
    endloop
  endfacet
  facet normal 0.000000 0.000000 1.000000
    outer loop
      vertex 2.400000 43.244000 28.000000
      vertex 2.400000 54.437000 28.000000
      vertex 5.424000 54.437000 28.000000
    endloop
  endfacet
  facet normal 0.000000 0.000000 1.000000
    outer loop
      vertex 2.400000 43.244000 28.000000
      vertex 5.424000 54.437000 28.000000
      vertex 5.424000 43.244000 28.000000
    endloop
  endfacet
  facet normal 0.000000 0.000000 -1.000000
    outer loop
      vertex 2.400000 54.437000 25.600000
      vertex 5.424000 54.437000 25.600000
      vertex 5.424000 61.935000 25.600000
    endloop
  endfacet
  facet normal 0.000000 0.000000 -1.000000
    outer loop
      vertex 2.400000 54.437000 25.600000
      vertex 5.424000 61.935000 25.600000
      vertex 2.400000 61.935000 25.600000
    endloop
  endfacet
  facet normal 0.000000 0.000000 1.000000
    outer loop
      vertex 2.400000 54.437000 28.000000
      vertex 2.400000 61.935000 28.000000
      vertex 5.424000 61.935000 28.000000
    endloop
  endfacet
  facet normal 0.000000 0.000000 1.000000
    outer loop
      vertex 2.400000 54.437000 28.000000
      vertex 5.424000 61.935000 28.000000
      vertex 5.424000 54.437000 28.000000
    endloop
  endfacet
  facet normal 0.000000 0.000000 -1.000000
    outer loop
      vertex 2.400000 61.935000 25.600000
      vertex 5.424000 61.935000 25.600000
      vertex 5.424000 64.480000 25.600000
    endloop
  endfacet
  facet normal 0.000000 0.000000 -1.000000
    outer loop
      vertex 2.400000 61.935000 25.600000
      vertex 5.424000 64.480000 25.600000
      vertex 2.400000 64.480000 25.600000
    endloop
  endfacet
  facet normal 0.000000 0.000000 1.000000
    outer loop
      vertex 2.400000 61.935000 28.000000
      vertex 2.400000 64.480000 28.000000
      vertex 5.424000 64.480000 28.000000
    endloop
  endfacet
  facet normal 0.000000 0.000000 1.000000
    outer loop
      vertex 2.400000 61.935000 28.000000
      vertex 5.424000 64.480000 28.000000
      vertex 5.424000 61.935000 28.000000
    endloop
  endfacet
  facet normal 0.000000 0.000000 -1.000000
    outer loop
      vertex 2.400000 64.480000 25.600000
      vertex 5.424000 64.480000 25.600000
      vertex 5.424000 66.080000 25.600000
    endloop
  endfacet
  facet normal 0.000000 0.000000 -1.000000
    outer loop
      vertex 2.400000 64.480000 25.600000
      vertex 5.424000 66.080000 25.600000
      vertex 2.400000 66.080000 25.600000
    endloop
  endfacet
  facet normal 0.000000 0.000000 1.000000
    outer loop
      vertex 2.400000 64.480000 28.000000
      vertex 2.400000 66.080000 28.000000
      vertex 5.424000 66.080000 28.000000
    endloop
  endfacet
  facet normal 0.000000 0.000000 1.000000
    outer loop
      vertex 2.400000 64.480000 28.000000
      vertex 5.424000 66.080000 28.000000
      vertex 5.424000 64.480000 28.000000
    endloop
  endfacet
  facet normal 0.000000 -1.000000 0.000000
    outer loop
      vertex 2.400000 66.080000 0.000000
      vertex 2.400000 66.080000 0.500000
      vertex 5.424000 66.080000 0.500000
    endloop
  endfacet
  facet normal 0.000000 -1.000000 0.000000
    outer loop
      vertex 2.400000 66.080000 0.000000
      vertex 5.424000 66.080000 0.500000
      vertex 5.424000 66.080000 0.000000
    endloop
  endfacet
  facet normal 0.000000 1.000000 0.000000
    outer loop
      vertex 2.400000 68.480000 0.000000
      vertex 5.424000 68.480000 0.000000
      vertex 5.424000 68.480000 0.500000
    endloop
  endfacet
  facet normal 0.000000 1.000000 0.000000
    outer loop
      vertex 2.400000 68.480000 0.000000
      vertex 5.424000 68.480000 0.500000
      vertex 2.400000 68.480000 0.500000
    endloop
  endfacet
  facet normal 0.000000 0.000000 -1.000000
    outer loop
      vertex 2.400000 66.080000 0.000000
      vertex 5.424000 66.080000 0.000000
      vertex 5.424000 68.480000 0.000000
    endloop
  endfacet
  facet normal 0.000000 0.000000 -1.000000
    outer loop
      vertex 2.400000 66.080000 0.000000
      vertex 5.424000 68.480000 0.000000
      vertex 2.400000 68.480000 0.000000
    endloop
  endfacet
  facet normal 0.000000 -1.000000 0.000000
    outer loop
      vertex 2.400000 66.080000 0.500000
      vertex 2.400000 66.080000 9.000000
      vertex 5.424000 66.080000 9.000000
    endloop
  endfacet
  facet normal 0.000000 -1.000000 0.000000
    outer loop
      vertex 2.400000 66.080000 0.500000
      vertex 5.424000 66.080000 9.000000
      vertex 5.424000 66.080000 0.500000
    endloop
  endfacet
  facet normal 0.000000 1.000000 0.000000
    outer loop
      vertex 2.400000 68.480000 0.500000
      vertex 5.424000 68.480000 0.500000
      vertex 5.424000 68.480000 9.000000
    endloop
  endfacet
  facet normal 0.000000 1.000000 0.000000
    outer loop
      vertex 2.400000 68.480000 0.500000
      vertex 5.424000 68.480000 9.000000
      vertex 2.400000 68.480000 9.000000
    endloop
  endfacet
  facet normal 0.000000 -1.000000 0.000000
    outer loop
      vertex 2.400000 66.080000 9.000000
      vertex 2.400000 66.080000 10.000000
      vertex 5.424000 66.080000 10.000000
    endloop
  endfacet
  facet normal 0.000000 -1.000000 0.000000
    outer loop
      vertex 2.400000 66.080000 9.000000
      vertex 5.424000 66.080000 10.000000
      vertex 5.424000 66.080000 9.000000
    endloop
  endfacet
  facet normal 0.000000 1.000000 0.000000
    outer loop
      vertex 2.400000 68.480000 9.000000
      vertex 5.424000 68.480000 9.000000
      vertex 5.424000 68.480000 10.000000
    endloop
  endfacet
  facet normal 0.000000 1.000000 0.000000
    outer loop
      vertex 2.400000 68.480000 9.000000
      vertex 5.424000 68.480000 10.000000
      vertex 2.400000 68.480000 10.000000
    endloop
  endfacet
  facet normal 0.000000 -1.000000 0.000000
    outer loop
      vertex 2.400000 66.080000 10.000000
      vertex 2.400000 66.080000 10.200000
      vertex 5.424000 66.080000 10.200000
    endloop
  endfacet
  facet normal 0.000000 -1.000000 0.000000
    outer loop
      vertex 2.400000 66.080000 10.000000
      vertex 5.424000 66.080000 10.200000
      vertex 5.424000 66.080000 10.000000
    endloop
  endfacet
  facet normal 0.000000 1.000000 0.000000
    outer loop
      vertex 2.400000 68.480000 10.000000
      vertex 5.424000 68.480000 10.000000
      vertex 5.424000 68.480000 10.200000
    endloop
  endfacet
  facet normal 0.000000 1.000000 0.000000
    outer loop
      vertex 2.400000 68.480000 10.000000
      vertex 5.424000 68.480000 10.200000
      vertex 2.400000 68.480000 10.200000
    endloop
  endfacet
  facet normal 0.000000 -1.000000 0.000000
    outer loop
      vertex 2.400000 66.080000 10.200000
      vertex 2.400000 66.080000 25.500000
      vertex 5.424000 66.080000 25.500000
    endloop
  endfacet
  facet normal 0.000000 -1.000000 0.000000
    outer loop
      vertex 2.400000 66.080000 10.200000
      vertex 5.424000 66.080000 25.500000
      vertex 5.424000 66.080000 10.200000
    endloop
  endfacet
  facet normal 0.000000 1.000000 0.000000
    outer loop
      vertex 2.400000 68.480000 10.200000
      vertex 5.424000 68.480000 10.200000
      vertex 5.424000 68.480000 25.500000
    endloop
  endfacet
  facet normal 0.000000 1.000000 0.000000
    outer loop
      vertex 2.400000 68.480000 10.200000
      vertex 5.424000 68.480000 25.500000
      vertex 2.400000 68.480000 25.500000
    endloop
  endfacet
  facet normal 0.000000 -1.000000 0.000000
    outer loop
      vertex 2.400000 66.080000 25.500000
      vertex 2.400000 66.080000 25.600000
      vertex 5.424000 66.080000 25.600000
    endloop
  endfacet
  facet normal 0.000000 -1.000000 0.000000
    outer loop
      vertex 2.400000 66.080000 25.500000
      vertex 5.424000 66.080000 25.600000
      vertex 5.424000 66.080000 25.500000
    endloop
  endfacet
  facet normal 0.000000 1.000000 0.000000
    outer loop
      vertex 2.400000 68.480000 25.500000
      vertex 5.424000 68.480000 25.500000
      vertex 5.424000 68.480000 25.600000
    endloop
  endfacet
  facet normal 0.000000 1.000000 0.000000
    outer loop
      vertex 2.400000 68.480000 25.500000
      vertex 5.424000 68.480000 25.600000
      vertex 2.400000 68.480000 25.600000
    endloop
  endfacet
  facet normal 0.000000 1.000000 0.000000
    outer loop
      vertex 2.400000 68.480000 25.600000
      vertex 5.424000 68.480000 25.600000
      vertex 5.424000 68.480000 28.000000
    endloop
  endfacet
  facet normal 0.000000 1.000000 0.000000
    outer loop
      vertex 2.400000 68.480000 25.600000
      vertex 5.424000 68.480000 28.000000
      vertex 2.400000 68.480000 28.000000
    endloop
  endfacet
  facet normal 0.000000 0.000000 1.000000
    outer loop
      vertex 2.400000 66.080000 28.000000
      vertex 2.400000 68.480000 28.000000
      vertex 5.424000 68.480000 28.000000
    endloop
  endfacet
  facet normal 0.000000 0.000000 1.000000
    outer loop
      vertex 2.400000 66.080000 28.000000
      vertex 5.424000 68.480000 28.000000
      vertex 5.424000 66.080000 28.000000
    endloop
  endfacet
  facet normal 0.000000 -1.000000 0.000000
    outer loop
      vertex 5.424000 0.000000 0.000000
      vertex 5.424000 0.000000 0.500000
      vertex 7.186000 0.000000 0.500000
    endloop
  endfacet
  facet normal 0.000000 -1.000000 0.000000
    outer loop
      vertex 5.424000 0.000000 0.000000
      vertex 7.186000 0.000000 0.500000
      vertex 7.186000 0.000000 0.000000
    endloop
  endfacet
  facet normal 0.000000 1.000000 0.000000
    outer loop
      vertex 5.424000 2.400000 0.000000
      vertex 7.186000 2.400000 0.000000
      vertex 7.186000 2.400000 0.500000
    endloop
  endfacet
  facet normal 0.000000 1.000000 0.000000
    outer loop
      vertex 5.424000 2.400000 0.000000
      vertex 7.186000 2.400000 0.500000
      vertex 5.424000 2.400000 0.500000
    endloop
  endfacet
  facet normal 0.000000 0.000000 -1.000000
    outer loop
      vertex 5.424000 0.000000 0.000000
      vertex 7.186000 0.000000 0.000000
      vertex 7.186000 2.400000 0.000000
    endloop
  endfacet
  facet normal 0.000000 0.000000 -1.000000
    outer loop
      vertex 5.424000 0.000000 0.000000
      vertex 7.186000 2.400000 0.000000
      vertex 5.424000 2.400000 0.000000
    endloop
  endfacet
  facet normal 0.000000 -1.000000 0.000000
    outer loop
      vertex 5.424000 0.000000 0.500000
      vertex 5.424000 0.000000 9.000000
      vertex 7.186000 0.000000 9.000000
    endloop
  endfacet
  facet normal 0.000000 -1.000000 0.000000
    outer loop
      vertex 5.424000 0.000000 0.500000
      vertex 7.186000 0.000000 9.000000
      vertex 7.186000 0.000000 0.500000
    endloop
  endfacet
  facet normal 0.000000 1.000000 0.000000
    outer loop
      vertex 5.424000 2.400000 0.500000
      vertex 7.186000 2.400000 0.500000
      vertex 7.186000 2.400000 9.000000
    endloop
  endfacet
  facet normal 0.000000 1.000000 0.000000
    outer loop
      vertex 5.424000 2.400000 0.500000
      vertex 7.186000 2.400000 9.000000
      vertex 5.424000 2.400000 9.000000
    endloop
  endfacet
  facet normal 0.000000 -1.000000 0.000000
    outer loop
      vertex 5.424000 0.000000 9.000000
      vertex 5.424000 0.000000 10.000000
      vertex 7.186000 0.000000 10.000000
    endloop
  endfacet
  facet normal 0.000000 -1.000000 0.000000
    outer loop
      vertex 5.424000 0.000000 9.000000
      vertex 7.186000 0.000000 10.000000
      vertex 7.186000 0.000000 9.000000
    endloop
  endfacet
  facet normal 0.000000 1.000000 0.000000
    outer loop
      vertex 5.424000 2.400000 9.000000
      vertex 7.186000 2.400000 9.000000
      vertex 7.186000 2.400000 10.000000
    endloop
  endfacet
  facet normal 0.000000 1.000000 0.000000
    outer loop
      vertex 5.424000 2.400000 9.000000
      vertex 7.186000 2.400000 10.000000
      vertex 5.424000 2.400000 10.000000
    endloop
  endfacet
  facet normal 0.000000 -1.000000 0.000000
    outer loop
      vertex 5.424000 0.000000 10.000000
      vertex 5.424000 0.000000 10.200000
      vertex 7.186000 0.000000 10.200000
    endloop
  endfacet
  facet normal 0.000000 -1.000000 0.000000
    outer loop
      vertex 5.424000 0.000000 10.000000
      vertex 7.186000 0.000000 10.200000
      vertex 7.186000 0.000000 10.000000
    endloop
  endfacet
  facet normal 0.000000 1.000000 0.000000
    outer loop
      vertex 5.424000 2.400000 10.000000
      vertex 7.186000 2.400000 10.000000
      vertex 7.186000 2.400000 10.200000
    endloop
  endfacet
  facet normal 0.000000 1.000000 0.000000
    outer loop
      vertex 5.424000 2.400000 10.000000
      vertex 7.186000 2.400000 10.200000
      vertex 5.424000 2.400000 10.200000
    endloop
  endfacet
  facet normal 0.000000 -1.000000 0.000000
    outer loop
      vertex 5.424000 0.000000 10.200000
      vertex 5.424000 0.000000 25.500000
      vertex 7.186000 0.000000 25.500000
    endloop
  endfacet
  facet normal 0.000000 -1.000000 0.000000
    outer loop
      vertex 5.424000 0.000000 10.200000
      vertex 7.186000 0.000000 25.500000
      vertex 7.186000 0.000000 10.200000
    endloop
  endfacet
  facet normal 0.000000 1.000000 0.000000
    outer loop
      vertex 5.424000 2.400000 10.200000
      vertex 7.186000 2.400000 10.200000
      vertex 7.186000 2.400000 25.500000
    endloop
  endfacet
  facet normal 0.000000 1.000000 0.000000
    outer loop
      vertex 5.424000 2.400000 10.200000
      vertex 7.186000 2.400000 25.500000
      vertex 5.424000 2.400000 25.500000
    endloop
  endfacet
  facet normal 0.000000 -1.000000 0.000000
    outer loop
      vertex 5.424000 0.000000 25.500000
      vertex 5.424000 0.000000 25.600000
      vertex 7.186000 0.000000 25.600000
    endloop
  endfacet
  facet normal 0.000000 -1.000000 0.000000
    outer loop
      vertex 5.424000 0.000000 25.500000
      vertex 7.186000 0.000000 25.600000
      vertex 7.186000 0.000000 25.500000
    endloop
  endfacet
  facet normal 0.000000 1.000000 0.000000
    outer loop
      vertex 5.424000 2.400000 25.500000
      vertex 7.186000 2.400000 25.500000
      vertex 7.186000 2.400000 25.600000
    endloop
  endfacet
  facet normal 0.000000 1.000000 0.000000
    outer loop
      vertex 5.424000 2.400000 25.500000
      vertex 7.186000 2.400000 25.600000
      vertex 5.424000 2.400000 25.600000
    endloop
  endfacet
  facet normal 0.000000 -1.000000 0.000000
    outer loop
      vertex 5.424000 0.000000 25.600000
      vertex 5.424000 0.000000 28.000000
      vertex 7.186000 0.000000 28.000000
    endloop
  endfacet
  facet normal 0.000000 -1.000000 0.000000
    outer loop
      vertex 5.424000 0.000000 25.600000
      vertex 7.186000 0.000000 28.000000
      vertex 7.186000 0.000000 25.600000
    endloop
  endfacet
  facet normal 0.000000 0.000000 1.000000
    outer loop
      vertex 5.424000 0.000000 28.000000
      vertex 5.424000 2.400000 28.000000
      vertex 7.186000 2.400000 28.000000
    endloop
  endfacet
  facet normal 0.000000 0.000000 1.000000
    outer loop
      vertex 5.424000 0.000000 28.000000
      vertex 7.186000 2.400000 28.000000
      vertex 7.186000 0.000000 28.000000
    endloop
  endfacet
  facet normal 0.000000 0.000000 -1.000000
    outer loop
      vertex 5.424000 2.400000 25.600000
      vertex 7.186000 2.400000 25.600000
      vertex 7.186000 4.000000 25.600000
    endloop
  endfacet
  facet normal 0.000000 0.000000 -1.000000
    outer loop
      vertex 5.424000 2.400000 25.600000
      vertex 7.186000 4.000000 25.600000
      vertex 5.424000 4.000000 25.600000
    endloop
  endfacet
  facet normal 0.000000 0.000000 1.000000
    outer loop
      vertex 5.424000 2.400000 28.000000
      vertex 5.424000 4.000000 28.000000
      vertex 7.186000 4.000000 28.000000
    endloop
  endfacet
  facet normal 0.000000 0.000000 1.000000
    outer loop
      vertex 5.424000 2.400000 28.000000
      vertex 7.186000 4.000000 28.000000
      vertex 7.186000 2.400000 28.000000
    endloop
  endfacet
  facet normal 0.000000 1.000000 0.000000
    outer loop
      vertex 5.424000 13.282000 25.600000
      vertex 7.186000 13.282000 25.600000
      vertex 7.186000 13.282000 28.000000
    endloop
  endfacet
  facet normal 0.000000 1.000000 0.000000
    outer loop
      vertex 5.424000 13.282000 25.600000
      vertex 7.186000 13.282000 28.000000
      vertex 5.424000 13.282000 28.000000
    endloop
  endfacet
  facet normal 0.000000 0.000000 -1.000000
    outer loop
      vertex 5.424000 4.000000 25.600000
      vertex 7.186000 4.000000 25.600000
      vertex 7.186000 13.282000 25.600000
    endloop
  endfacet
  facet normal 0.000000 0.000000 -1.000000
    outer loop
      vertex 5.424000 4.000000 25.600000
      vertex 7.186000 13.282000 25.600000
      vertex 5.424000 13.282000 25.600000
    endloop
  endfacet
  facet normal 0.000000 0.000000 1.000000
    outer loop
      vertex 5.424000 4.000000 28.000000
      vertex 5.424000 13.282000 28.000000
      vertex 7.186000 13.282000 28.000000
    endloop
  endfacet
  facet normal 0.000000 0.000000 1.000000
    outer loop
      vertex 5.424000 4.000000 28.000000
      vertex 7.186000 13.282000 28.000000
      vertex 7.186000 4.000000 28.000000
    endloop
  endfacet
  facet normal 0.000000 -1.000000 0.000000
    outer loop
      vertex 5.424000 22.889000 25.600000
      vertex 5.424000 22.889000 28.000000
      vertex 7.186000 22.889000 28.000000
    endloop
  endfacet
  facet normal 0.000000 -1.000000 0.000000
    outer loop
      vertex 5.424000 22.889000 25.600000
      vertex 7.186000 22.889000 28.000000
      vertex 7.186000 22.889000 25.600000
    endloop
  endfacet
  facet normal 0.000000 0.000000 -1.000000
    outer loop
      vertex 5.424000 22.889000 25.600000
      vertex 7.186000 22.889000 25.600000
      vertex 7.186000 24.125000 25.600000
    endloop
  endfacet
  facet normal 0.000000 0.000000 -1.000000
    outer loop
      vertex 5.424000 22.889000 25.600000
      vertex 7.186000 24.125000 25.600000
      vertex 5.424000 24.125000 25.600000
    endloop
  endfacet
  facet normal 0.000000 0.000000 1.000000
    outer loop
      vertex 5.424000 22.889000 28.000000
      vertex 5.424000 24.125000 28.000000
      vertex 7.186000 24.125000 28.000000
    endloop
  endfacet
  facet normal 0.000000 0.000000 1.000000
    outer loop
      vertex 5.424000 22.889000 28.000000
      vertex 7.186000 24.125000 28.000000
      vertex 7.186000 22.889000 28.000000
    endloop
  endfacet
  facet normal 0.000000 0.000000 -1.000000
    outer loop
      vertex 5.424000 24.125000 25.600000
      vertex 7.186000 24.125000 25.600000
      vertex 7.186000 33.833000 25.600000
    endloop
  endfacet
  facet normal 0.000000 0.000000 -1.000000
    outer loop
      vertex 5.424000 24.125000 25.600000
      vertex 7.186000 33.833000 25.600000
      vertex 5.424000 33.833000 25.600000
    endloop
  endfacet
  facet normal 0.000000 0.000000 1.000000
    outer loop
      vertex 5.424000 24.125000 28.000000
      vertex 5.424000 33.833000 28.000000
      vertex 7.186000 33.833000 28.000000
    endloop
  endfacet
  facet normal 0.000000 0.000000 1.000000
    outer loop
      vertex 5.424000 24.125000 28.000000
      vertex 7.186000 33.833000 28.000000
      vertex 7.186000 24.125000 28.000000
    endloop
  endfacet
  facet normal 0.000000 0.000000 -1.000000
    outer loop
      vertex 5.424000 33.833000 25.600000
      vertex 7.186000 33.833000 25.600000
      vertex 7.186000 33.923000 25.600000
    endloop
  endfacet
  facet normal 0.000000 0.000000 -1.000000
    outer loop
      vertex 5.424000 33.833000 25.600000
      vertex 7.186000 33.923000 25.600000
      vertex 5.424000 33.923000 25.600000
    endloop
  endfacet
  facet normal 0.000000 0.000000 1.000000
    outer loop
      vertex 5.424000 33.833000 28.000000
      vertex 5.424000 33.923000 28.000000
      vertex 7.186000 33.923000 28.000000
    endloop
  endfacet
  facet normal 0.000000 0.000000 1.000000
    outer loop
      vertex 5.424000 33.833000 28.000000
      vertex 7.186000 33.923000 28.000000
      vertex 7.186000 33.833000 28.000000
    endloop
  endfacet
  facet normal 1.000000 0.000000 0.000000
    outer loop
      vertex 7.186000 33.923000 25.600000
      vertex 7.186000 33.923000 28.000000
      vertex 7.186000 36.125000 28.000000
    endloop
  endfacet
  facet normal 1.000000 0.000000 0.000000
    outer loop
      vertex 7.186000 33.923000 25.600000
      vertex 7.186000 36.125000 28.000000
      vertex 7.186000 36.125000 25.600000
    endloop
  endfacet
  facet normal 0.000000 0.000000 -1.000000
    outer loop
      vertex 5.424000 33.923000 25.600000
      vertex 7.186000 33.923000 25.600000
      vertex 7.186000 36.125000 25.600000
    endloop
  endfacet
  facet normal 0.000000 0.000000 -1.000000
    outer loop
      vertex 5.424000 33.923000 25.600000
      vertex 7.186000 36.125000 25.600000
      vertex 5.424000 36.125000 25.600000
    endloop
  endfacet
  facet normal 0.000000 0.000000 1.000000
    outer loop
      vertex 5.424000 33.923000 28.000000
      vertex 5.424000 36.125000 28.000000
      vertex 7.186000 36.125000 28.000000
    endloop
  endfacet
  facet normal 0.000000 0.000000 1.000000
    outer loop
      vertex 5.424000 33.923000 28.000000
      vertex 7.186000 36.125000 28.000000
      vertex 7.186000 33.923000 28.000000
    endloop
  endfacet
  facet normal 1.000000 0.000000 0.000000
    outer loop
      vertex 7.186000 36.125000 25.600000
      vertex 7.186000 36.125000 28.000000
      vertex 7.186000 42.105000 28.000000
    endloop
  endfacet
  facet normal 1.000000 0.000000 0.000000
    outer loop
      vertex 7.186000 36.125000 25.600000
      vertex 7.186000 42.105000 28.000000
      vertex 7.186000 42.105000 25.600000
    endloop
  endfacet
  facet normal 0.000000 0.000000 -1.000000
    outer loop
      vertex 5.424000 36.125000 25.600000
      vertex 7.186000 36.125000 25.600000
      vertex 7.186000 42.105000 25.600000
    endloop
  endfacet
  facet normal 0.000000 0.000000 -1.000000
    outer loop
      vertex 5.424000 36.125000 25.600000
      vertex 7.186000 42.105000 25.600000
      vertex 5.424000 42.105000 25.600000
    endloop
  endfacet
  facet normal 0.000000 0.000000 1.000000
    outer loop
      vertex 5.424000 36.125000 28.000000
      vertex 5.424000 42.105000 28.000000
      vertex 7.186000 42.105000 28.000000
    endloop
  endfacet
  facet normal 0.000000 0.000000 1.000000
    outer loop
      vertex 5.424000 36.125000 28.000000
      vertex 7.186000 42.105000 28.000000
      vertex 7.186000 36.125000 28.000000
    endloop
  endfacet
  facet normal 1.000000 0.000000 0.000000
    outer loop
      vertex 7.186000 42.105000 25.600000
      vertex 7.186000 42.105000 28.000000
      vertex 7.186000 43.151000 28.000000
    endloop
  endfacet
  facet normal 1.000000 0.000000 0.000000
    outer loop
      vertex 7.186000 42.105000 25.600000
      vertex 7.186000 43.151000 28.000000
      vertex 7.186000 43.151000 25.600000
    endloop
  endfacet
  facet normal 0.000000 0.000000 -1.000000
    outer loop
      vertex 5.424000 42.105000 25.600000
      vertex 7.186000 42.105000 25.600000
      vertex 7.186000 43.151000 25.600000
    endloop
  endfacet
  facet normal 0.000000 0.000000 -1.000000
    outer loop
      vertex 5.424000 42.105000 25.600000
      vertex 7.186000 43.151000 25.600000
      vertex 5.424000 43.151000 25.600000
    endloop
  endfacet
  facet normal 0.000000 0.000000 1.000000
    outer loop
      vertex 5.424000 42.105000 28.000000
      vertex 5.424000 43.151000 28.000000
      vertex 7.186000 43.151000 28.000000
    endloop
  endfacet
  facet normal 0.000000 0.000000 1.000000
    outer loop
      vertex 5.424000 42.105000 28.000000
      vertex 7.186000 43.151000 28.000000
      vertex 7.186000 42.105000 28.000000
    endloop
  endfacet
  facet normal 1.000000 0.000000 0.000000
    outer loop
      vertex 7.186000 43.151000 25.600000
      vertex 7.186000 43.151000 28.000000
      vertex 7.186000 43.244000 28.000000
    endloop
  endfacet
  facet normal 1.000000 0.000000 0.000000
    outer loop
      vertex 7.186000 43.151000 25.600000
      vertex 7.186000 43.244000 28.000000
      vertex 7.186000 43.244000 25.600000
    endloop
  endfacet
  facet normal 0.000000 0.000000 -1.000000
    outer loop
      vertex 5.424000 43.151000 25.600000
      vertex 7.186000 43.151000 25.600000
      vertex 7.186000 43.244000 25.600000
    endloop
  endfacet
  facet normal 0.000000 0.000000 -1.000000
    outer loop
      vertex 5.424000 43.151000 25.600000
      vertex 7.186000 43.244000 25.600000
      vertex 5.424000 43.244000 25.600000
    endloop
  endfacet
  facet normal 0.000000 0.000000 1.000000
    outer loop
      vertex 5.424000 43.151000 28.000000
      vertex 5.424000 43.244000 28.000000
      vertex 7.186000 43.244000 28.000000
    endloop
  endfacet
  facet normal 0.000000 0.000000 1.000000
    outer loop
      vertex 5.424000 43.151000 28.000000
      vertex 7.186000 43.244000 28.000000
      vertex 7.186000 43.151000 28.000000
    endloop
  endfacet
  facet normal 0.000000 0.000000 -1.000000
    outer loop
      vertex 5.424000 43.244000 25.600000
      vertex 7.186000 43.244000 25.600000
      vertex 7.186000 54.437000 25.600000
    endloop
  endfacet
  facet normal 0.000000 0.000000 -1.000000
    outer loop
      vertex 5.424000 43.244000 25.600000
      vertex 7.186000 54.437000 25.600000
      vertex 5.424000 54.437000 25.600000
    endloop
  endfacet
  facet normal 0.000000 0.000000 1.000000
    outer loop
      vertex 5.424000 43.244000 28.000000
      vertex 5.424000 54.437000 28.000000
      vertex 7.186000 54.437000 28.000000
    endloop
  endfacet
  facet normal 0.000000 0.000000 1.000000
    outer loop
      vertex 5.424000 43.244000 28.000000
      vertex 7.186000 54.437000 28.000000
      vertex 7.186000 43.244000 28.000000
    endloop
  endfacet
  facet normal 0.000000 0.000000 -1.000000
    outer loop
      vertex 5.424000 54.437000 25.600000
      vertex 7.186000 54.437000 25.600000
      vertex 7.186000 61.935000 25.600000
    endloop
  endfacet
  facet normal 0.000000 0.000000 -1.000000
    outer loop
      vertex 5.424000 54.437000 25.600000
      vertex 7.186000 61.935000 25.600000
      vertex 5.424000 61.935000 25.600000
    endloop
  endfacet
  facet normal 0.000000 0.000000 1.000000
    outer loop
      vertex 5.424000 54.437000 28.000000
      vertex 5.424000 61.935000 28.000000
      vertex 7.186000 61.935000 28.000000
    endloop
  endfacet
  facet normal 0.000000 0.000000 1.000000
    outer loop
      vertex 5.424000 54.437000 28.000000
      vertex 7.186000 61.935000 28.000000
      vertex 7.186000 54.437000 28.000000
    endloop
  endfacet
  facet normal 0.000000 0.000000 -1.000000
    outer loop
      vertex 5.424000 61.935000 25.600000
      vertex 7.186000 61.935000 25.600000
      vertex 7.186000 64.480000 25.600000
    endloop
  endfacet
  facet normal 0.000000 0.000000 -1.000000
    outer loop
      vertex 5.424000 61.935000 25.600000
      vertex 7.186000 64.480000 25.600000
      vertex 5.424000 64.480000 25.600000
    endloop
  endfacet
  facet normal 0.000000 0.000000 1.000000
    outer loop
      vertex 5.424000 61.935000 28.000000
      vertex 5.424000 64.480000 28.000000
      vertex 7.186000 64.480000 28.000000
    endloop
  endfacet
  facet normal 0.000000 0.000000 1.000000
    outer loop
      vertex 5.424000 61.935000 28.000000
      vertex 7.186000 64.480000 28.000000
      vertex 7.186000 61.935000 28.000000
    endloop
  endfacet
  facet normal 0.000000 0.000000 -1.000000
    outer loop
      vertex 5.424000 64.480000 25.600000
      vertex 7.186000 64.480000 25.600000
      vertex 7.186000 66.080000 25.600000
    endloop
  endfacet
  facet normal 0.000000 0.000000 -1.000000
    outer loop
      vertex 5.424000 64.480000 25.600000
      vertex 7.186000 66.080000 25.600000
      vertex 5.424000 66.080000 25.600000
    endloop
  endfacet
  facet normal 0.000000 0.000000 1.000000
    outer loop
      vertex 5.424000 64.480000 28.000000
      vertex 5.424000 66.080000 28.000000
      vertex 7.186000 66.080000 28.000000
    endloop
  endfacet
  facet normal 0.000000 0.000000 1.000000
    outer loop
      vertex 5.424000 64.480000 28.000000
      vertex 7.186000 66.080000 28.000000
      vertex 7.186000 64.480000 28.000000
    endloop
  endfacet
  facet normal 0.000000 -1.000000 0.000000
    outer loop
      vertex 5.424000 66.080000 0.000000
      vertex 5.424000 66.080000 0.500000
      vertex 7.186000 66.080000 0.500000
    endloop
  endfacet
  facet normal 0.000000 -1.000000 0.000000
    outer loop
      vertex 5.424000 66.080000 0.000000
      vertex 7.186000 66.080000 0.500000
      vertex 7.186000 66.080000 0.000000
    endloop
  endfacet
  facet normal 0.000000 1.000000 0.000000
    outer loop
      vertex 5.424000 68.480000 0.000000
      vertex 7.186000 68.480000 0.000000
      vertex 7.186000 68.480000 0.500000
    endloop
  endfacet
  facet normal 0.000000 1.000000 0.000000
    outer loop
      vertex 5.424000 68.480000 0.000000
      vertex 7.186000 68.480000 0.500000
      vertex 5.424000 68.480000 0.500000
    endloop
  endfacet
  facet normal 0.000000 0.000000 -1.000000
    outer loop
      vertex 5.424000 66.080000 0.000000
      vertex 7.186000 66.080000 0.000000
      vertex 7.186000 68.480000 0.000000
    endloop
  endfacet
  facet normal 0.000000 0.000000 -1.000000
    outer loop
      vertex 5.424000 66.080000 0.000000
      vertex 7.186000 68.480000 0.000000
      vertex 5.424000 68.480000 0.000000
    endloop
  endfacet
  facet normal 0.000000 -1.000000 0.000000
    outer loop
      vertex 5.424000 66.080000 0.500000
      vertex 5.424000 66.080000 9.000000
      vertex 7.186000 66.080000 9.000000
    endloop
  endfacet
  facet normal 0.000000 -1.000000 0.000000
    outer loop
      vertex 5.424000 66.080000 0.500000
      vertex 7.186000 66.080000 9.000000
      vertex 7.186000 66.080000 0.500000
    endloop
  endfacet
  facet normal 0.000000 1.000000 0.000000
    outer loop
      vertex 5.424000 68.480000 0.500000
      vertex 7.186000 68.480000 0.500000
      vertex 7.186000 68.480000 9.000000
    endloop
  endfacet
  facet normal 0.000000 1.000000 0.000000
    outer loop
      vertex 5.424000 68.480000 0.500000
      vertex 7.186000 68.480000 9.000000
      vertex 5.424000 68.480000 9.000000
    endloop
  endfacet
  facet normal 0.000000 -1.000000 0.000000
    outer loop
      vertex 5.424000 66.080000 9.000000
      vertex 5.424000 66.080000 10.000000
      vertex 7.186000 66.080000 10.000000
    endloop
  endfacet
  facet normal 0.000000 -1.000000 0.000000
    outer loop
      vertex 5.424000 66.080000 9.000000
      vertex 7.186000 66.080000 10.000000
      vertex 7.186000 66.080000 9.000000
    endloop
  endfacet
  facet normal 0.000000 1.000000 0.000000
    outer loop
      vertex 5.424000 68.480000 9.000000
      vertex 7.186000 68.480000 9.000000
      vertex 7.186000 68.480000 10.000000
    endloop
  endfacet
  facet normal 0.000000 1.000000 0.000000
    outer loop
      vertex 5.424000 68.480000 9.000000
      vertex 7.186000 68.480000 10.000000
      vertex 5.424000 68.480000 10.000000
    endloop
  endfacet
  facet normal 0.000000 -1.000000 0.000000
    outer loop
      vertex 5.424000 66.080000 10.000000
      vertex 5.424000 66.080000 10.200000
      vertex 7.186000 66.080000 10.200000
    endloop
  endfacet
  facet normal 0.000000 -1.000000 0.000000
    outer loop
      vertex 5.424000 66.080000 10.000000
      vertex 7.186000 66.080000 10.200000
      vertex 7.186000 66.080000 10.000000
    endloop
  endfacet
  facet normal 0.000000 1.000000 0.000000
    outer loop
      vertex 5.424000 68.480000 10.000000
      vertex 7.186000 68.480000 10.000000
      vertex 7.186000 68.480000 10.200000
    endloop
  endfacet
  facet normal 0.000000 1.000000 0.000000
    outer loop
      vertex 5.424000 68.480000 10.000000
      vertex 7.186000 68.480000 10.200000
      vertex 5.424000 68.480000 10.200000
    endloop
  endfacet
  facet normal 0.000000 -1.000000 0.000000
    outer loop
      vertex 5.424000 66.080000 10.200000
      vertex 5.424000 66.080000 25.500000
      vertex 7.186000 66.080000 25.500000
    endloop
  endfacet
  facet normal 0.000000 -1.000000 0.000000
    outer loop
      vertex 5.424000 66.080000 10.200000
      vertex 7.186000 66.080000 25.500000
      vertex 7.186000 66.080000 10.200000
    endloop
  endfacet
  facet normal 0.000000 1.000000 0.000000
    outer loop
      vertex 5.424000 68.480000 10.200000
      vertex 7.186000 68.480000 10.200000
      vertex 7.186000 68.480000 25.500000
    endloop
  endfacet
  facet normal 0.000000 1.000000 0.000000
    outer loop
      vertex 5.424000 68.480000 10.200000
      vertex 7.186000 68.480000 25.500000
      vertex 5.424000 68.480000 25.500000
    endloop
  endfacet
  facet normal 0.000000 -1.000000 0.000000
    outer loop
      vertex 5.424000 66.080000 25.500000
      vertex 5.424000 66.080000 25.600000
      vertex 7.186000 66.080000 25.600000
    endloop
  endfacet
  facet normal 0.000000 -1.000000 0.000000
    outer loop
      vertex 5.424000 66.080000 25.500000
      vertex 7.186000 66.080000 25.600000
      vertex 7.186000 66.080000 25.500000
    endloop
  endfacet
  facet normal 0.000000 1.000000 0.000000
    outer loop
      vertex 5.424000 68.480000 25.500000
      vertex 7.186000 68.480000 25.500000
      vertex 7.186000 68.480000 25.600000
    endloop
  endfacet
  facet normal 0.000000 1.000000 0.000000
    outer loop
      vertex 5.424000 68.480000 25.500000
      vertex 7.186000 68.480000 25.600000
      vertex 5.424000 68.480000 25.600000
    endloop
  endfacet
  facet normal 0.000000 1.000000 0.000000
    outer loop
      vertex 5.424000 68.480000 25.600000
      vertex 7.186000 68.480000 25.600000
      vertex 7.186000 68.480000 28.000000
    endloop
  endfacet
  facet normal 0.000000 1.000000 0.000000
    outer loop
      vertex 5.424000 68.480000 25.600000
      vertex 7.186000 68.480000 28.000000
      vertex 5.424000 68.480000 28.000000
    endloop
  endfacet
  facet normal 0.000000 0.000000 1.000000
    outer loop
      vertex 5.424000 66.080000 28.000000
      vertex 5.424000 68.480000 28.000000
      vertex 7.186000 68.480000 28.000000
    endloop
  endfacet
  facet normal 0.000000 0.000000 1.000000
    outer loop
      vertex 5.424000 66.080000 28.000000
      vertex 7.186000 68.480000 28.000000
      vertex 7.186000 66.080000 28.000000
    endloop
  endfacet
  facet normal 0.000000 -1.000000 0.000000
    outer loop
      vertex 7.186000 0.000000 0.000000
      vertex 7.186000 0.000000 0.500000
      vertex 12.321000 0.000000 0.500000
    endloop
  endfacet
  facet normal 0.000000 -1.000000 0.000000
    outer loop
      vertex 7.186000 0.000000 0.000000
      vertex 12.321000 0.000000 0.500000
      vertex 12.321000 0.000000 0.000000
    endloop
  endfacet
  facet normal 0.000000 1.000000 0.000000
    outer loop
      vertex 7.186000 2.400000 0.000000
      vertex 12.321000 2.400000 0.000000
      vertex 12.321000 2.400000 0.500000
    endloop
  endfacet
  facet normal 0.000000 1.000000 0.000000
    outer loop
      vertex 7.186000 2.400000 0.000000
      vertex 12.321000 2.400000 0.500000
      vertex 7.186000 2.400000 0.500000
    endloop
  endfacet
  facet normal 0.000000 0.000000 -1.000000
    outer loop
      vertex 7.186000 0.000000 0.000000
      vertex 12.321000 0.000000 0.000000
      vertex 12.321000 2.400000 0.000000
    endloop
  endfacet
  facet normal 0.000000 0.000000 -1.000000
    outer loop
      vertex 7.186000 0.000000 0.000000
      vertex 12.321000 2.400000 0.000000
      vertex 7.186000 2.400000 0.000000
    endloop
  endfacet
  facet normal 0.000000 -1.000000 0.000000
    outer loop
      vertex 7.186000 0.000000 0.500000
      vertex 7.186000 0.000000 9.000000
      vertex 12.321000 0.000000 9.000000
    endloop
  endfacet
  facet normal 0.000000 -1.000000 0.000000
    outer loop
      vertex 7.186000 0.000000 0.500000
      vertex 12.321000 0.000000 9.000000
      vertex 12.321000 0.000000 0.500000
    endloop
  endfacet
  facet normal 0.000000 1.000000 0.000000
    outer loop
      vertex 7.186000 2.400000 0.500000
      vertex 12.321000 2.400000 0.500000
      vertex 12.321000 2.400000 9.000000
    endloop
  endfacet
  facet normal 0.000000 1.000000 0.000000
    outer loop
      vertex 7.186000 2.400000 0.500000
      vertex 12.321000 2.400000 9.000000
      vertex 7.186000 2.400000 9.000000
    endloop
  endfacet
  facet normal 0.000000 -1.000000 0.000000
    outer loop
      vertex 7.186000 0.000000 9.000000
      vertex 7.186000 0.000000 10.000000
      vertex 12.321000 0.000000 10.000000
    endloop
  endfacet
  facet normal 0.000000 -1.000000 0.000000
    outer loop
      vertex 7.186000 0.000000 9.000000
      vertex 12.321000 0.000000 10.000000
      vertex 12.321000 0.000000 9.000000
    endloop
  endfacet
  facet normal 0.000000 1.000000 0.000000
    outer loop
      vertex 7.186000 2.400000 9.000000
      vertex 12.321000 2.400000 9.000000
      vertex 12.321000 2.400000 10.000000
    endloop
  endfacet
  facet normal 0.000000 1.000000 0.000000
    outer loop
      vertex 7.186000 2.400000 9.000000
      vertex 12.321000 2.400000 10.000000
      vertex 7.186000 2.400000 10.000000
    endloop
  endfacet
  facet normal 0.000000 -1.000000 0.000000
    outer loop
      vertex 7.186000 0.000000 10.000000
      vertex 7.186000 0.000000 10.200000
      vertex 12.321000 0.000000 10.200000
    endloop
  endfacet
  facet normal 0.000000 -1.000000 0.000000
    outer loop
      vertex 7.186000 0.000000 10.000000
      vertex 12.321000 0.000000 10.200000
      vertex 12.321000 0.000000 10.000000
    endloop
  endfacet
  facet normal 0.000000 1.000000 0.000000
    outer loop
      vertex 7.186000 2.400000 10.000000
      vertex 12.321000 2.400000 10.000000
      vertex 12.321000 2.400000 10.200000
    endloop
  endfacet
  facet normal 0.000000 1.000000 0.000000
    outer loop
      vertex 7.186000 2.400000 10.000000
      vertex 12.321000 2.400000 10.200000
      vertex 7.186000 2.400000 10.200000
    endloop
  endfacet
  facet normal 0.000000 -1.000000 0.000000
    outer loop
      vertex 7.186000 0.000000 10.200000
      vertex 7.186000 0.000000 25.500000
      vertex 12.321000 0.000000 25.500000
    endloop
  endfacet
  facet normal 0.000000 -1.000000 0.000000
    outer loop
      vertex 7.186000 0.000000 10.200000
      vertex 12.321000 0.000000 25.500000
      vertex 12.321000 0.000000 10.200000
    endloop
  endfacet
  facet normal 0.000000 1.000000 0.000000
    outer loop
      vertex 7.186000 2.400000 10.200000
      vertex 12.321000 2.400000 10.200000
      vertex 12.321000 2.400000 25.500000
    endloop
  endfacet
  facet normal 0.000000 1.000000 0.000000
    outer loop
      vertex 7.186000 2.400000 10.200000
      vertex 12.321000 2.400000 25.500000
      vertex 7.186000 2.400000 25.500000
    endloop
  endfacet
  facet normal 0.000000 -1.000000 0.000000
    outer loop
      vertex 7.186000 0.000000 25.500000
      vertex 7.186000 0.000000 25.600000
      vertex 12.321000 0.000000 25.600000
    endloop
  endfacet
  facet normal 0.000000 -1.000000 0.000000
    outer loop
      vertex 7.186000 0.000000 25.500000
      vertex 12.321000 0.000000 25.600000
      vertex 12.321000 0.000000 25.500000
    endloop
  endfacet
  facet normal 0.000000 1.000000 0.000000
    outer loop
      vertex 7.186000 2.400000 25.500000
      vertex 12.321000 2.400000 25.500000
      vertex 12.321000 2.400000 25.600000
    endloop
  endfacet
  facet normal 0.000000 1.000000 0.000000
    outer loop
      vertex 7.186000 2.400000 25.500000
      vertex 12.321000 2.400000 25.600000
      vertex 7.186000 2.400000 25.600000
    endloop
  endfacet
  facet normal 0.000000 -1.000000 0.000000
    outer loop
      vertex 7.186000 0.000000 25.600000
      vertex 7.186000 0.000000 28.000000
      vertex 12.321000 0.000000 28.000000
    endloop
  endfacet
  facet normal 0.000000 -1.000000 0.000000
    outer loop
      vertex 7.186000 0.000000 25.600000
      vertex 12.321000 0.000000 28.000000
      vertex 12.321000 0.000000 25.600000
    endloop
  endfacet
  facet normal 0.000000 0.000000 1.000000
    outer loop
      vertex 7.186000 0.000000 28.000000
      vertex 7.186000 2.400000 28.000000
      vertex 12.321000 2.400000 28.000000
    endloop
  endfacet
  facet normal 0.000000 0.000000 1.000000
    outer loop
      vertex 7.186000 0.000000 28.000000
      vertex 12.321000 2.400000 28.000000
      vertex 12.321000 0.000000 28.000000
    endloop
  endfacet
  facet normal 0.000000 0.000000 -1.000000
    outer loop
      vertex 7.186000 2.400000 25.600000
      vertex 12.321000 2.400000 25.600000
      vertex 12.321000 4.000000 25.600000
    endloop
  endfacet
  facet normal 0.000000 0.000000 -1.000000
    outer loop
      vertex 7.186000 2.400000 25.600000
      vertex 12.321000 4.000000 25.600000
      vertex 7.186000 4.000000 25.600000
    endloop
  endfacet
  facet normal 0.000000 0.000000 1.000000
    outer loop
      vertex 7.186000 2.400000 28.000000
      vertex 7.186000 4.000000 28.000000
      vertex 12.321000 4.000000 28.000000
    endloop
  endfacet
  facet normal 0.000000 0.000000 1.000000
    outer loop
      vertex 7.186000 2.400000 28.000000
      vertex 12.321000 4.000000 28.000000
      vertex 12.321000 2.400000 28.000000
    endloop
  endfacet
  facet normal 0.000000 1.000000 0.000000
    outer loop
      vertex 7.186000 13.282000 25.600000
      vertex 12.321000 13.282000 25.600000
      vertex 12.321000 13.282000 28.000000
    endloop
  endfacet
  facet normal 0.000000 1.000000 0.000000
    outer loop
      vertex 7.186000 13.282000 25.600000
      vertex 12.321000 13.282000 28.000000
      vertex 7.186000 13.282000 28.000000
    endloop
  endfacet
  facet normal 0.000000 0.000000 -1.000000
    outer loop
      vertex 7.186000 4.000000 25.600000
      vertex 12.321000 4.000000 25.600000
      vertex 12.321000 13.282000 25.600000
    endloop
  endfacet
  facet normal 0.000000 0.000000 -1.000000
    outer loop
      vertex 7.186000 4.000000 25.600000
      vertex 12.321000 13.282000 25.600000
      vertex 7.186000 13.282000 25.600000
    endloop
  endfacet
  facet normal 0.000000 0.000000 1.000000
    outer loop
      vertex 7.186000 4.000000 28.000000
      vertex 7.186000 13.282000 28.000000
      vertex 12.321000 13.282000 28.000000
    endloop
  endfacet
  facet normal 0.000000 0.000000 1.000000
    outer loop
      vertex 7.186000 4.000000 28.000000
      vertex 12.321000 13.282000 28.000000
      vertex 12.321000 4.000000 28.000000
    endloop
  endfacet
  facet normal 0.000000 -1.000000 0.000000
    outer loop
      vertex 7.186000 22.889000 25.600000
      vertex 7.186000 22.889000 28.000000
      vertex 12.321000 22.889000 28.000000
    endloop
  endfacet
  facet normal 0.000000 -1.000000 0.000000
    outer loop
      vertex 7.186000 22.889000 25.600000
      vertex 12.321000 22.889000 28.000000
      vertex 12.321000 22.889000 25.600000
    endloop
  endfacet
  facet normal 0.000000 0.000000 -1.000000
    outer loop
      vertex 7.186000 22.889000 25.600000
      vertex 12.321000 22.889000 25.600000
      vertex 12.321000 24.125000 25.600000
    endloop
  endfacet
  facet normal 0.000000 0.000000 -1.000000
    outer loop
      vertex 7.186000 22.889000 25.600000
      vertex 12.321000 24.125000 25.600000
      vertex 7.186000 24.125000 25.600000
    endloop
  endfacet
  facet normal 0.000000 0.000000 1.000000
    outer loop
      vertex 7.186000 22.889000 28.000000
      vertex 7.186000 24.125000 28.000000
      vertex 12.321000 24.125000 28.000000
    endloop
  endfacet
  facet normal 0.000000 0.000000 1.000000
    outer loop
      vertex 7.186000 22.889000 28.000000
      vertex 12.321000 24.125000 28.000000
      vertex 12.321000 22.889000 28.000000
    endloop
  endfacet
  facet normal 0.000000 0.000000 -1.000000
    outer loop
      vertex 7.186000 24.125000 25.600000
      vertex 12.321000 24.125000 25.600000
      vertex 12.321000 33.833000 25.600000
    endloop
  endfacet
  facet normal 0.000000 0.000000 -1.000000
    outer loop
      vertex 7.186000 24.125000 25.600000
      vertex 12.321000 33.833000 25.600000
      vertex 7.186000 33.833000 25.600000
    endloop
  endfacet
  facet normal 0.000000 0.000000 1.000000
    outer loop
      vertex 7.186000 24.125000 28.000000
      vertex 7.186000 33.833000 28.000000
      vertex 12.321000 33.833000 28.000000
    endloop
  endfacet
  facet normal 0.000000 0.000000 1.000000
    outer loop
      vertex 7.186000 24.125000 28.000000
      vertex 12.321000 33.833000 28.000000
      vertex 12.321000 24.125000 28.000000
    endloop
  endfacet
  facet normal 0.000000 1.000000 0.000000
    outer loop
      vertex 7.186000 33.923000 25.600000
      vertex 12.321000 33.923000 25.600000
      vertex 12.321000 33.923000 28.000000
    endloop
  endfacet
  facet normal 0.000000 1.000000 0.000000
    outer loop
      vertex 7.186000 33.923000 25.600000
      vertex 12.321000 33.923000 28.000000
      vertex 7.186000 33.923000 28.000000
    endloop
  endfacet
  facet normal 0.000000 0.000000 -1.000000
    outer loop
      vertex 7.186000 33.833000 25.600000
      vertex 12.321000 33.833000 25.600000
      vertex 12.321000 33.923000 25.600000
    endloop
  endfacet
  facet normal 0.000000 0.000000 -1.000000
    outer loop
      vertex 7.186000 33.833000 25.600000
      vertex 12.321000 33.923000 25.600000
      vertex 7.186000 33.923000 25.600000
    endloop
  endfacet
  facet normal 0.000000 0.000000 1.000000
    outer loop
      vertex 7.186000 33.833000 28.000000
      vertex 7.186000 33.923000 28.000000
      vertex 12.321000 33.923000 28.000000
    endloop
  endfacet
  facet normal 0.000000 0.000000 1.000000
    outer loop
      vertex 7.186000 33.833000 28.000000
      vertex 12.321000 33.923000 28.000000
      vertex 12.321000 33.833000 28.000000
    endloop
  endfacet
  facet normal 0.000000 -1.000000 0.000000
    outer loop
      vertex 7.186000 43.244000 25.600000
      vertex 7.186000 43.244000 28.000000
      vertex 12.321000 43.244000 28.000000
    endloop
  endfacet
  facet normal 0.000000 -1.000000 0.000000
    outer loop
      vertex 7.186000 43.244000 25.600000
      vertex 12.321000 43.244000 28.000000
      vertex 12.321000 43.244000 25.600000
    endloop
  endfacet
  facet normal 0.000000 0.000000 -1.000000
    outer loop
      vertex 7.186000 43.244000 25.600000
      vertex 12.321000 43.244000 25.600000
      vertex 12.321000 54.437000 25.600000
    endloop
  endfacet
  facet normal 0.000000 0.000000 -1.000000
    outer loop
      vertex 7.186000 43.244000 25.600000
      vertex 12.321000 54.437000 25.600000
      vertex 7.186000 54.437000 25.600000
    endloop
  endfacet
  facet normal 0.000000 0.000000 1.000000
    outer loop
      vertex 7.186000 43.244000 28.000000
      vertex 7.186000 54.437000 28.000000
      vertex 12.321000 54.437000 28.000000
    endloop
  endfacet
  facet normal 0.000000 0.000000 1.000000
    outer loop
      vertex 7.186000 43.244000 28.000000
      vertex 12.321000 54.437000 28.000000
      vertex 12.321000 43.244000 28.000000
    endloop
  endfacet
  facet normal 0.000000 0.000000 -1.000000
    outer loop
      vertex 7.186000 54.437000 25.600000
      vertex 12.321000 54.437000 25.600000
      vertex 12.321000 61.935000 25.600000
    endloop
  endfacet
  facet normal 0.000000 0.000000 -1.000000
    outer loop
      vertex 7.186000 54.437000 25.600000
      vertex 12.321000 61.935000 25.600000
      vertex 7.186000 61.935000 25.600000
    endloop
  endfacet
  facet normal 0.000000 0.000000 1.000000
    outer loop
      vertex 7.186000 54.437000 28.000000
      vertex 7.186000 61.935000 28.000000
      vertex 12.321000 61.935000 28.000000
    endloop
  endfacet
  facet normal 0.000000 0.000000 1.000000
    outer loop
      vertex 7.186000 54.437000 28.000000
      vertex 12.321000 61.935000 28.000000
      vertex 12.321000 54.437000 28.000000
    endloop
  endfacet
  facet normal 0.000000 0.000000 -1.000000
    outer loop
      vertex 7.186000 61.935000 25.600000
      vertex 12.321000 61.935000 25.600000
      vertex 12.321000 64.480000 25.600000
    endloop
  endfacet
  facet normal 0.000000 0.000000 -1.000000
    outer loop
      vertex 7.186000 61.935000 25.600000
      vertex 12.321000 64.480000 25.600000
      vertex 7.186000 64.480000 25.600000
    endloop
  endfacet
  facet normal 0.000000 0.000000 1.000000
    outer loop
      vertex 7.186000 61.935000 28.000000
      vertex 7.186000 64.480000 28.000000
      vertex 12.321000 64.480000 28.000000
    endloop
  endfacet
  facet normal 0.000000 0.000000 1.000000
    outer loop
      vertex 7.186000 61.935000 28.000000
      vertex 12.321000 64.480000 28.000000
      vertex 12.321000 61.935000 28.000000
    endloop
  endfacet
  facet normal 0.000000 0.000000 -1.000000
    outer loop
      vertex 7.186000 64.480000 25.600000
      vertex 12.321000 64.480000 25.600000
      vertex 12.321000 66.080000 25.600000
    endloop
  endfacet
  facet normal 0.000000 0.000000 -1.000000
    outer loop
      vertex 7.186000 64.480000 25.600000
      vertex 12.321000 66.080000 25.600000
      vertex 7.186000 66.080000 25.600000
    endloop
  endfacet
  facet normal 0.000000 0.000000 1.000000
    outer loop
      vertex 7.186000 64.480000 28.000000
      vertex 7.186000 66.080000 28.000000
      vertex 12.321000 66.080000 28.000000
    endloop
  endfacet
  facet normal 0.000000 0.000000 1.000000
    outer loop
      vertex 7.186000 64.480000 28.000000
      vertex 12.321000 66.080000 28.000000
      vertex 12.321000 64.480000 28.000000
    endloop
  endfacet
  facet normal 0.000000 -1.000000 0.000000
    outer loop
      vertex 7.186000 66.080000 0.000000
      vertex 7.186000 66.080000 0.500000
      vertex 12.321000 66.080000 0.500000
    endloop
  endfacet
  facet normal 0.000000 -1.000000 0.000000
    outer loop
      vertex 7.186000 66.080000 0.000000
      vertex 12.321000 66.080000 0.500000
      vertex 12.321000 66.080000 0.000000
    endloop
  endfacet
  facet normal 0.000000 1.000000 0.000000
    outer loop
      vertex 7.186000 68.480000 0.000000
      vertex 12.321000 68.480000 0.000000
      vertex 12.321000 68.480000 0.500000
    endloop
  endfacet
  facet normal 0.000000 1.000000 0.000000
    outer loop
      vertex 7.186000 68.480000 0.000000
      vertex 12.321000 68.480000 0.500000
      vertex 7.186000 68.480000 0.500000
    endloop
  endfacet
  facet normal 0.000000 0.000000 -1.000000
    outer loop
      vertex 7.186000 66.080000 0.000000
      vertex 12.321000 66.080000 0.000000
      vertex 12.321000 68.480000 0.000000
    endloop
  endfacet
  facet normal 0.000000 0.000000 -1.000000
    outer loop
      vertex 7.186000 66.080000 0.000000
      vertex 12.321000 68.480000 0.000000
      vertex 7.186000 68.480000 0.000000
    endloop
  endfacet
  facet normal 0.000000 -1.000000 0.000000
    outer loop
      vertex 7.186000 66.080000 0.500000
      vertex 7.186000 66.080000 9.000000
      vertex 12.321000 66.080000 9.000000
    endloop
  endfacet
  facet normal 0.000000 -1.000000 0.000000
    outer loop
      vertex 7.186000 66.080000 0.500000
      vertex 12.321000 66.080000 9.000000
      vertex 12.321000 66.080000 0.500000
    endloop
  endfacet
  facet normal 0.000000 1.000000 0.000000
    outer loop
      vertex 7.186000 68.480000 0.500000
      vertex 12.321000 68.480000 0.500000
      vertex 12.321000 68.480000 9.000000
    endloop
  endfacet
  facet normal 0.000000 1.000000 0.000000
    outer loop
      vertex 7.186000 68.480000 0.500000
      vertex 12.321000 68.480000 9.000000
      vertex 7.186000 68.480000 9.000000
    endloop
  endfacet
  facet normal 0.000000 -1.000000 0.000000
    outer loop
      vertex 7.186000 66.080000 9.000000
      vertex 7.186000 66.080000 10.000000
      vertex 12.321000 66.080000 10.000000
    endloop
  endfacet
  facet normal 0.000000 -1.000000 0.000000
    outer loop
      vertex 7.186000 66.080000 9.000000
      vertex 12.321000 66.080000 10.000000
      vertex 12.321000 66.080000 9.000000
    endloop
  endfacet
  facet normal 0.000000 1.000000 0.000000
    outer loop
      vertex 7.186000 68.480000 9.000000
      vertex 12.321000 68.480000 9.000000
      vertex 12.321000 68.480000 10.000000
    endloop
  endfacet
  facet normal 0.000000 1.000000 0.000000
    outer loop
      vertex 7.186000 68.480000 9.000000
      vertex 12.321000 68.480000 10.000000
      vertex 7.186000 68.480000 10.000000
    endloop
  endfacet
  facet normal 0.000000 -1.000000 0.000000
    outer loop
      vertex 7.186000 66.080000 10.000000
      vertex 7.186000 66.080000 10.200000
      vertex 12.321000 66.080000 10.200000
    endloop
  endfacet
  facet normal 0.000000 -1.000000 0.000000
    outer loop
      vertex 7.186000 66.080000 10.000000
      vertex 12.321000 66.080000 10.200000
      vertex 12.321000 66.080000 10.000000
    endloop
  endfacet
  facet normal 0.000000 1.000000 0.000000
    outer loop
      vertex 7.186000 68.480000 10.000000
      vertex 12.321000 68.480000 10.000000
      vertex 12.321000 68.480000 10.200000
    endloop
  endfacet
  facet normal 0.000000 1.000000 0.000000
    outer loop
      vertex 7.186000 68.480000 10.000000
      vertex 12.321000 68.480000 10.200000
      vertex 7.186000 68.480000 10.200000
    endloop
  endfacet
  facet normal 0.000000 -1.000000 0.000000
    outer loop
      vertex 7.186000 66.080000 10.200000
      vertex 7.186000 66.080000 25.500000
      vertex 12.321000 66.080000 25.500000
    endloop
  endfacet
  facet normal 0.000000 -1.000000 0.000000
    outer loop
      vertex 7.186000 66.080000 10.200000
      vertex 12.321000 66.080000 25.500000
      vertex 12.321000 66.080000 10.200000
    endloop
  endfacet
  facet normal 0.000000 1.000000 0.000000
    outer loop
      vertex 7.186000 68.480000 10.200000
      vertex 12.321000 68.480000 10.200000
      vertex 12.321000 68.480000 25.500000
    endloop
  endfacet
  facet normal 0.000000 1.000000 0.000000
    outer loop
      vertex 7.186000 68.480000 10.200000
      vertex 12.321000 68.480000 25.500000
      vertex 7.186000 68.480000 25.500000
    endloop
  endfacet
  facet normal 0.000000 -1.000000 0.000000
    outer loop
      vertex 7.186000 66.080000 25.500000
      vertex 7.186000 66.080000 25.600000
      vertex 12.321000 66.080000 25.600000
    endloop
  endfacet
  facet normal 0.000000 -1.000000 0.000000
    outer loop
      vertex 7.186000 66.080000 25.500000
      vertex 12.321000 66.080000 25.600000
      vertex 12.321000 66.080000 25.500000
    endloop
  endfacet
  facet normal 0.000000 1.000000 0.000000
    outer loop
      vertex 7.186000 68.480000 25.500000
      vertex 12.321000 68.480000 25.500000
      vertex 12.321000 68.480000 25.600000
    endloop
  endfacet
  facet normal 0.000000 1.000000 0.000000
    outer loop
      vertex 7.186000 68.480000 25.500000
      vertex 12.321000 68.480000 25.600000
      vertex 7.186000 68.480000 25.600000
    endloop
  endfacet
  facet normal 0.000000 1.000000 0.000000
    outer loop
      vertex 7.186000 68.480000 25.600000
      vertex 12.321000 68.480000 25.600000
      vertex 12.321000 68.480000 28.000000
    endloop
  endfacet
  facet normal 0.000000 1.000000 0.000000
    outer loop
      vertex 7.186000 68.480000 25.600000
      vertex 12.321000 68.480000 28.000000
      vertex 7.186000 68.480000 28.000000
    endloop
  endfacet
  facet normal 0.000000 0.000000 1.000000
    outer loop
      vertex 7.186000 66.080000 28.000000
      vertex 7.186000 68.480000 28.000000
      vertex 12.321000 68.480000 28.000000
    endloop
  endfacet
  facet normal 0.000000 0.000000 1.000000
    outer loop
      vertex 7.186000 66.080000 28.000000
      vertex 12.321000 68.480000 28.000000
      vertex 12.321000 66.080000 28.000000
    endloop
  endfacet
  facet normal 0.000000 -1.000000 0.000000
    outer loop
      vertex 12.321000 0.000000 0.000000
      vertex 12.321000 0.000000 0.500000
      vertex 13.933000 0.000000 0.500000
    endloop
  endfacet
  facet normal 0.000000 -1.000000 0.000000
    outer loop
      vertex 12.321000 0.000000 0.000000
      vertex 13.933000 0.000000 0.500000
      vertex 13.933000 0.000000 0.000000
    endloop
  endfacet
  facet normal 0.000000 1.000000 0.000000
    outer loop
      vertex 12.321000 2.400000 0.000000
      vertex 13.933000 2.400000 0.000000
      vertex 13.933000 2.400000 0.500000
    endloop
  endfacet
  facet normal 0.000000 1.000000 0.000000
    outer loop
      vertex 12.321000 2.400000 0.000000
      vertex 13.933000 2.400000 0.500000
      vertex 12.321000 2.400000 0.500000
    endloop
  endfacet
  facet normal 0.000000 0.000000 -1.000000
    outer loop
      vertex 12.321000 0.000000 0.000000
      vertex 13.933000 0.000000 0.000000
      vertex 13.933000 2.400000 0.000000
    endloop
  endfacet
  facet normal 0.000000 0.000000 -1.000000
    outer loop
      vertex 12.321000 0.000000 0.000000
      vertex 13.933000 2.400000 0.000000
      vertex 12.321000 2.400000 0.000000
    endloop
  endfacet
  facet normal 0.000000 -1.000000 0.000000
    outer loop
      vertex 12.321000 0.000000 0.500000
      vertex 12.321000 0.000000 9.000000
      vertex 13.933000 0.000000 9.000000
    endloop
  endfacet
  facet normal 0.000000 -1.000000 0.000000
    outer loop
      vertex 12.321000 0.000000 0.500000
      vertex 13.933000 0.000000 9.000000
      vertex 13.933000 0.000000 0.500000
    endloop
  endfacet
  facet normal 0.000000 1.000000 0.000000
    outer loop
      vertex 12.321000 2.400000 0.500000
      vertex 13.933000 2.400000 0.500000
      vertex 13.933000 2.400000 9.000000
    endloop
  endfacet
  facet normal 0.000000 1.000000 0.000000
    outer loop
      vertex 12.321000 2.400000 0.500000
      vertex 13.933000 2.400000 9.000000
      vertex 12.321000 2.400000 9.000000
    endloop
  endfacet
  facet normal 0.000000 -1.000000 0.000000
    outer loop
      vertex 12.321000 0.000000 9.000000
      vertex 12.321000 0.000000 10.000000
      vertex 13.933000 0.000000 10.000000
    endloop
  endfacet
  facet normal 0.000000 -1.000000 0.000000
    outer loop
      vertex 12.321000 0.000000 9.000000
      vertex 13.933000 0.000000 10.000000
      vertex 13.933000 0.000000 9.000000
    endloop
  endfacet
  facet normal 0.000000 1.000000 0.000000
    outer loop
      vertex 12.321000 2.400000 9.000000
      vertex 13.933000 2.400000 9.000000
      vertex 13.933000 2.400000 10.000000
    endloop
  endfacet
  facet normal 0.000000 1.000000 0.000000
    outer loop
      vertex 12.321000 2.400000 9.000000
      vertex 13.933000 2.400000 10.000000
      vertex 12.321000 2.400000 10.000000
    endloop
  endfacet
  facet normal 0.000000 -1.000000 0.000000
    outer loop
      vertex 12.321000 0.000000 10.000000
      vertex 12.321000 0.000000 10.200000
      vertex 13.933000 0.000000 10.200000
    endloop
  endfacet
  facet normal 0.000000 -1.000000 0.000000
    outer loop
      vertex 12.321000 0.000000 10.000000
      vertex 13.933000 0.000000 10.200000
      vertex 13.933000 0.000000 10.000000
    endloop
  endfacet
  facet normal 0.000000 1.000000 0.000000
    outer loop
      vertex 12.321000 2.400000 10.000000
      vertex 13.933000 2.400000 10.000000
      vertex 13.933000 2.400000 10.200000
    endloop
  endfacet
  facet normal 0.000000 1.000000 0.000000
    outer loop
      vertex 12.321000 2.400000 10.000000
      vertex 13.933000 2.400000 10.200000
      vertex 12.321000 2.400000 10.200000
    endloop
  endfacet
  facet normal 0.000000 -1.000000 0.000000
    outer loop
      vertex 12.321000 0.000000 10.200000
      vertex 12.321000 0.000000 25.500000
      vertex 13.933000 0.000000 25.500000
    endloop
  endfacet
  facet normal 0.000000 -1.000000 0.000000
    outer loop
      vertex 12.321000 0.000000 10.200000
      vertex 13.933000 0.000000 25.500000
      vertex 13.933000 0.000000 10.200000
    endloop
  endfacet
  facet normal 0.000000 1.000000 0.000000
    outer loop
      vertex 12.321000 2.400000 10.200000
      vertex 13.933000 2.400000 10.200000
      vertex 13.933000 2.400000 25.500000
    endloop
  endfacet
  facet normal 0.000000 1.000000 0.000000
    outer loop
      vertex 12.321000 2.400000 10.200000
      vertex 13.933000 2.400000 25.500000
      vertex 12.321000 2.400000 25.500000
    endloop
  endfacet
  facet normal 0.000000 -1.000000 0.000000
    outer loop
      vertex 12.321000 0.000000 25.500000
      vertex 12.321000 0.000000 25.600000
      vertex 13.933000 0.000000 25.600000
    endloop
  endfacet
  facet normal 0.000000 -1.000000 0.000000
    outer loop
      vertex 12.321000 0.000000 25.500000
      vertex 13.933000 0.000000 25.600000
      vertex 13.933000 0.000000 25.500000
    endloop
  endfacet
  facet normal 0.000000 1.000000 0.000000
    outer loop
      vertex 12.321000 2.400000 25.500000
      vertex 13.933000 2.400000 25.500000
      vertex 13.933000 2.400000 25.600000
    endloop
  endfacet
  facet normal 0.000000 1.000000 0.000000
    outer loop
      vertex 12.321000 2.400000 25.500000
      vertex 13.933000 2.400000 25.600000
      vertex 12.321000 2.400000 25.600000
    endloop
  endfacet
  facet normal 0.000000 -1.000000 0.000000
    outer loop
      vertex 12.321000 0.000000 25.600000
      vertex 12.321000 0.000000 28.000000
      vertex 13.933000 0.000000 28.000000
    endloop
  endfacet
  facet normal 0.000000 -1.000000 0.000000
    outer loop
      vertex 12.321000 0.000000 25.600000
      vertex 13.933000 0.000000 28.000000
      vertex 13.933000 0.000000 25.600000
    endloop
  endfacet
  facet normal 0.000000 0.000000 1.000000
    outer loop
      vertex 12.321000 0.000000 28.000000
      vertex 12.321000 2.400000 28.000000
      vertex 13.933000 2.400000 28.000000
    endloop
  endfacet
  facet normal 0.000000 0.000000 1.000000
    outer loop
      vertex 12.321000 0.000000 28.000000
      vertex 13.933000 2.400000 28.000000
      vertex 13.933000 0.000000 28.000000
    endloop
  endfacet
  facet normal 0.000000 0.000000 -1.000000
    outer loop
      vertex 12.321000 2.400000 25.600000
      vertex 13.933000 2.400000 25.600000
      vertex 13.933000 4.000000 25.600000
    endloop
  endfacet
  facet normal 0.000000 0.000000 -1.000000
    outer loop
      vertex 12.321000 2.400000 25.600000
      vertex 13.933000 4.000000 25.600000
      vertex 12.321000 4.000000 25.600000
    endloop
  endfacet
  facet normal 0.000000 0.000000 1.000000
    outer loop
      vertex 12.321000 2.400000 28.000000
      vertex 12.321000 4.000000 28.000000
      vertex 13.933000 4.000000 28.000000
    endloop
  endfacet
  facet normal 0.000000 0.000000 1.000000
    outer loop
      vertex 12.321000 2.400000 28.000000
      vertex 13.933000 4.000000 28.000000
      vertex 13.933000 2.400000 28.000000
    endloop
  endfacet
  facet normal 0.000000 1.000000 0.000000
    outer loop
      vertex 12.321000 13.282000 25.600000
      vertex 13.933000 13.282000 25.600000
      vertex 13.933000 13.282000 28.000000
    endloop
  endfacet
  facet normal 0.000000 1.000000 0.000000
    outer loop
      vertex 12.321000 13.282000 25.600000
      vertex 13.933000 13.282000 28.000000
      vertex 12.321000 13.282000 28.000000
    endloop
  endfacet
  facet normal 0.000000 0.000000 -1.000000
    outer loop
      vertex 12.321000 4.000000 25.600000
      vertex 13.933000 4.000000 25.600000
      vertex 13.933000 13.282000 25.600000
    endloop
  endfacet
  facet normal 0.000000 0.000000 -1.000000
    outer loop
      vertex 12.321000 4.000000 25.600000
      vertex 13.933000 13.282000 25.600000
      vertex 12.321000 13.282000 25.600000
    endloop
  endfacet
  facet normal 0.000000 0.000000 1.000000
    outer loop
      vertex 12.321000 4.000000 28.000000
      vertex 12.321000 13.282000 28.000000
      vertex 13.933000 13.282000 28.000000
    endloop
  endfacet
  facet normal 0.000000 0.000000 1.000000
    outer loop
      vertex 12.321000 4.000000 28.000000
      vertex 13.933000 13.282000 28.000000
      vertex 13.933000 4.000000 28.000000
    endloop
  endfacet
  facet normal 0.000000 -1.000000 0.000000
    outer loop
      vertex 12.321000 22.889000 25.600000
      vertex 12.321000 22.889000 28.000000
      vertex 13.933000 22.889000 28.000000
    endloop
  endfacet
  facet normal 0.000000 -1.000000 0.000000
    outer loop
      vertex 12.321000 22.889000 25.600000
      vertex 13.933000 22.889000 28.000000
      vertex 13.933000 22.889000 25.600000
    endloop
  endfacet
  facet normal 0.000000 0.000000 -1.000000
    outer loop
      vertex 12.321000 22.889000 25.600000
      vertex 13.933000 22.889000 25.600000
      vertex 13.933000 24.125000 25.600000
    endloop
  endfacet
  facet normal 0.000000 0.000000 -1.000000
    outer loop
      vertex 12.321000 22.889000 25.600000
      vertex 13.933000 24.125000 25.600000
      vertex 12.321000 24.125000 25.600000
    endloop
  endfacet
  facet normal 0.000000 0.000000 1.000000
    outer loop
      vertex 12.321000 22.889000 28.000000
      vertex 12.321000 24.125000 28.000000
      vertex 13.933000 24.125000 28.000000
    endloop
  endfacet
  facet normal 0.000000 0.000000 1.000000
    outer loop
      vertex 12.321000 22.889000 28.000000
      vertex 13.933000 24.125000 28.000000
      vertex 13.933000 22.889000 28.000000
    endloop
  endfacet
  facet normal 0.000000 0.000000 -1.000000
    outer loop
      vertex 12.321000 24.125000 25.600000
      vertex 13.933000 24.125000 25.600000
      vertex 13.933000 33.833000 25.600000
    endloop
  endfacet
  facet normal 0.000000 0.000000 -1.000000
    outer loop
      vertex 12.321000 24.125000 25.600000
      vertex 13.933000 33.833000 25.600000
      vertex 12.321000 33.833000 25.600000
    endloop
  endfacet
  facet normal 0.000000 0.000000 1.000000
    outer loop
      vertex 12.321000 24.125000 28.000000
      vertex 12.321000 33.833000 28.000000
      vertex 13.933000 33.833000 28.000000
    endloop
  endfacet
  facet normal 0.000000 0.000000 1.000000
    outer loop
      vertex 12.321000 24.125000 28.000000
      vertex 13.933000 33.833000 28.000000
      vertex 13.933000 24.125000 28.000000
    endloop
  endfacet
  facet normal 0.000000 1.000000 0.000000
    outer loop
      vertex 12.321000 33.923000 25.600000
      vertex 13.933000 33.923000 25.600000
      vertex 13.933000 33.923000 28.000000
    endloop
  endfacet
  facet normal 0.000000 1.000000 0.000000
    outer loop
      vertex 12.321000 33.923000 25.600000
      vertex 13.933000 33.923000 28.000000
      vertex 12.321000 33.923000 28.000000
    endloop
  endfacet
  facet normal 0.000000 0.000000 -1.000000
    outer loop
      vertex 12.321000 33.833000 25.600000
      vertex 13.933000 33.833000 25.600000
      vertex 13.933000 33.923000 25.600000
    endloop
  endfacet
  facet normal 0.000000 0.000000 -1.000000
    outer loop
      vertex 12.321000 33.833000 25.600000
      vertex 13.933000 33.923000 25.600000
      vertex 12.321000 33.923000 25.600000
    endloop
  endfacet
  facet normal 0.000000 0.000000 1.000000
    outer loop
      vertex 12.321000 33.833000 28.000000
      vertex 12.321000 33.923000 28.000000
      vertex 13.933000 33.923000 28.000000
    endloop
  endfacet
  facet normal 0.000000 0.000000 1.000000
    outer loop
      vertex 12.321000 33.833000 28.000000
      vertex 13.933000 33.923000 28.000000
      vertex 13.933000 33.833000 28.000000
    endloop
  endfacet
  facet normal 0.000000 -1.000000 0.000000
    outer loop
      vertex 12.321000 43.244000 25.600000
      vertex 12.321000 43.244000 28.000000
      vertex 13.933000 43.244000 28.000000
    endloop
  endfacet
  facet normal 0.000000 -1.000000 0.000000
    outer loop
      vertex 12.321000 43.244000 25.600000
      vertex 13.933000 43.244000 28.000000
      vertex 13.933000 43.244000 25.600000
    endloop
  endfacet
  facet normal 0.000000 0.000000 -1.000000
    outer loop
      vertex 12.321000 43.244000 25.600000
      vertex 13.933000 43.244000 25.600000
      vertex 13.933000 54.437000 25.600000
    endloop
  endfacet
  facet normal 0.000000 0.000000 -1.000000
    outer loop
      vertex 12.321000 43.244000 25.600000
      vertex 13.933000 54.437000 25.600000
      vertex 12.321000 54.437000 25.600000
    endloop
  endfacet
  facet normal 0.000000 0.000000 1.000000
    outer loop
      vertex 12.321000 43.244000 28.000000
      vertex 12.321000 54.437000 28.000000
      vertex 13.933000 54.437000 28.000000
    endloop
  endfacet
  facet normal 0.000000 0.000000 1.000000
    outer loop
      vertex 12.321000 43.244000 28.000000
      vertex 13.933000 54.437000 28.000000
      vertex 13.933000 43.244000 28.000000
    endloop
  endfacet
  facet normal 0.000000 0.000000 -1.000000
    outer loop
      vertex 12.321000 54.437000 25.600000
      vertex 13.933000 54.437000 25.600000
      vertex 13.933000 61.935000 25.600000
    endloop
  endfacet
  facet normal 0.000000 0.000000 -1.000000
    outer loop
      vertex 12.321000 54.437000 25.600000
      vertex 13.933000 61.935000 25.600000
      vertex 12.321000 61.935000 25.600000
    endloop
  endfacet
  facet normal 0.000000 0.000000 1.000000
    outer loop
      vertex 12.321000 54.437000 28.000000
      vertex 12.321000 61.935000 28.000000
      vertex 13.933000 61.935000 28.000000
    endloop
  endfacet
  facet normal 0.000000 0.000000 1.000000
    outer loop
      vertex 12.321000 54.437000 28.000000
      vertex 13.933000 61.935000 28.000000
      vertex 13.933000 54.437000 28.000000
    endloop
  endfacet
  facet normal 0.000000 0.000000 -1.000000
    outer loop
      vertex 12.321000 61.935000 25.600000
      vertex 13.933000 61.935000 25.600000
      vertex 13.933000 64.480000 25.600000
    endloop
  endfacet
  facet normal 0.000000 0.000000 -1.000000
    outer loop
      vertex 12.321000 61.935000 25.600000
      vertex 13.933000 64.480000 25.600000
      vertex 12.321000 64.480000 25.600000
    endloop
  endfacet
  facet normal 0.000000 0.000000 1.000000
    outer loop
      vertex 12.321000 61.935000 28.000000
      vertex 12.321000 64.480000 28.000000
      vertex 13.933000 64.480000 28.000000
    endloop
  endfacet
  facet normal 0.000000 0.000000 1.000000
    outer loop
      vertex 12.321000 61.935000 28.000000
      vertex 13.933000 64.480000 28.000000
      vertex 13.933000 61.935000 28.000000
    endloop
  endfacet
  facet normal 0.000000 0.000000 -1.000000
    outer loop
      vertex 12.321000 64.480000 25.600000
      vertex 13.933000 64.480000 25.600000
      vertex 13.933000 66.080000 25.600000
    endloop
  endfacet
  facet normal 0.000000 0.000000 -1.000000
    outer loop
      vertex 12.321000 64.480000 25.600000
      vertex 13.933000 66.080000 25.600000
      vertex 12.321000 66.080000 25.600000
    endloop
  endfacet
  facet normal 0.000000 0.000000 1.000000
    outer loop
      vertex 12.321000 64.480000 28.000000
      vertex 12.321000 66.080000 28.000000
      vertex 13.933000 66.080000 28.000000
    endloop
  endfacet
  facet normal 0.000000 0.000000 1.000000
    outer loop
      vertex 12.321000 64.480000 28.000000
      vertex 13.933000 66.080000 28.000000
      vertex 13.933000 64.480000 28.000000
    endloop
  endfacet
  facet normal 0.000000 -1.000000 0.000000
    outer loop
      vertex 12.321000 66.080000 0.000000
      vertex 12.321000 66.080000 0.500000
      vertex 13.933000 66.080000 0.500000
    endloop
  endfacet
  facet normal 0.000000 -1.000000 0.000000
    outer loop
      vertex 12.321000 66.080000 0.000000
      vertex 13.933000 66.080000 0.500000
      vertex 13.933000 66.080000 0.000000
    endloop
  endfacet
  facet normal 0.000000 1.000000 0.000000
    outer loop
      vertex 12.321000 68.480000 0.000000
      vertex 13.933000 68.480000 0.000000
      vertex 13.933000 68.480000 0.500000
    endloop
  endfacet
  facet normal 0.000000 1.000000 0.000000
    outer loop
      vertex 12.321000 68.480000 0.000000
      vertex 13.933000 68.480000 0.500000
      vertex 12.321000 68.480000 0.500000
    endloop
  endfacet
  facet normal 0.000000 0.000000 -1.000000
    outer loop
      vertex 12.321000 66.080000 0.000000
      vertex 13.933000 66.080000 0.000000
      vertex 13.933000 68.480000 0.000000
    endloop
  endfacet
  facet normal 0.000000 0.000000 -1.000000
    outer loop
      vertex 12.321000 66.080000 0.000000
      vertex 13.933000 68.480000 0.000000
      vertex 12.321000 68.480000 0.000000
    endloop
  endfacet
  facet normal 0.000000 -1.000000 0.000000
    outer loop
      vertex 12.321000 66.080000 0.500000
      vertex 12.321000 66.080000 9.000000
      vertex 13.933000 66.080000 9.000000
    endloop
  endfacet
  facet normal 0.000000 -1.000000 0.000000
    outer loop
      vertex 12.321000 66.080000 0.500000
      vertex 13.933000 66.080000 9.000000
      vertex 13.933000 66.080000 0.500000
    endloop
  endfacet
  facet normal 0.000000 1.000000 0.000000
    outer loop
      vertex 12.321000 68.480000 0.500000
      vertex 13.933000 68.480000 0.500000
      vertex 13.933000 68.480000 9.000000
    endloop
  endfacet
  facet normal 0.000000 1.000000 0.000000
    outer loop
      vertex 12.321000 68.480000 0.500000
      vertex 13.933000 68.480000 9.000000
      vertex 12.321000 68.480000 9.000000
    endloop
  endfacet
  facet normal 0.000000 -1.000000 0.000000
    outer loop
      vertex 12.321000 66.080000 9.000000
      vertex 12.321000 66.080000 10.000000
      vertex 13.933000 66.080000 10.000000
    endloop
  endfacet
  facet normal 0.000000 -1.000000 0.000000
    outer loop
      vertex 12.321000 66.080000 9.000000
      vertex 13.933000 66.080000 10.000000
      vertex 13.933000 66.080000 9.000000
    endloop
  endfacet
  facet normal 0.000000 1.000000 0.000000
    outer loop
      vertex 12.321000 68.480000 9.000000
      vertex 13.933000 68.480000 9.000000
      vertex 13.933000 68.480000 10.000000
    endloop
  endfacet
  facet normal 0.000000 1.000000 0.000000
    outer loop
      vertex 12.321000 68.480000 9.000000
      vertex 13.933000 68.480000 10.000000
      vertex 12.321000 68.480000 10.000000
    endloop
  endfacet
  facet normal 0.000000 -1.000000 0.000000
    outer loop
      vertex 12.321000 66.080000 10.000000
      vertex 12.321000 66.080000 10.200000
      vertex 13.933000 66.080000 10.200000
    endloop
  endfacet
  facet normal 0.000000 -1.000000 0.000000
    outer loop
      vertex 12.321000 66.080000 10.000000
      vertex 13.933000 66.080000 10.200000
      vertex 13.933000 66.080000 10.000000
    endloop
  endfacet
  facet normal 0.000000 1.000000 0.000000
    outer loop
      vertex 12.321000 68.480000 10.000000
      vertex 13.933000 68.480000 10.000000
      vertex 13.933000 68.480000 10.200000
    endloop
  endfacet
  facet normal 0.000000 1.000000 0.000000
    outer loop
      vertex 12.321000 68.480000 10.000000
      vertex 13.933000 68.480000 10.200000
      vertex 12.321000 68.480000 10.200000
    endloop
  endfacet
  facet normal 0.000000 -1.000000 0.000000
    outer loop
      vertex 12.321000 66.080000 10.200000
      vertex 12.321000 66.080000 25.500000
      vertex 13.933000 66.080000 25.500000
    endloop
  endfacet
  facet normal 0.000000 -1.000000 0.000000
    outer loop
      vertex 12.321000 66.080000 10.200000
      vertex 13.933000 66.080000 25.500000
      vertex 13.933000 66.080000 10.200000
    endloop
  endfacet
  facet normal 0.000000 1.000000 0.000000
    outer loop
      vertex 12.321000 68.480000 10.200000
      vertex 13.933000 68.480000 10.200000
      vertex 13.933000 68.480000 25.500000
    endloop
  endfacet
  facet normal 0.000000 1.000000 0.000000
    outer loop
      vertex 12.321000 68.480000 10.200000
      vertex 13.933000 68.480000 25.500000
      vertex 12.321000 68.480000 25.500000
    endloop
  endfacet
  facet normal 0.000000 -1.000000 0.000000
    outer loop
      vertex 12.321000 66.080000 25.500000
      vertex 12.321000 66.080000 25.600000
      vertex 13.933000 66.080000 25.600000
    endloop
  endfacet
  facet normal 0.000000 -1.000000 0.000000
    outer loop
      vertex 12.321000 66.080000 25.500000
      vertex 13.933000 66.080000 25.600000
      vertex 13.933000 66.080000 25.500000
    endloop
  endfacet
  facet normal 0.000000 1.000000 0.000000
    outer loop
      vertex 12.321000 68.480000 25.500000
      vertex 13.933000 68.480000 25.500000
      vertex 13.933000 68.480000 25.600000
    endloop
  endfacet
  facet normal 0.000000 1.000000 0.000000
    outer loop
      vertex 12.321000 68.480000 25.500000
      vertex 13.933000 68.480000 25.600000
      vertex 12.321000 68.480000 25.600000
    endloop
  endfacet
  facet normal 0.000000 1.000000 0.000000
    outer loop
      vertex 12.321000 68.480000 25.600000
      vertex 13.933000 68.480000 25.600000
      vertex 13.933000 68.480000 28.000000
    endloop
  endfacet
  facet normal 0.000000 1.000000 0.000000
    outer loop
      vertex 12.321000 68.480000 25.600000
      vertex 13.933000 68.480000 28.000000
      vertex 12.321000 68.480000 28.000000
    endloop
  endfacet
  facet normal 0.000000 0.000000 1.000000
    outer loop
      vertex 12.321000 66.080000 28.000000
      vertex 12.321000 68.480000 28.000000
      vertex 13.933000 68.480000 28.000000
    endloop
  endfacet
  facet normal 0.000000 0.000000 1.000000
    outer loop
      vertex 12.321000 66.080000 28.000000
      vertex 13.933000 68.480000 28.000000
      vertex 13.933000 66.080000 28.000000
    endloop
  endfacet
  facet normal 0.000000 -1.000000 0.000000
    outer loop
      vertex 13.933000 0.000000 0.000000
      vertex 13.933000 0.000000 0.500000
      vertex 14.745000 0.000000 0.500000
    endloop
  endfacet
  facet normal 0.000000 -1.000000 0.000000
    outer loop
      vertex 13.933000 0.000000 0.000000
      vertex 14.745000 0.000000 0.500000
      vertex 14.745000 0.000000 0.000000
    endloop
  endfacet
  facet normal 0.000000 1.000000 0.000000
    outer loop
      vertex 13.933000 2.400000 0.000000
      vertex 14.745000 2.400000 0.000000
      vertex 14.745000 2.400000 0.500000
    endloop
  endfacet
  facet normal 0.000000 1.000000 0.000000
    outer loop
      vertex 13.933000 2.400000 0.000000
      vertex 14.745000 2.400000 0.500000
      vertex 13.933000 2.400000 0.500000
    endloop
  endfacet
  facet normal 0.000000 0.000000 -1.000000
    outer loop
      vertex 13.933000 0.000000 0.000000
      vertex 14.745000 0.000000 0.000000
      vertex 14.745000 2.400000 0.000000
    endloop
  endfacet
  facet normal 0.000000 0.000000 -1.000000
    outer loop
      vertex 13.933000 0.000000 0.000000
      vertex 14.745000 2.400000 0.000000
      vertex 13.933000 2.400000 0.000000
    endloop
  endfacet
  facet normal 0.000000 -1.000000 0.000000
    outer loop
      vertex 13.933000 0.000000 0.500000
      vertex 13.933000 0.000000 9.000000
      vertex 14.745000 0.000000 9.000000
    endloop
  endfacet
  facet normal 0.000000 -1.000000 0.000000
    outer loop
      vertex 13.933000 0.000000 0.500000
      vertex 14.745000 0.000000 9.000000
      vertex 14.745000 0.000000 0.500000
    endloop
  endfacet
  facet normal 0.000000 1.000000 0.000000
    outer loop
      vertex 13.933000 2.400000 0.500000
      vertex 14.745000 2.400000 0.500000
      vertex 14.745000 2.400000 9.000000
    endloop
  endfacet
  facet normal 0.000000 1.000000 0.000000
    outer loop
      vertex 13.933000 2.400000 0.500000
      vertex 14.745000 2.400000 9.000000
      vertex 13.933000 2.400000 9.000000
    endloop
  endfacet
  facet normal 0.000000 -1.000000 0.000000
    outer loop
      vertex 13.933000 0.000000 9.000000
      vertex 13.933000 0.000000 10.000000
      vertex 14.745000 0.000000 10.000000
    endloop
  endfacet
  facet normal 0.000000 -1.000000 0.000000
    outer loop
      vertex 13.933000 0.000000 9.000000
      vertex 14.745000 0.000000 10.000000
      vertex 14.745000 0.000000 9.000000
    endloop
  endfacet
  facet normal 0.000000 1.000000 0.000000
    outer loop
      vertex 13.933000 2.400000 9.000000
      vertex 14.745000 2.400000 9.000000
      vertex 14.745000 2.400000 10.000000
    endloop
  endfacet
  facet normal 0.000000 1.000000 0.000000
    outer loop
      vertex 13.933000 2.400000 9.000000
      vertex 14.745000 2.400000 10.000000
      vertex 13.933000 2.400000 10.000000
    endloop
  endfacet
  facet normal 0.000000 -1.000000 0.000000
    outer loop
      vertex 13.933000 0.000000 10.000000
      vertex 13.933000 0.000000 10.200000
      vertex 14.745000 0.000000 10.200000
    endloop
  endfacet
  facet normal 0.000000 -1.000000 0.000000
    outer loop
      vertex 13.933000 0.000000 10.000000
      vertex 14.745000 0.000000 10.200000
      vertex 14.745000 0.000000 10.000000
    endloop
  endfacet
  facet normal 0.000000 1.000000 0.000000
    outer loop
      vertex 13.933000 2.400000 10.000000
      vertex 14.745000 2.400000 10.000000
      vertex 14.745000 2.400000 10.200000
    endloop
  endfacet
  facet normal 0.000000 1.000000 0.000000
    outer loop
      vertex 13.933000 2.400000 10.000000
      vertex 14.745000 2.400000 10.200000
      vertex 13.933000 2.400000 10.200000
    endloop
  endfacet
  facet normal 0.000000 -1.000000 0.000000
    outer loop
      vertex 13.933000 0.000000 10.200000
      vertex 13.933000 0.000000 25.500000
      vertex 14.745000 0.000000 25.500000
    endloop
  endfacet
  facet normal 0.000000 -1.000000 0.000000
    outer loop
      vertex 13.933000 0.000000 10.200000
      vertex 14.745000 0.000000 25.500000
      vertex 14.745000 0.000000 10.200000
    endloop
  endfacet
  facet normal 0.000000 1.000000 0.000000
    outer loop
      vertex 13.933000 2.400000 10.200000
      vertex 14.745000 2.400000 10.200000
      vertex 14.745000 2.400000 25.500000
    endloop
  endfacet
  facet normal 0.000000 1.000000 0.000000
    outer loop
      vertex 13.933000 2.400000 10.200000
      vertex 14.745000 2.400000 25.500000
      vertex 13.933000 2.400000 25.500000
    endloop
  endfacet
  facet normal 0.000000 -1.000000 0.000000
    outer loop
      vertex 13.933000 0.000000 25.500000
      vertex 13.933000 0.000000 25.600000
      vertex 14.745000 0.000000 25.600000
    endloop
  endfacet
  facet normal 0.000000 -1.000000 0.000000
    outer loop
      vertex 13.933000 0.000000 25.500000
      vertex 14.745000 0.000000 25.600000
      vertex 14.745000 0.000000 25.500000
    endloop
  endfacet
  facet normal 0.000000 1.000000 0.000000
    outer loop
      vertex 13.933000 2.400000 25.500000
      vertex 14.745000 2.400000 25.500000
      vertex 14.745000 2.400000 25.600000
    endloop
  endfacet
  facet normal 0.000000 1.000000 0.000000
    outer loop
      vertex 13.933000 2.400000 25.500000
      vertex 14.745000 2.400000 25.600000
      vertex 13.933000 2.400000 25.600000
    endloop
  endfacet
  facet normal 0.000000 -1.000000 0.000000
    outer loop
      vertex 13.933000 0.000000 25.600000
      vertex 13.933000 0.000000 28.000000
      vertex 14.745000 0.000000 28.000000
    endloop
  endfacet
  facet normal 0.000000 -1.000000 0.000000
    outer loop
      vertex 13.933000 0.000000 25.600000
      vertex 14.745000 0.000000 28.000000
      vertex 14.745000 0.000000 25.600000
    endloop
  endfacet
  facet normal 0.000000 0.000000 1.000000
    outer loop
      vertex 13.933000 0.000000 28.000000
      vertex 13.933000 2.400000 28.000000
      vertex 14.745000 2.400000 28.000000
    endloop
  endfacet
  facet normal 0.000000 0.000000 1.000000
    outer loop
      vertex 13.933000 0.000000 28.000000
      vertex 14.745000 2.400000 28.000000
      vertex 14.745000 0.000000 28.000000
    endloop
  endfacet
  facet normal 0.000000 0.000000 -1.000000
    outer loop
      vertex 13.933000 2.400000 25.600000
      vertex 14.745000 2.400000 25.600000
      vertex 14.745000 4.000000 25.600000
    endloop
  endfacet
  facet normal 0.000000 0.000000 -1.000000
    outer loop
      vertex 13.933000 2.400000 25.600000
      vertex 14.745000 4.000000 25.600000
      vertex 13.933000 4.000000 25.600000
    endloop
  endfacet
  facet normal 0.000000 0.000000 1.000000
    outer loop
      vertex 13.933000 2.400000 28.000000
      vertex 13.933000 4.000000 28.000000
      vertex 14.745000 4.000000 28.000000
    endloop
  endfacet
  facet normal 0.000000 0.000000 1.000000
    outer loop
      vertex 13.933000 2.400000 28.000000
      vertex 14.745000 4.000000 28.000000
      vertex 14.745000 2.400000 28.000000
    endloop
  endfacet
  facet normal 0.000000 1.000000 0.000000
    outer loop
      vertex 13.933000 13.282000 25.600000
      vertex 14.745000 13.282000 25.600000
      vertex 14.745000 13.282000 28.000000
    endloop
  endfacet
  facet normal 0.000000 1.000000 0.000000
    outer loop
      vertex 13.933000 13.282000 25.600000
      vertex 14.745000 13.282000 28.000000
      vertex 13.933000 13.282000 28.000000
    endloop
  endfacet
  facet normal 0.000000 0.000000 -1.000000
    outer loop
      vertex 13.933000 4.000000 25.600000
      vertex 14.745000 4.000000 25.600000
      vertex 14.745000 13.282000 25.600000
    endloop
  endfacet
  facet normal 0.000000 0.000000 -1.000000
    outer loop
      vertex 13.933000 4.000000 25.600000
      vertex 14.745000 13.282000 25.600000
      vertex 13.933000 13.282000 25.600000
    endloop
  endfacet
  facet normal 0.000000 0.000000 1.000000
    outer loop
      vertex 13.933000 4.000000 28.000000
      vertex 13.933000 13.282000 28.000000
      vertex 14.745000 13.282000 28.000000
    endloop
  endfacet
  facet normal 0.000000 0.000000 1.000000
    outer loop
      vertex 13.933000 4.000000 28.000000
      vertex 14.745000 13.282000 28.000000
      vertex 14.745000 4.000000 28.000000
    endloop
  endfacet
  facet normal 0.000000 -1.000000 0.000000
    outer loop
      vertex 13.933000 22.889000 25.600000
      vertex 13.933000 22.889000 28.000000
      vertex 14.745000 22.889000 28.000000
    endloop
  endfacet
  facet normal 0.000000 -1.000000 0.000000
    outer loop
      vertex 13.933000 22.889000 25.600000
      vertex 14.745000 22.889000 28.000000
      vertex 14.745000 22.889000 25.600000
    endloop
  endfacet
  facet normal 0.000000 0.000000 -1.000000
    outer loop
      vertex 13.933000 22.889000 25.600000
      vertex 14.745000 22.889000 25.600000
      vertex 14.745000 24.125000 25.600000
    endloop
  endfacet
  facet normal 0.000000 0.000000 -1.000000
    outer loop
      vertex 13.933000 22.889000 25.600000
      vertex 14.745000 24.125000 25.600000
      vertex 13.933000 24.125000 25.600000
    endloop
  endfacet
  facet normal 0.000000 0.000000 1.000000
    outer loop
      vertex 13.933000 22.889000 28.000000
      vertex 13.933000 24.125000 28.000000
      vertex 14.745000 24.125000 28.000000
    endloop
  endfacet
  facet normal 0.000000 0.000000 1.000000
    outer loop
      vertex 13.933000 22.889000 28.000000
      vertex 14.745000 24.125000 28.000000
      vertex 14.745000 22.889000 28.000000
    endloop
  endfacet
  facet normal 0.000000 0.000000 -1.000000
    outer loop
      vertex 13.933000 24.125000 25.600000
      vertex 14.745000 24.125000 25.600000
      vertex 14.745000 33.833000 25.600000
    endloop
  endfacet
  facet normal 0.000000 0.000000 -1.000000
    outer loop
      vertex 13.933000 24.125000 25.600000
      vertex 14.745000 33.833000 25.600000
      vertex 13.933000 33.833000 25.600000
    endloop
  endfacet
  facet normal 0.000000 0.000000 1.000000
    outer loop
      vertex 13.933000 24.125000 28.000000
      vertex 13.933000 33.833000 28.000000
      vertex 14.745000 33.833000 28.000000
    endloop
  endfacet
  facet normal 0.000000 0.000000 1.000000
    outer loop
      vertex 13.933000 24.125000 28.000000
      vertex 14.745000 33.833000 28.000000
      vertex 14.745000 24.125000 28.000000
    endloop
  endfacet
  facet normal 0.000000 1.000000 0.000000
    outer loop
      vertex 13.933000 33.923000 25.600000
      vertex 14.745000 33.923000 25.600000
      vertex 14.745000 33.923000 28.000000
    endloop
  endfacet
  facet normal 0.000000 1.000000 0.000000
    outer loop
      vertex 13.933000 33.923000 25.600000
      vertex 14.745000 33.923000 28.000000
      vertex 13.933000 33.923000 28.000000
    endloop
  endfacet
  facet normal 0.000000 0.000000 -1.000000
    outer loop
      vertex 13.933000 33.833000 25.600000
      vertex 14.745000 33.833000 25.600000
      vertex 14.745000 33.923000 25.600000
    endloop
  endfacet
  facet normal 0.000000 0.000000 -1.000000
    outer loop
      vertex 13.933000 33.833000 25.600000
      vertex 14.745000 33.923000 25.600000
      vertex 13.933000 33.923000 25.600000
    endloop
  endfacet
  facet normal 0.000000 0.000000 1.000000
    outer loop
      vertex 13.933000 33.833000 28.000000
      vertex 13.933000 33.923000 28.000000
      vertex 14.745000 33.923000 28.000000
    endloop
  endfacet
  facet normal 0.000000 0.000000 1.000000
    outer loop
      vertex 13.933000 33.833000 28.000000
      vertex 14.745000 33.923000 28.000000
      vertex 14.745000 33.833000 28.000000
    endloop
  endfacet
  facet normal 0.000000 -1.000000 0.000000
    outer loop
      vertex 13.933000 43.244000 25.600000
      vertex 13.933000 43.244000 28.000000
      vertex 14.745000 43.244000 28.000000
    endloop
  endfacet
  facet normal 0.000000 -1.000000 0.000000
    outer loop
      vertex 13.933000 43.244000 25.600000
      vertex 14.745000 43.244000 28.000000
      vertex 14.745000 43.244000 25.600000
    endloop
  endfacet
  facet normal 0.000000 0.000000 -1.000000
    outer loop
      vertex 13.933000 43.244000 25.600000
      vertex 14.745000 43.244000 25.600000
      vertex 14.745000 54.437000 25.600000
    endloop
  endfacet
  facet normal 0.000000 0.000000 -1.000000
    outer loop
      vertex 13.933000 43.244000 25.600000
      vertex 14.745000 54.437000 25.600000
      vertex 13.933000 54.437000 25.600000
    endloop
  endfacet
  facet normal 0.000000 0.000000 1.000000
    outer loop
      vertex 13.933000 43.244000 28.000000
      vertex 13.933000 54.437000 28.000000
      vertex 14.745000 54.437000 28.000000
    endloop
  endfacet
  facet normal 0.000000 0.000000 1.000000
    outer loop
      vertex 13.933000 43.244000 28.000000
      vertex 14.745000 54.437000 28.000000
      vertex 14.745000 43.244000 28.000000
    endloop
  endfacet
  facet normal 0.000000 0.000000 -1.000000
    outer loop
      vertex 13.933000 54.437000 25.600000
      vertex 14.745000 54.437000 25.600000
      vertex 14.745000 61.935000 25.600000
    endloop
  endfacet
  facet normal 0.000000 0.000000 -1.000000
    outer loop
      vertex 13.933000 54.437000 25.600000
      vertex 14.745000 61.935000 25.600000
      vertex 13.933000 61.935000 25.600000
    endloop
  endfacet
  facet normal 0.000000 0.000000 1.000000
    outer loop
      vertex 13.933000 54.437000 28.000000
      vertex 13.933000 61.935000 28.000000
      vertex 14.745000 61.935000 28.000000
    endloop
  endfacet
  facet normal 0.000000 0.000000 1.000000
    outer loop
      vertex 13.933000 54.437000 28.000000
      vertex 14.745000 61.935000 28.000000
      vertex 14.745000 54.437000 28.000000
    endloop
  endfacet
  facet normal 0.000000 0.000000 -1.000000
    outer loop
      vertex 13.933000 61.935000 25.600000
      vertex 14.745000 61.935000 25.600000
      vertex 14.745000 64.480000 25.600000
    endloop
  endfacet
  facet normal 0.000000 0.000000 -1.000000
    outer loop
      vertex 13.933000 61.935000 25.600000
      vertex 14.745000 64.480000 25.600000
      vertex 13.933000 64.480000 25.600000
    endloop
  endfacet
  facet normal 0.000000 0.000000 1.000000
    outer loop
      vertex 13.933000 61.935000 28.000000
      vertex 13.933000 64.480000 28.000000
      vertex 14.745000 64.480000 28.000000
    endloop
  endfacet
  facet normal 0.000000 0.000000 1.000000
    outer loop
      vertex 13.933000 61.935000 28.000000
      vertex 14.745000 64.480000 28.000000
      vertex 14.745000 61.935000 28.000000
    endloop
  endfacet
  facet normal 0.000000 0.000000 -1.000000
    outer loop
      vertex 13.933000 64.480000 25.600000
      vertex 14.745000 64.480000 25.600000
      vertex 14.745000 66.080000 25.600000
    endloop
  endfacet
  facet normal 0.000000 0.000000 -1.000000
    outer loop
      vertex 13.933000 64.480000 25.600000
      vertex 14.745000 66.080000 25.600000
      vertex 13.933000 66.080000 25.600000
    endloop
  endfacet
  facet normal 0.000000 0.000000 1.000000
    outer loop
      vertex 13.933000 64.480000 28.000000
      vertex 13.933000 66.080000 28.000000
      vertex 14.745000 66.080000 28.000000
    endloop
  endfacet
  facet normal 0.000000 0.000000 1.000000
    outer loop
      vertex 13.933000 64.480000 28.000000
      vertex 14.745000 66.080000 28.000000
      vertex 14.745000 64.480000 28.000000
    endloop
  endfacet
  facet normal 0.000000 -1.000000 0.000000
    outer loop
      vertex 13.933000 66.080000 0.000000
      vertex 13.933000 66.080000 0.500000
      vertex 14.745000 66.080000 0.500000
    endloop
  endfacet
  facet normal 0.000000 -1.000000 0.000000
    outer loop
      vertex 13.933000 66.080000 0.000000
      vertex 14.745000 66.080000 0.500000
      vertex 14.745000 66.080000 0.000000
    endloop
  endfacet
  facet normal 0.000000 1.000000 0.000000
    outer loop
      vertex 13.933000 68.480000 0.000000
      vertex 14.745000 68.480000 0.000000
      vertex 14.745000 68.480000 0.500000
    endloop
  endfacet
  facet normal 0.000000 1.000000 0.000000
    outer loop
      vertex 13.933000 68.480000 0.000000
      vertex 14.745000 68.480000 0.500000
      vertex 13.933000 68.480000 0.500000
    endloop
  endfacet
  facet normal 0.000000 0.000000 -1.000000
    outer loop
      vertex 13.933000 66.080000 0.000000
      vertex 14.745000 66.080000 0.000000
      vertex 14.745000 68.480000 0.000000
    endloop
  endfacet
  facet normal 0.000000 0.000000 -1.000000
    outer loop
      vertex 13.933000 66.080000 0.000000
      vertex 14.745000 68.480000 0.000000
      vertex 13.933000 68.480000 0.000000
    endloop
  endfacet
  facet normal 0.000000 -1.000000 0.000000
    outer loop
      vertex 13.933000 66.080000 0.500000
      vertex 13.933000 66.080000 9.000000
      vertex 14.745000 66.080000 9.000000
    endloop
  endfacet
  facet normal 0.000000 -1.000000 0.000000
    outer loop
      vertex 13.933000 66.080000 0.500000
      vertex 14.745000 66.080000 9.000000
      vertex 14.745000 66.080000 0.500000
    endloop
  endfacet
  facet normal 0.000000 1.000000 0.000000
    outer loop
      vertex 13.933000 68.480000 0.500000
      vertex 14.745000 68.480000 0.500000
      vertex 14.745000 68.480000 9.000000
    endloop
  endfacet
  facet normal 0.000000 1.000000 0.000000
    outer loop
      vertex 13.933000 68.480000 0.500000
      vertex 14.745000 68.480000 9.000000
      vertex 13.933000 68.480000 9.000000
    endloop
  endfacet
  facet normal 0.000000 -1.000000 0.000000
    outer loop
      vertex 13.933000 66.080000 9.000000
      vertex 13.933000 66.080000 10.000000
      vertex 14.745000 66.080000 10.000000
    endloop
  endfacet
  facet normal 0.000000 -1.000000 0.000000
    outer loop
      vertex 13.933000 66.080000 9.000000
      vertex 14.745000 66.080000 10.000000
      vertex 14.745000 66.080000 9.000000
    endloop
  endfacet
  facet normal 0.000000 1.000000 0.000000
    outer loop
      vertex 13.933000 68.480000 9.000000
      vertex 14.745000 68.480000 9.000000
      vertex 14.745000 68.480000 10.000000
    endloop
  endfacet
  facet normal 0.000000 1.000000 0.000000
    outer loop
      vertex 13.933000 68.480000 9.000000
      vertex 14.745000 68.480000 10.000000
      vertex 13.933000 68.480000 10.000000
    endloop
  endfacet
  facet normal 0.000000 -1.000000 0.000000
    outer loop
      vertex 13.933000 66.080000 10.000000
      vertex 13.933000 66.080000 10.200000
      vertex 14.745000 66.080000 10.200000
    endloop
  endfacet
  facet normal 0.000000 -1.000000 0.000000
    outer loop
      vertex 13.933000 66.080000 10.000000
      vertex 14.745000 66.080000 10.200000
      vertex 14.745000 66.080000 10.000000
    endloop
  endfacet
  facet normal 0.000000 1.000000 0.000000
    outer loop
      vertex 13.933000 68.480000 10.000000
      vertex 14.745000 68.480000 10.000000
      vertex 14.745000 68.480000 10.200000
    endloop
  endfacet
  facet normal 0.000000 1.000000 0.000000
    outer loop
      vertex 13.933000 68.480000 10.000000
      vertex 14.745000 68.480000 10.200000
      vertex 13.933000 68.480000 10.200000
    endloop
  endfacet
  facet normal 0.000000 -1.000000 0.000000
    outer loop
      vertex 13.933000 66.080000 10.200000
      vertex 13.933000 66.080000 25.500000
      vertex 14.745000 66.080000 25.500000
    endloop
  endfacet
  facet normal 0.000000 -1.000000 0.000000
    outer loop
      vertex 13.933000 66.080000 10.200000
      vertex 14.745000 66.080000 25.500000
      vertex 14.745000 66.080000 10.200000
    endloop
  endfacet
  facet normal 0.000000 1.000000 0.000000
    outer loop
      vertex 13.933000 68.480000 10.200000
      vertex 14.745000 68.480000 10.200000
      vertex 14.745000 68.480000 25.500000
    endloop
  endfacet
  facet normal 0.000000 1.000000 0.000000
    outer loop
      vertex 13.933000 68.480000 10.200000
      vertex 14.745000 68.480000 25.500000
      vertex 13.933000 68.480000 25.500000
    endloop
  endfacet
  facet normal 0.000000 -1.000000 0.000000
    outer loop
      vertex 13.933000 66.080000 25.500000
      vertex 13.933000 66.080000 25.600000
      vertex 14.745000 66.080000 25.600000
    endloop
  endfacet
  facet normal 0.000000 -1.000000 0.000000
    outer loop
      vertex 13.933000 66.080000 25.500000
      vertex 14.745000 66.080000 25.600000
      vertex 14.745000 66.080000 25.500000
    endloop
  endfacet
  facet normal 0.000000 1.000000 0.000000
    outer loop
      vertex 13.933000 68.480000 25.500000
      vertex 14.745000 68.480000 25.500000
      vertex 14.745000 68.480000 25.600000
    endloop
  endfacet
  facet normal 0.000000 1.000000 0.000000
    outer loop
      vertex 13.933000 68.480000 25.500000
      vertex 14.745000 68.480000 25.600000
      vertex 13.933000 68.480000 25.600000
    endloop
  endfacet
  facet normal 0.000000 1.000000 0.000000
    outer loop
      vertex 13.933000 68.480000 25.600000
      vertex 14.745000 68.480000 25.600000
      vertex 14.745000 68.480000 28.000000
    endloop
  endfacet
  facet normal 0.000000 1.000000 0.000000
    outer loop
      vertex 13.933000 68.480000 25.600000
      vertex 14.745000 68.480000 28.000000
      vertex 13.933000 68.480000 28.000000
    endloop
  endfacet
  facet normal 0.000000 0.000000 1.000000
    outer loop
      vertex 13.933000 66.080000 28.000000
      vertex 13.933000 68.480000 28.000000
      vertex 14.745000 68.480000 28.000000
    endloop
  endfacet
  facet normal 0.000000 0.000000 1.000000
    outer loop
      vertex 13.933000 66.080000 28.000000
      vertex 14.745000 68.480000 28.000000
      vertex 14.745000 66.080000 28.000000
    endloop
  endfacet
  facet normal 0.000000 -1.000000 0.000000
    outer loop
      vertex 14.745000 0.000000 0.000000
      vertex 14.745000 0.000000 0.500000
      vertex 16.793000 0.000000 0.500000
    endloop
  endfacet
  facet normal 0.000000 -1.000000 0.000000
    outer loop
      vertex 14.745000 0.000000 0.000000
      vertex 16.793000 0.000000 0.500000
      vertex 16.793000 0.000000 0.000000
    endloop
  endfacet
  facet normal 0.000000 1.000000 0.000000
    outer loop
      vertex 14.745000 2.400000 0.000000
      vertex 16.793000 2.400000 0.000000
      vertex 16.793000 2.400000 0.500000
    endloop
  endfacet
  facet normal 0.000000 1.000000 0.000000
    outer loop
      vertex 14.745000 2.400000 0.000000
      vertex 16.793000 2.400000 0.500000
      vertex 14.745000 2.400000 0.500000
    endloop
  endfacet
  facet normal 0.000000 0.000000 -1.000000
    outer loop
      vertex 14.745000 0.000000 0.000000
      vertex 16.793000 0.000000 0.000000
      vertex 16.793000 2.400000 0.000000
    endloop
  endfacet
  facet normal 0.000000 0.000000 -1.000000
    outer loop
      vertex 14.745000 0.000000 0.000000
      vertex 16.793000 2.400000 0.000000
      vertex 14.745000 2.400000 0.000000
    endloop
  endfacet
  facet normal 0.000000 -1.000000 0.000000
    outer loop
      vertex 14.745000 0.000000 0.500000
      vertex 14.745000 0.000000 9.000000
      vertex 16.793000 0.000000 9.000000
    endloop
  endfacet
  facet normal 0.000000 -1.000000 0.000000
    outer loop
      vertex 14.745000 0.000000 0.500000
      vertex 16.793000 0.000000 9.000000
      vertex 16.793000 0.000000 0.500000
    endloop
  endfacet
  facet normal 0.000000 1.000000 0.000000
    outer loop
      vertex 14.745000 2.400000 0.500000
      vertex 16.793000 2.400000 0.500000
      vertex 16.793000 2.400000 9.000000
    endloop
  endfacet
  facet normal 0.000000 1.000000 0.000000
    outer loop
      vertex 14.745000 2.400000 0.500000
      vertex 16.793000 2.400000 9.000000
      vertex 14.745000 2.400000 9.000000
    endloop
  endfacet
  facet normal 0.000000 -1.000000 0.000000
    outer loop
      vertex 14.745000 0.000000 9.000000
      vertex 14.745000 0.000000 10.000000
      vertex 16.793000 0.000000 10.000000
    endloop
  endfacet
  facet normal 0.000000 -1.000000 0.000000
    outer loop
      vertex 14.745000 0.000000 9.000000
      vertex 16.793000 0.000000 10.000000
      vertex 16.793000 0.000000 9.000000
    endloop
  endfacet
  facet normal 0.000000 1.000000 0.000000
    outer loop
      vertex 14.745000 2.400000 9.000000
      vertex 16.793000 2.400000 9.000000
      vertex 16.793000 2.400000 10.000000
    endloop
  endfacet
  facet normal 0.000000 1.000000 0.000000
    outer loop
      vertex 14.745000 2.400000 9.000000
      vertex 16.793000 2.400000 10.000000
      vertex 14.745000 2.400000 10.000000
    endloop
  endfacet
  facet normal 0.000000 -1.000000 0.000000
    outer loop
      vertex 14.745000 0.000000 10.000000
      vertex 14.745000 0.000000 10.200000
      vertex 16.793000 0.000000 10.200000
    endloop
  endfacet
  facet normal 0.000000 -1.000000 0.000000
    outer loop
      vertex 14.745000 0.000000 10.000000
      vertex 16.793000 0.000000 10.200000
      vertex 16.793000 0.000000 10.000000
    endloop
  endfacet
  facet normal 0.000000 1.000000 0.000000
    outer loop
      vertex 14.745000 2.400000 10.000000
      vertex 16.793000 2.400000 10.000000
      vertex 16.793000 2.400000 10.200000
    endloop
  endfacet
  facet normal 0.000000 1.000000 0.000000
    outer loop
      vertex 14.745000 2.400000 10.000000
      vertex 16.793000 2.400000 10.200000
      vertex 14.745000 2.400000 10.200000
    endloop
  endfacet
  facet normal 0.000000 -1.000000 0.000000
    outer loop
      vertex 14.745000 0.000000 10.200000
      vertex 14.745000 0.000000 25.500000
      vertex 16.793000 0.000000 25.500000
    endloop
  endfacet
  facet normal 0.000000 -1.000000 0.000000
    outer loop
      vertex 14.745000 0.000000 10.200000
      vertex 16.793000 0.000000 25.500000
      vertex 16.793000 0.000000 10.200000
    endloop
  endfacet
  facet normal 0.000000 1.000000 0.000000
    outer loop
      vertex 14.745000 2.400000 10.200000
      vertex 16.793000 2.400000 10.200000
      vertex 16.793000 2.400000 25.500000
    endloop
  endfacet
  facet normal 0.000000 1.000000 0.000000
    outer loop
      vertex 14.745000 2.400000 10.200000
      vertex 16.793000 2.400000 25.500000
      vertex 14.745000 2.400000 25.500000
    endloop
  endfacet
  facet normal 0.000000 -1.000000 0.000000
    outer loop
      vertex 14.745000 0.000000 25.500000
      vertex 14.745000 0.000000 25.600000
      vertex 16.793000 0.000000 25.600000
    endloop
  endfacet
  facet normal 0.000000 -1.000000 0.000000
    outer loop
      vertex 14.745000 0.000000 25.500000
      vertex 16.793000 0.000000 25.600000
      vertex 16.793000 0.000000 25.500000
    endloop
  endfacet
  facet normal 0.000000 1.000000 0.000000
    outer loop
      vertex 14.745000 2.400000 25.500000
      vertex 16.793000 2.400000 25.500000
      vertex 16.793000 2.400000 25.600000
    endloop
  endfacet
  facet normal 0.000000 1.000000 0.000000
    outer loop
      vertex 14.745000 2.400000 25.500000
      vertex 16.793000 2.400000 25.600000
      vertex 14.745000 2.400000 25.600000
    endloop
  endfacet
  facet normal 0.000000 -1.000000 0.000000
    outer loop
      vertex 14.745000 0.000000 25.600000
      vertex 14.745000 0.000000 28.000000
      vertex 16.793000 0.000000 28.000000
    endloop
  endfacet
  facet normal 0.000000 -1.000000 0.000000
    outer loop
      vertex 14.745000 0.000000 25.600000
      vertex 16.793000 0.000000 28.000000
      vertex 16.793000 0.000000 25.600000
    endloop
  endfacet
  facet normal 0.000000 0.000000 1.000000
    outer loop
      vertex 14.745000 0.000000 28.000000
      vertex 14.745000 2.400000 28.000000
      vertex 16.793000 2.400000 28.000000
    endloop
  endfacet
  facet normal 0.000000 0.000000 1.000000
    outer loop
      vertex 14.745000 0.000000 28.000000
      vertex 16.793000 2.400000 28.000000
      vertex 16.793000 0.000000 28.000000
    endloop
  endfacet
  facet normal 0.000000 0.000000 -1.000000
    outer loop
      vertex 14.745000 2.400000 25.600000
      vertex 16.793000 2.400000 25.600000
      vertex 16.793000 4.000000 25.600000
    endloop
  endfacet
  facet normal 0.000000 0.000000 -1.000000
    outer loop
      vertex 14.745000 2.400000 25.600000
      vertex 16.793000 4.000000 25.600000
      vertex 14.745000 4.000000 25.600000
    endloop
  endfacet
  facet normal 0.000000 0.000000 1.000000
    outer loop
      vertex 14.745000 2.400000 28.000000
      vertex 14.745000 4.000000 28.000000
      vertex 16.793000 4.000000 28.000000
    endloop
  endfacet
  facet normal 0.000000 0.000000 1.000000
    outer loop
      vertex 14.745000 2.400000 28.000000
      vertex 16.793000 4.000000 28.000000
      vertex 16.793000 2.400000 28.000000
    endloop
  endfacet
  facet normal 0.000000 1.000000 0.000000
    outer loop
      vertex 14.745000 13.282000 25.600000
      vertex 16.793000 13.282000 25.600000
      vertex 16.793000 13.282000 28.000000
    endloop
  endfacet
  facet normal 0.000000 1.000000 0.000000
    outer loop
      vertex 14.745000 13.282000 25.600000
      vertex 16.793000 13.282000 28.000000
      vertex 14.745000 13.282000 28.000000
    endloop
  endfacet
  facet normal 0.000000 0.000000 -1.000000
    outer loop
      vertex 14.745000 4.000000 25.600000
      vertex 16.793000 4.000000 25.600000
      vertex 16.793000 13.282000 25.600000
    endloop
  endfacet
  facet normal 0.000000 0.000000 -1.000000
    outer loop
      vertex 14.745000 4.000000 25.600000
      vertex 16.793000 13.282000 25.600000
      vertex 14.745000 13.282000 25.600000
    endloop
  endfacet
  facet normal 0.000000 0.000000 1.000000
    outer loop
      vertex 14.745000 4.000000 28.000000
      vertex 14.745000 13.282000 28.000000
      vertex 16.793000 13.282000 28.000000
    endloop
  endfacet
  facet normal 0.000000 0.000000 1.000000
    outer loop
      vertex 14.745000 4.000000 28.000000
      vertex 16.793000 13.282000 28.000000
      vertex 16.793000 4.000000 28.000000
    endloop
  endfacet
  facet normal 0.000000 -1.000000 0.000000
    outer loop
      vertex 14.745000 22.889000 25.600000
      vertex 14.745000 22.889000 28.000000
      vertex 16.793000 22.889000 28.000000
    endloop
  endfacet
  facet normal 0.000000 -1.000000 0.000000
    outer loop
      vertex 14.745000 22.889000 25.600000
      vertex 16.793000 22.889000 28.000000
      vertex 16.793000 22.889000 25.600000
    endloop
  endfacet
  facet normal 0.000000 0.000000 -1.000000
    outer loop
      vertex 14.745000 22.889000 25.600000
      vertex 16.793000 22.889000 25.600000
      vertex 16.793000 24.125000 25.600000
    endloop
  endfacet
  facet normal 0.000000 0.000000 -1.000000
    outer loop
      vertex 14.745000 22.889000 25.600000
      vertex 16.793000 24.125000 25.600000
      vertex 14.745000 24.125000 25.600000
    endloop
  endfacet
  facet normal 0.000000 0.000000 1.000000
    outer loop
      vertex 14.745000 22.889000 28.000000
      vertex 14.745000 24.125000 28.000000
      vertex 16.793000 24.125000 28.000000
    endloop
  endfacet
  facet normal 0.000000 0.000000 1.000000
    outer loop
      vertex 14.745000 22.889000 28.000000
      vertex 16.793000 24.125000 28.000000
      vertex 16.793000 22.889000 28.000000
    endloop
  endfacet
  facet normal 0.000000 0.000000 -1.000000
    outer loop
      vertex 14.745000 24.125000 25.600000
      vertex 16.793000 24.125000 25.600000
      vertex 16.793000 33.833000 25.600000
    endloop
  endfacet
  facet normal 0.000000 0.000000 -1.000000
    outer loop
      vertex 14.745000 24.125000 25.600000
      vertex 16.793000 33.833000 25.600000
      vertex 14.745000 33.833000 25.600000
    endloop
  endfacet
  facet normal 0.000000 0.000000 1.000000
    outer loop
      vertex 14.745000 24.125000 28.000000
      vertex 14.745000 33.833000 28.000000
      vertex 16.793000 33.833000 28.000000
    endloop
  endfacet
  facet normal 0.000000 0.000000 1.000000
    outer loop
      vertex 14.745000 24.125000 28.000000
      vertex 16.793000 33.833000 28.000000
      vertex 16.793000 24.125000 28.000000
    endloop
  endfacet
  facet normal 0.000000 1.000000 0.000000
    outer loop
      vertex 14.745000 33.923000 25.600000
      vertex 16.793000 33.923000 25.600000
      vertex 16.793000 33.923000 28.000000
    endloop
  endfacet
  facet normal 0.000000 1.000000 0.000000
    outer loop
      vertex 14.745000 33.923000 25.600000
      vertex 16.793000 33.923000 28.000000
      vertex 14.745000 33.923000 28.000000
    endloop
  endfacet
  facet normal 0.000000 0.000000 -1.000000
    outer loop
      vertex 14.745000 33.833000 25.600000
      vertex 16.793000 33.833000 25.600000
      vertex 16.793000 33.923000 25.600000
    endloop
  endfacet
  facet normal 0.000000 0.000000 -1.000000
    outer loop
      vertex 14.745000 33.833000 25.600000
      vertex 16.793000 33.923000 25.600000
      vertex 14.745000 33.923000 25.600000
    endloop
  endfacet
  facet normal 0.000000 0.000000 1.000000
    outer loop
      vertex 14.745000 33.833000 28.000000
      vertex 14.745000 33.923000 28.000000
      vertex 16.793000 33.923000 28.000000
    endloop
  endfacet
  facet normal 0.000000 0.000000 1.000000
    outer loop
      vertex 14.745000 33.833000 28.000000
      vertex 16.793000 33.923000 28.000000
      vertex 16.793000 33.833000 28.000000
    endloop
  endfacet
  facet normal 0.000000 -1.000000 0.000000
    outer loop
      vertex 14.745000 43.244000 25.600000
      vertex 14.745000 43.244000 28.000000
      vertex 16.793000 43.244000 28.000000
    endloop
  endfacet
  facet normal 0.000000 -1.000000 0.000000
    outer loop
      vertex 14.745000 43.244000 25.600000
      vertex 16.793000 43.244000 28.000000
      vertex 16.793000 43.244000 25.600000
    endloop
  endfacet
  facet normal 0.000000 0.000000 -1.000000
    outer loop
      vertex 14.745000 43.244000 25.600000
      vertex 16.793000 43.244000 25.600000
      vertex 16.793000 54.437000 25.600000
    endloop
  endfacet
  facet normal 0.000000 0.000000 -1.000000
    outer loop
      vertex 14.745000 43.244000 25.600000
      vertex 16.793000 54.437000 25.600000
      vertex 14.745000 54.437000 25.600000
    endloop
  endfacet
  facet normal 0.000000 0.000000 1.000000
    outer loop
      vertex 14.745000 43.244000 28.000000
      vertex 14.745000 54.437000 28.000000
      vertex 16.793000 54.437000 28.000000
    endloop
  endfacet
  facet normal 0.000000 0.000000 1.000000
    outer loop
      vertex 14.745000 43.244000 28.000000
      vertex 16.793000 54.437000 28.000000
      vertex 16.793000 43.244000 28.000000
    endloop
  endfacet
  facet normal 0.000000 0.000000 -1.000000
    outer loop
      vertex 14.745000 54.437000 25.600000
      vertex 16.793000 54.437000 25.600000
      vertex 16.793000 61.935000 25.600000
    endloop
  endfacet
  facet normal 0.000000 0.000000 -1.000000
    outer loop
      vertex 14.745000 54.437000 25.600000
      vertex 16.793000 61.935000 25.600000
      vertex 14.745000 61.935000 25.600000
    endloop
  endfacet
  facet normal 0.000000 0.000000 1.000000
    outer loop
      vertex 14.745000 54.437000 28.000000
      vertex 14.745000 61.935000 28.000000
      vertex 16.793000 61.935000 28.000000
    endloop
  endfacet
  facet normal 0.000000 0.000000 1.000000
    outer loop
      vertex 14.745000 54.437000 28.000000
      vertex 16.793000 61.935000 28.000000
      vertex 16.793000 54.437000 28.000000
    endloop
  endfacet
  facet normal 0.000000 0.000000 -1.000000
    outer loop
      vertex 14.745000 61.935000 25.600000
      vertex 16.793000 61.935000 25.600000
      vertex 16.793000 64.480000 25.600000
    endloop
  endfacet
  facet normal 0.000000 0.000000 -1.000000
    outer loop
      vertex 14.745000 61.935000 25.600000
      vertex 16.793000 64.480000 25.600000
      vertex 14.745000 64.480000 25.600000
    endloop
  endfacet
  facet normal 0.000000 0.000000 1.000000
    outer loop
      vertex 14.745000 61.935000 28.000000
      vertex 14.745000 64.480000 28.000000
      vertex 16.793000 64.480000 28.000000
    endloop
  endfacet
  facet normal 0.000000 0.000000 1.000000
    outer loop
      vertex 14.745000 61.935000 28.000000
      vertex 16.793000 64.480000 28.000000
      vertex 16.793000 61.935000 28.000000
    endloop
  endfacet
  facet normal 0.000000 0.000000 -1.000000
    outer loop
      vertex 14.745000 64.480000 25.600000
      vertex 16.793000 64.480000 25.600000
      vertex 16.793000 66.080000 25.600000
    endloop
  endfacet
  facet normal 0.000000 0.000000 -1.000000
    outer loop
      vertex 14.745000 64.480000 25.600000
      vertex 16.793000 66.080000 25.600000
      vertex 14.745000 66.080000 25.600000
    endloop
  endfacet
  facet normal 0.000000 0.000000 1.000000
    outer loop
      vertex 14.745000 64.480000 28.000000
      vertex 14.745000 66.080000 28.000000
      vertex 16.793000 66.080000 28.000000
    endloop
  endfacet
  facet normal 0.000000 0.000000 1.000000
    outer loop
      vertex 14.745000 64.480000 28.000000
      vertex 16.793000 66.080000 28.000000
      vertex 16.793000 64.480000 28.000000
    endloop
  endfacet
  facet normal 0.000000 -1.000000 0.000000
    outer loop
      vertex 14.745000 66.080000 0.000000
      vertex 14.745000 66.080000 0.500000
      vertex 16.793000 66.080000 0.500000
    endloop
  endfacet
  facet normal 0.000000 -1.000000 0.000000
    outer loop
      vertex 14.745000 66.080000 0.000000
      vertex 16.793000 66.080000 0.500000
      vertex 16.793000 66.080000 0.000000
    endloop
  endfacet
  facet normal 0.000000 1.000000 0.000000
    outer loop
      vertex 14.745000 68.480000 0.000000
      vertex 16.793000 68.480000 0.000000
      vertex 16.793000 68.480000 0.500000
    endloop
  endfacet
  facet normal 0.000000 1.000000 0.000000
    outer loop
      vertex 14.745000 68.480000 0.000000
      vertex 16.793000 68.480000 0.500000
      vertex 14.745000 68.480000 0.500000
    endloop
  endfacet
  facet normal 0.000000 0.000000 -1.000000
    outer loop
      vertex 14.745000 66.080000 0.000000
      vertex 16.793000 66.080000 0.000000
      vertex 16.793000 68.480000 0.000000
    endloop
  endfacet
  facet normal 0.000000 0.000000 -1.000000
    outer loop
      vertex 14.745000 66.080000 0.000000
      vertex 16.793000 68.480000 0.000000
      vertex 14.745000 68.480000 0.000000
    endloop
  endfacet
  facet normal 0.000000 -1.000000 0.000000
    outer loop
      vertex 14.745000 66.080000 0.500000
      vertex 14.745000 66.080000 9.000000
      vertex 16.793000 66.080000 9.000000
    endloop
  endfacet
  facet normal 0.000000 -1.000000 0.000000
    outer loop
      vertex 14.745000 66.080000 0.500000
      vertex 16.793000 66.080000 9.000000
      vertex 16.793000 66.080000 0.500000
    endloop
  endfacet
  facet normal 0.000000 1.000000 0.000000
    outer loop
      vertex 14.745000 68.480000 0.500000
      vertex 16.793000 68.480000 0.500000
      vertex 16.793000 68.480000 9.000000
    endloop
  endfacet
  facet normal 0.000000 1.000000 0.000000
    outer loop
      vertex 14.745000 68.480000 0.500000
      vertex 16.793000 68.480000 9.000000
      vertex 14.745000 68.480000 9.000000
    endloop
  endfacet
  facet normal 0.000000 -1.000000 0.000000
    outer loop
      vertex 14.745000 66.080000 9.000000
      vertex 14.745000 66.080000 10.000000
      vertex 16.793000 66.080000 10.000000
    endloop
  endfacet
  facet normal 0.000000 -1.000000 0.000000
    outer loop
      vertex 14.745000 66.080000 9.000000
      vertex 16.793000 66.080000 10.000000
      vertex 16.793000 66.080000 9.000000
    endloop
  endfacet
  facet normal 0.000000 1.000000 0.000000
    outer loop
      vertex 14.745000 68.480000 9.000000
      vertex 16.793000 68.480000 9.000000
      vertex 16.793000 68.480000 10.000000
    endloop
  endfacet
  facet normal 0.000000 1.000000 0.000000
    outer loop
      vertex 14.745000 68.480000 9.000000
      vertex 16.793000 68.480000 10.000000
      vertex 14.745000 68.480000 10.000000
    endloop
  endfacet
  facet normal 0.000000 -1.000000 0.000000
    outer loop
      vertex 14.745000 66.080000 10.000000
      vertex 14.745000 66.080000 10.200000
      vertex 16.793000 66.080000 10.200000
    endloop
  endfacet
  facet normal 0.000000 -1.000000 0.000000
    outer loop
      vertex 14.745000 66.080000 10.000000
      vertex 16.793000 66.080000 10.200000
      vertex 16.793000 66.080000 10.000000
    endloop
  endfacet
  facet normal 0.000000 1.000000 0.000000
    outer loop
      vertex 14.745000 68.480000 10.000000
      vertex 16.793000 68.480000 10.000000
      vertex 16.793000 68.480000 10.200000
    endloop
  endfacet
  facet normal 0.000000 1.000000 0.000000
    outer loop
      vertex 14.745000 68.480000 10.000000
      vertex 16.793000 68.480000 10.200000
      vertex 14.745000 68.480000 10.200000
    endloop
  endfacet
  facet normal 0.000000 -1.000000 0.000000
    outer loop
      vertex 14.745000 66.080000 10.200000
      vertex 14.745000 66.080000 25.500000
      vertex 16.793000 66.080000 25.500000
    endloop
  endfacet
  facet normal 0.000000 -1.000000 0.000000
    outer loop
      vertex 14.745000 66.080000 10.200000
      vertex 16.793000 66.080000 25.500000
      vertex 16.793000 66.080000 10.200000
    endloop
  endfacet
  facet normal 0.000000 1.000000 0.000000
    outer loop
      vertex 14.745000 68.480000 10.200000
      vertex 16.793000 68.480000 10.200000
      vertex 16.793000 68.480000 25.500000
    endloop
  endfacet
  facet normal 0.000000 1.000000 0.000000
    outer loop
      vertex 14.745000 68.480000 10.200000
      vertex 16.793000 68.480000 25.500000
      vertex 14.745000 68.480000 25.500000
    endloop
  endfacet
  facet normal 0.000000 -1.000000 0.000000
    outer loop
      vertex 14.745000 66.080000 25.500000
      vertex 14.745000 66.080000 25.600000
      vertex 16.793000 66.080000 25.600000
    endloop
  endfacet
  facet normal 0.000000 -1.000000 0.000000
    outer loop
      vertex 14.745000 66.080000 25.500000
      vertex 16.793000 66.080000 25.600000
      vertex 16.793000 66.080000 25.500000
    endloop
  endfacet
  facet normal 0.000000 1.000000 0.000000
    outer loop
      vertex 14.745000 68.480000 25.500000
      vertex 16.793000 68.480000 25.500000
      vertex 16.793000 68.480000 25.600000
    endloop
  endfacet
  facet normal 0.000000 1.000000 0.000000
    outer loop
      vertex 14.745000 68.480000 25.500000
      vertex 16.793000 68.480000 25.600000
      vertex 14.745000 68.480000 25.600000
    endloop
  endfacet
  facet normal 0.000000 1.000000 0.000000
    outer loop
      vertex 14.745000 68.480000 25.600000
      vertex 16.793000 68.480000 25.600000
      vertex 16.793000 68.480000 28.000000
    endloop
  endfacet
  facet normal 0.000000 1.000000 0.000000
    outer loop
      vertex 14.745000 68.480000 25.600000
      vertex 16.793000 68.480000 28.000000
      vertex 14.745000 68.480000 28.000000
    endloop
  endfacet
  facet normal 0.000000 0.000000 1.000000
    outer loop
      vertex 14.745000 66.080000 28.000000
      vertex 14.745000 68.480000 28.000000
      vertex 16.793000 68.480000 28.000000
    endloop
  endfacet
  facet normal 0.000000 0.000000 1.000000
    outer loop
      vertex 14.745000 66.080000 28.000000
      vertex 16.793000 68.480000 28.000000
      vertex 16.793000 66.080000 28.000000
    endloop
  endfacet
  facet normal 0.000000 -1.000000 0.000000
    outer loop
      vertex 16.793000 0.000000 0.000000
      vertex 16.793000 0.000000 0.500000
      vertex 19.124000 0.000000 0.500000
    endloop
  endfacet
  facet normal 0.000000 -1.000000 0.000000
    outer loop
      vertex 16.793000 0.000000 0.000000
      vertex 19.124000 0.000000 0.500000
      vertex 19.124000 0.000000 0.000000
    endloop
  endfacet
  facet normal 0.000000 1.000000 0.000000
    outer loop
      vertex 16.793000 2.400000 0.000000
      vertex 19.124000 2.400000 0.000000
      vertex 19.124000 2.400000 0.500000
    endloop
  endfacet
  facet normal 0.000000 1.000000 0.000000
    outer loop
      vertex 16.793000 2.400000 0.000000
      vertex 19.124000 2.400000 0.500000
      vertex 16.793000 2.400000 0.500000
    endloop
  endfacet
  facet normal 0.000000 0.000000 -1.000000
    outer loop
      vertex 16.793000 0.000000 0.000000
      vertex 19.124000 0.000000 0.000000
      vertex 19.124000 2.400000 0.000000
    endloop
  endfacet
  facet normal 0.000000 0.000000 -1.000000
    outer loop
      vertex 16.793000 0.000000 0.000000
      vertex 19.124000 2.400000 0.000000
      vertex 16.793000 2.400000 0.000000
    endloop
  endfacet
  facet normal 0.000000 -1.000000 0.000000
    outer loop
      vertex 16.793000 0.000000 0.500000
      vertex 16.793000 0.000000 9.000000
      vertex 19.124000 0.000000 9.000000
    endloop
  endfacet
  facet normal 0.000000 -1.000000 0.000000
    outer loop
      vertex 16.793000 0.000000 0.500000
      vertex 19.124000 0.000000 9.000000
      vertex 19.124000 0.000000 0.500000
    endloop
  endfacet
  facet normal 0.000000 1.000000 0.000000
    outer loop
      vertex 16.793000 2.400000 0.500000
      vertex 19.124000 2.400000 0.500000
      vertex 19.124000 2.400000 9.000000
    endloop
  endfacet
  facet normal 0.000000 1.000000 0.000000
    outer loop
      vertex 16.793000 2.400000 0.500000
      vertex 19.124000 2.400000 9.000000
      vertex 16.793000 2.400000 9.000000
    endloop
  endfacet
  facet normal 0.000000 -1.000000 0.000000
    outer loop
      vertex 16.793000 0.000000 9.000000
      vertex 16.793000 0.000000 10.000000
      vertex 19.124000 0.000000 10.000000
    endloop
  endfacet
  facet normal 0.000000 -1.000000 0.000000
    outer loop
      vertex 16.793000 0.000000 9.000000
      vertex 19.124000 0.000000 10.000000
      vertex 19.124000 0.000000 9.000000
    endloop
  endfacet
  facet normal 0.000000 1.000000 0.000000
    outer loop
      vertex 16.793000 2.400000 9.000000
      vertex 19.124000 2.400000 9.000000
      vertex 19.124000 2.400000 10.000000
    endloop
  endfacet
  facet normal 0.000000 1.000000 0.000000
    outer loop
      vertex 16.793000 2.400000 9.000000
      vertex 19.124000 2.400000 10.000000
      vertex 16.793000 2.400000 10.000000
    endloop
  endfacet
  facet normal 0.000000 -1.000000 0.000000
    outer loop
      vertex 16.793000 0.000000 10.000000
      vertex 16.793000 0.000000 10.200000
      vertex 19.124000 0.000000 10.200000
    endloop
  endfacet
  facet normal 0.000000 -1.000000 0.000000
    outer loop
      vertex 16.793000 0.000000 10.000000
      vertex 19.124000 0.000000 10.200000
      vertex 19.124000 0.000000 10.000000
    endloop
  endfacet
  facet normal 0.000000 1.000000 0.000000
    outer loop
      vertex 16.793000 2.400000 10.000000
      vertex 19.124000 2.400000 10.000000
      vertex 19.124000 2.400000 10.200000
    endloop
  endfacet
  facet normal 0.000000 1.000000 0.000000
    outer loop
      vertex 16.793000 2.400000 10.000000
      vertex 19.124000 2.400000 10.200000
      vertex 16.793000 2.400000 10.200000
    endloop
  endfacet
  facet normal 0.000000 -1.000000 0.000000
    outer loop
      vertex 16.793000 0.000000 10.200000
      vertex 16.793000 0.000000 25.500000
      vertex 19.124000 0.000000 25.500000
    endloop
  endfacet
  facet normal 0.000000 -1.000000 0.000000
    outer loop
      vertex 16.793000 0.000000 10.200000
      vertex 19.124000 0.000000 25.500000
      vertex 19.124000 0.000000 10.200000
    endloop
  endfacet
  facet normal 0.000000 1.000000 0.000000
    outer loop
      vertex 16.793000 2.400000 10.200000
      vertex 19.124000 2.400000 10.200000
      vertex 19.124000 2.400000 25.500000
    endloop
  endfacet
  facet normal 0.000000 1.000000 0.000000
    outer loop
      vertex 16.793000 2.400000 10.200000
      vertex 19.124000 2.400000 25.500000
      vertex 16.793000 2.400000 25.500000
    endloop
  endfacet
  facet normal 0.000000 -1.000000 0.000000
    outer loop
      vertex 16.793000 0.000000 25.500000
      vertex 16.793000 0.000000 25.600000
      vertex 19.124000 0.000000 25.600000
    endloop
  endfacet
  facet normal 0.000000 -1.000000 0.000000
    outer loop
      vertex 16.793000 0.000000 25.500000
      vertex 19.124000 0.000000 25.600000
      vertex 19.124000 0.000000 25.500000
    endloop
  endfacet
  facet normal 0.000000 1.000000 0.000000
    outer loop
      vertex 16.793000 2.400000 25.500000
      vertex 19.124000 2.400000 25.500000
      vertex 19.124000 2.400000 25.600000
    endloop
  endfacet
  facet normal 0.000000 1.000000 0.000000
    outer loop
      vertex 16.793000 2.400000 25.500000
      vertex 19.124000 2.400000 25.600000
      vertex 16.793000 2.400000 25.600000
    endloop
  endfacet
  facet normal 0.000000 -1.000000 0.000000
    outer loop
      vertex 16.793000 0.000000 25.600000
      vertex 16.793000 0.000000 28.000000
      vertex 19.124000 0.000000 28.000000
    endloop
  endfacet
  facet normal 0.000000 -1.000000 0.000000
    outer loop
      vertex 16.793000 0.000000 25.600000
      vertex 19.124000 0.000000 28.000000
      vertex 19.124000 0.000000 25.600000
    endloop
  endfacet
  facet normal 0.000000 0.000000 1.000000
    outer loop
      vertex 16.793000 0.000000 28.000000
      vertex 16.793000 2.400000 28.000000
      vertex 19.124000 2.400000 28.000000
    endloop
  endfacet
  facet normal 0.000000 0.000000 1.000000
    outer loop
      vertex 16.793000 0.000000 28.000000
      vertex 19.124000 2.400000 28.000000
      vertex 19.124000 0.000000 28.000000
    endloop
  endfacet
  facet normal 0.000000 0.000000 -1.000000
    outer loop
      vertex 16.793000 2.400000 25.600000
      vertex 19.124000 2.400000 25.600000
      vertex 19.124000 4.000000 25.600000
    endloop
  endfacet
  facet normal 0.000000 0.000000 -1.000000
    outer loop
      vertex 16.793000 2.400000 25.600000
      vertex 19.124000 4.000000 25.600000
      vertex 16.793000 4.000000 25.600000
    endloop
  endfacet
  facet normal 0.000000 0.000000 1.000000
    outer loop
      vertex 16.793000 2.400000 28.000000
      vertex 16.793000 4.000000 28.000000
      vertex 19.124000 4.000000 28.000000
    endloop
  endfacet
  facet normal 0.000000 0.000000 1.000000
    outer loop
      vertex 16.793000 2.400000 28.000000
      vertex 19.124000 4.000000 28.000000
      vertex 19.124000 2.400000 28.000000
    endloop
  endfacet
  facet normal 0.000000 1.000000 0.000000
    outer loop
      vertex 16.793000 13.282000 25.600000
      vertex 19.124000 13.282000 25.600000
      vertex 19.124000 13.282000 28.000000
    endloop
  endfacet
  facet normal 0.000000 1.000000 0.000000
    outer loop
      vertex 16.793000 13.282000 25.600000
      vertex 19.124000 13.282000 28.000000
      vertex 16.793000 13.282000 28.000000
    endloop
  endfacet
  facet normal 0.000000 0.000000 -1.000000
    outer loop
      vertex 16.793000 4.000000 25.600000
      vertex 19.124000 4.000000 25.600000
      vertex 19.124000 13.282000 25.600000
    endloop
  endfacet
  facet normal 0.000000 0.000000 -1.000000
    outer loop
      vertex 16.793000 4.000000 25.600000
      vertex 19.124000 13.282000 25.600000
      vertex 16.793000 13.282000 25.600000
    endloop
  endfacet
  facet normal 0.000000 0.000000 1.000000
    outer loop
      vertex 16.793000 4.000000 28.000000
      vertex 16.793000 13.282000 28.000000
      vertex 19.124000 13.282000 28.000000
    endloop
  endfacet
  facet normal 0.000000 0.000000 1.000000
    outer loop
      vertex 16.793000 4.000000 28.000000
      vertex 19.124000 13.282000 28.000000
      vertex 19.124000 4.000000 28.000000
    endloop
  endfacet
  facet normal 0.000000 -1.000000 0.000000
    outer loop
      vertex 16.793000 22.889000 25.600000
      vertex 16.793000 22.889000 28.000000
      vertex 19.124000 22.889000 28.000000
    endloop
  endfacet
  facet normal 0.000000 -1.000000 0.000000
    outer loop
      vertex 16.793000 22.889000 25.600000
      vertex 19.124000 22.889000 28.000000
      vertex 19.124000 22.889000 25.600000
    endloop
  endfacet
  facet normal 0.000000 0.000000 -1.000000
    outer loop
      vertex 16.793000 22.889000 25.600000
      vertex 19.124000 22.889000 25.600000
      vertex 19.124000 24.125000 25.600000
    endloop
  endfacet
  facet normal 0.000000 0.000000 -1.000000
    outer loop
      vertex 16.793000 22.889000 25.600000
      vertex 19.124000 24.125000 25.600000
      vertex 16.793000 24.125000 25.600000
    endloop
  endfacet
  facet normal 0.000000 0.000000 1.000000
    outer loop
      vertex 16.793000 22.889000 28.000000
      vertex 16.793000 24.125000 28.000000
      vertex 19.124000 24.125000 28.000000
    endloop
  endfacet
  facet normal 0.000000 0.000000 1.000000
    outer loop
      vertex 16.793000 22.889000 28.000000
      vertex 19.124000 24.125000 28.000000
      vertex 19.124000 22.889000 28.000000
    endloop
  endfacet
  facet normal 0.000000 0.000000 -1.000000
    outer loop
      vertex 16.793000 24.125000 25.600000
      vertex 19.124000 24.125000 25.600000
      vertex 19.124000 33.833000 25.600000
    endloop
  endfacet
  facet normal 0.000000 0.000000 -1.000000
    outer loop
      vertex 16.793000 24.125000 25.600000
      vertex 19.124000 33.833000 25.600000
      vertex 16.793000 33.833000 25.600000
    endloop
  endfacet
  facet normal 0.000000 0.000000 1.000000
    outer loop
      vertex 16.793000 24.125000 28.000000
      vertex 16.793000 33.833000 28.000000
      vertex 19.124000 33.833000 28.000000
    endloop
  endfacet
  facet normal 0.000000 0.000000 1.000000
    outer loop
      vertex 16.793000 24.125000 28.000000
      vertex 19.124000 33.833000 28.000000
      vertex 19.124000 24.125000 28.000000
    endloop
  endfacet
  facet normal 0.000000 0.000000 -1.000000
    outer loop
      vertex 16.793000 33.833000 25.600000
      vertex 19.124000 33.833000 25.600000
      vertex 19.124000 33.923000 25.600000
    endloop
  endfacet
  facet normal 0.000000 0.000000 -1.000000
    outer loop
      vertex 16.793000 33.833000 25.600000
      vertex 19.124000 33.923000 25.600000
      vertex 16.793000 33.923000 25.600000
    endloop
  endfacet
  facet normal 0.000000 0.000000 1.000000
    outer loop
      vertex 16.793000 33.833000 28.000000
      vertex 16.793000 33.923000 28.000000
      vertex 19.124000 33.923000 28.000000
    endloop
  endfacet
  facet normal 0.000000 0.000000 1.000000
    outer loop
      vertex 16.793000 33.833000 28.000000
      vertex 19.124000 33.923000 28.000000
      vertex 19.124000 33.833000 28.000000
    endloop
  endfacet
  facet normal -1.000000 0.000000 0.000000
    outer loop
      vertex 16.793000 33.923000 25.600000
      vertex 16.793000 36.125000 25.600000
      vertex 16.793000 36.125000 28.000000
    endloop
  endfacet
  facet normal -1.000000 0.000000 0.000000
    outer loop
      vertex 16.793000 33.923000 25.600000
      vertex 16.793000 36.125000 28.000000
      vertex 16.793000 33.923000 28.000000
    endloop
  endfacet
  facet normal 1.000000 0.000000 0.000000
    outer loop
      vertex 19.124000 33.923000 25.600000
      vertex 19.124000 33.923000 28.000000
      vertex 19.124000 36.125000 28.000000
    endloop
  endfacet
  facet normal 1.000000 0.000000 0.000000
    outer loop
      vertex 19.124000 33.923000 25.600000
      vertex 19.124000 36.125000 28.000000
      vertex 19.124000 36.125000 25.600000
    endloop
  endfacet
  facet normal 0.000000 0.000000 -1.000000
    outer loop
      vertex 16.793000 33.923000 25.600000
      vertex 19.124000 33.923000 25.600000
      vertex 19.124000 36.125000 25.600000
    endloop
  endfacet
  facet normal 0.000000 0.000000 -1.000000
    outer loop
      vertex 16.793000 33.923000 25.600000
      vertex 19.124000 36.125000 25.600000
      vertex 16.793000 36.125000 25.600000
    endloop
  endfacet
  facet normal 0.000000 0.000000 1.000000
    outer loop
      vertex 16.793000 33.923000 28.000000
      vertex 16.793000 36.125000 28.000000
      vertex 19.124000 36.125000 28.000000
    endloop
  endfacet
  facet normal 0.000000 0.000000 1.000000
    outer loop
      vertex 16.793000 33.923000 28.000000
      vertex 19.124000 36.125000 28.000000
      vertex 19.124000 33.923000 28.000000
    endloop
  endfacet
  facet normal -1.000000 0.000000 0.000000
    outer loop
      vertex 16.793000 36.125000 25.600000
      vertex 16.793000 42.105000 25.600000
      vertex 16.793000 42.105000 28.000000
    endloop
  endfacet
  facet normal -1.000000 0.000000 0.000000
    outer loop
      vertex 16.793000 36.125000 25.600000
      vertex 16.793000 42.105000 28.000000
      vertex 16.793000 36.125000 28.000000
    endloop
  endfacet
  facet normal 1.000000 0.000000 0.000000
    outer loop
      vertex 19.124000 36.125000 25.600000
      vertex 19.124000 36.125000 28.000000
      vertex 19.124000 42.105000 28.000000
    endloop
  endfacet
  facet normal 1.000000 0.000000 0.000000
    outer loop
      vertex 19.124000 36.125000 25.600000
      vertex 19.124000 42.105000 28.000000
      vertex 19.124000 42.105000 25.600000
    endloop
  endfacet
  facet normal 0.000000 0.000000 -1.000000
    outer loop
      vertex 16.793000 36.125000 25.600000
      vertex 19.124000 36.125000 25.600000
      vertex 19.124000 42.105000 25.600000
    endloop
  endfacet
  facet normal 0.000000 0.000000 -1.000000
    outer loop
      vertex 16.793000 36.125000 25.600000
      vertex 19.124000 42.105000 25.600000
      vertex 16.793000 42.105000 25.600000
    endloop
  endfacet
  facet normal 0.000000 0.000000 1.000000
    outer loop
      vertex 16.793000 36.125000 28.000000
      vertex 16.793000 42.105000 28.000000
      vertex 19.124000 42.105000 28.000000
    endloop
  endfacet
  facet normal 0.000000 0.000000 1.000000
    outer loop
      vertex 16.793000 36.125000 28.000000
      vertex 19.124000 42.105000 28.000000
      vertex 19.124000 36.125000 28.000000
    endloop
  endfacet
  facet normal -1.000000 0.000000 0.000000
    outer loop
      vertex 16.793000 42.105000 25.600000
      vertex 16.793000 43.151000 25.600000
      vertex 16.793000 43.151000 28.000000
    endloop
  endfacet
  facet normal -1.000000 0.000000 0.000000
    outer loop
      vertex 16.793000 42.105000 25.600000
      vertex 16.793000 43.151000 28.000000
      vertex 16.793000 42.105000 28.000000
    endloop
  endfacet
  facet normal 1.000000 0.000000 0.000000
    outer loop
      vertex 19.124000 42.105000 25.600000
      vertex 19.124000 42.105000 28.000000
      vertex 19.124000 43.151000 28.000000
    endloop
  endfacet
  facet normal 1.000000 0.000000 0.000000
    outer loop
      vertex 19.124000 42.105000 25.600000
      vertex 19.124000 43.151000 28.000000
      vertex 19.124000 43.151000 25.600000
    endloop
  endfacet
  facet normal 0.000000 0.000000 -1.000000
    outer loop
      vertex 16.793000 42.105000 25.600000
      vertex 19.124000 42.105000 25.600000
      vertex 19.124000 43.151000 25.600000
    endloop
  endfacet
  facet normal 0.000000 0.000000 -1.000000
    outer loop
      vertex 16.793000 42.105000 25.600000
      vertex 19.124000 43.151000 25.600000
      vertex 16.793000 43.151000 25.600000
    endloop
  endfacet
  facet normal 0.000000 0.000000 1.000000
    outer loop
      vertex 16.793000 42.105000 28.000000
      vertex 16.793000 43.151000 28.000000
      vertex 19.124000 43.151000 28.000000
    endloop
  endfacet
  facet normal 0.000000 0.000000 1.000000
    outer loop
      vertex 16.793000 42.105000 28.000000
      vertex 19.124000 43.151000 28.000000
      vertex 19.124000 42.105000 28.000000
    endloop
  endfacet
  facet normal -1.000000 0.000000 0.000000
    outer loop
      vertex 16.793000 43.151000 25.600000
      vertex 16.793000 43.244000 25.600000
      vertex 16.793000 43.244000 28.000000
    endloop
  endfacet
  facet normal -1.000000 0.000000 0.000000
    outer loop
      vertex 16.793000 43.151000 25.600000
      vertex 16.793000 43.244000 28.000000
      vertex 16.793000 43.151000 28.000000
    endloop
  endfacet
  facet normal 1.000000 0.000000 0.000000
    outer loop
      vertex 19.124000 43.151000 25.600000
      vertex 19.124000 43.151000 28.000000
      vertex 19.124000 43.244000 28.000000
    endloop
  endfacet
  facet normal 1.000000 0.000000 0.000000
    outer loop
      vertex 19.124000 43.151000 25.600000
      vertex 19.124000 43.244000 28.000000
      vertex 19.124000 43.244000 25.600000
    endloop
  endfacet
  facet normal 0.000000 0.000000 -1.000000
    outer loop
      vertex 16.793000 43.151000 25.600000
      vertex 19.124000 43.151000 25.600000
      vertex 19.124000 43.244000 25.600000
    endloop
  endfacet
  facet normal 0.000000 0.000000 -1.000000
    outer loop
      vertex 16.793000 43.151000 25.600000
      vertex 19.124000 43.244000 25.600000
      vertex 16.793000 43.244000 25.600000
    endloop
  endfacet
  facet normal 0.000000 0.000000 1.000000
    outer loop
      vertex 16.793000 43.151000 28.000000
      vertex 16.793000 43.244000 28.000000
      vertex 19.124000 43.244000 28.000000
    endloop
  endfacet
  facet normal 0.000000 0.000000 1.000000
    outer loop
      vertex 16.793000 43.151000 28.000000
      vertex 19.124000 43.244000 28.000000
      vertex 19.124000 43.151000 28.000000
    endloop
  endfacet
  facet normal 0.000000 0.000000 -1.000000
    outer loop
      vertex 16.793000 43.244000 25.600000
      vertex 19.124000 43.244000 25.600000
      vertex 19.124000 54.437000 25.600000
    endloop
  endfacet
  facet normal 0.000000 0.000000 -1.000000
    outer loop
      vertex 16.793000 43.244000 25.600000
      vertex 19.124000 54.437000 25.600000
      vertex 16.793000 54.437000 25.600000
    endloop
  endfacet
  facet normal 0.000000 0.000000 1.000000
    outer loop
      vertex 16.793000 43.244000 28.000000
      vertex 16.793000 54.437000 28.000000
      vertex 19.124000 54.437000 28.000000
    endloop
  endfacet
  facet normal 0.000000 0.000000 1.000000
    outer loop
      vertex 16.793000 43.244000 28.000000
      vertex 19.124000 54.437000 28.000000
      vertex 19.124000 43.244000 28.000000
    endloop
  endfacet
  facet normal 0.000000 0.000000 -1.000000
    outer loop
      vertex 16.793000 54.437000 25.600000
      vertex 19.124000 54.437000 25.600000
      vertex 19.124000 61.935000 25.600000
    endloop
  endfacet
  facet normal 0.000000 0.000000 -1.000000
    outer loop
      vertex 16.793000 54.437000 25.600000
      vertex 19.124000 61.935000 25.600000
      vertex 16.793000 61.935000 25.600000
    endloop
  endfacet
  facet normal 0.000000 0.000000 1.000000
    outer loop
      vertex 16.793000 54.437000 28.000000
      vertex 16.793000 61.935000 28.000000
      vertex 19.124000 61.935000 28.000000
    endloop
  endfacet
  facet normal 0.000000 0.000000 1.000000
    outer loop
      vertex 16.793000 54.437000 28.000000
      vertex 19.124000 61.935000 28.000000
      vertex 19.124000 54.437000 28.000000
    endloop
  endfacet
  facet normal 0.000000 0.000000 -1.000000
    outer loop
      vertex 16.793000 61.935000 25.600000
      vertex 19.124000 61.935000 25.600000
      vertex 19.124000 64.480000 25.600000
    endloop
  endfacet
  facet normal 0.000000 0.000000 -1.000000
    outer loop
      vertex 16.793000 61.935000 25.600000
      vertex 19.124000 64.480000 25.600000
      vertex 16.793000 64.480000 25.600000
    endloop
  endfacet
  facet normal 0.000000 0.000000 1.000000
    outer loop
      vertex 16.793000 61.935000 28.000000
      vertex 16.793000 64.480000 28.000000
      vertex 19.124000 64.480000 28.000000
    endloop
  endfacet
  facet normal 0.000000 0.000000 1.000000
    outer loop
      vertex 16.793000 61.935000 28.000000
      vertex 19.124000 64.480000 28.000000
      vertex 19.124000 61.935000 28.000000
    endloop
  endfacet
  facet normal 0.000000 0.000000 -1.000000
    outer loop
      vertex 16.793000 64.480000 25.600000
      vertex 19.124000 64.480000 25.600000
      vertex 19.124000 66.080000 25.600000
    endloop
  endfacet
  facet normal 0.000000 0.000000 -1.000000
    outer loop
      vertex 16.793000 64.480000 25.600000
      vertex 19.124000 66.080000 25.600000
      vertex 16.793000 66.080000 25.600000
    endloop
  endfacet
  facet normal 0.000000 0.000000 1.000000
    outer loop
      vertex 16.793000 64.480000 28.000000
      vertex 16.793000 66.080000 28.000000
      vertex 19.124000 66.080000 28.000000
    endloop
  endfacet
  facet normal 0.000000 0.000000 1.000000
    outer loop
      vertex 16.793000 64.480000 28.000000
      vertex 19.124000 66.080000 28.000000
      vertex 19.124000 64.480000 28.000000
    endloop
  endfacet
  facet normal 0.000000 -1.000000 0.000000
    outer loop
      vertex 16.793000 66.080000 0.000000
      vertex 16.793000 66.080000 0.500000
      vertex 19.124000 66.080000 0.500000
    endloop
  endfacet
  facet normal 0.000000 -1.000000 0.000000
    outer loop
      vertex 16.793000 66.080000 0.000000
      vertex 19.124000 66.080000 0.500000
      vertex 19.124000 66.080000 0.000000
    endloop
  endfacet
  facet normal 0.000000 1.000000 0.000000
    outer loop
      vertex 16.793000 68.480000 0.000000
      vertex 19.124000 68.480000 0.000000
      vertex 19.124000 68.480000 0.500000
    endloop
  endfacet
  facet normal 0.000000 1.000000 0.000000
    outer loop
      vertex 16.793000 68.480000 0.000000
      vertex 19.124000 68.480000 0.500000
      vertex 16.793000 68.480000 0.500000
    endloop
  endfacet
  facet normal 0.000000 0.000000 -1.000000
    outer loop
      vertex 16.793000 66.080000 0.000000
      vertex 19.124000 66.080000 0.000000
      vertex 19.124000 68.480000 0.000000
    endloop
  endfacet
  facet normal 0.000000 0.000000 -1.000000
    outer loop
      vertex 16.793000 66.080000 0.000000
      vertex 19.124000 68.480000 0.000000
      vertex 16.793000 68.480000 0.000000
    endloop
  endfacet
  facet normal 0.000000 -1.000000 0.000000
    outer loop
      vertex 16.793000 66.080000 0.500000
      vertex 16.793000 66.080000 9.000000
      vertex 19.124000 66.080000 9.000000
    endloop
  endfacet
  facet normal 0.000000 -1.000000 0.000000
    outer loop
      vertex 16.793000 66.080000 0.500000
      vertex 19.124000 66.080000 9.000000
      vertex 19.124000 66.080000 0.500000
    endloop
  endfacet
  facet normal 0.000000 1.000000 0.000000
    outer loop
      vertex 16.793000 68.480000 0.500000
      vertex 19.124000 68.480000 0.500000
      vertex 19.124000 68.480000 9.000000
    endloop
  endfacet
  facet normal 0.000000 1.000000 0.000000
    outer loop
      vertex 16.793000 68.480000 0.500000
      vertex 19.124000 68.480000 9.000000
      vertex 16.793000 68.480000 9.000000
    endloop
  endfacet
  facet normal 0.000000 -1.000000 0.000000
    outer loop
      vertex 16.793000 66.080000 9.000000
      vertex 16.793000 66.080000 10.000000
      vertex 19.124000 66.080000 10.000000
    endloop
  endfacet
  facet normal 0.000000 -1.000000 0.000000
    outer loop
      vertex 16.793000 66.080000 9.000000
      vertex 19.124000 66.080000 10.000000
      vertex 19.124000 66.080000 9.000000
    endloop
  endfacet
  facet normal 0.000000 1.000000 0.000000
    outer loop
      vertex 16.793000 68.480000 9.000000
      vertex 19.124000 68.480000 9.000000
      vertex 19.124000 68.480000 10.000000
    endloop
  endfacet
  facet normal 0.000000 1.000000 0.000000
    outer loop
      vertex 16.793000 68.480000 9.000000
      vertex 19.124000 68.480000 10.000000
      vertex 16.793000 68.480000 10.000000
    endloop
  endfacet
  facet normal 0.000000 -1.000000 0.000000
    outer loop
      vertex 16.793000 66.080000 10.000000
      vertex 16.793000 66.080000 10.200000
      vertex 19.124000 66.080000 10.200000
    endloop
  endfacet
  facet normal 0.000000 -1.000000 0.000000
    outer loop
      vertex 16.793000 66.080000 10.000000
      vertex 19.124000 66.080000 10.200000
      vertex 19.124000 66.080000 10.000000
    endloop
  endfacet
  facet normal 0.000000 1.000000 0.000000
    outer loop
      vertex 16.793000 68.480000 10.000000
      vertex 19.124000 68.480000 10.000000
      vertex 19.124000 68.480000 10.200000
    endloop
  endfacet
  facet normal 0.000000 1.000000 0.000000
    outer loop
      vertex 16.793000 68.480000 10.000000
      vertex 19.124000 68.480000 10.200000
      vertex 16.793000 68.480000 10.200000
    endloop
  endfacet
  facet normal 0.000000 -1.000000 0.000000
    outer loop
      vertex 16.793000 66.080000 10.200000
      vertex 16.793000 66.080000 25.500000
      vertex 19.124000 66.080000 25.500000
    endloop
  endfacet
  facet normal 0.000000 -1.000000 0.000000
    outer loop
      vertex 16.793000 66.080000 10.200000
      vertex 19.124000 66.080000 25.500000
      vertex 19.124000 66.080000 10.200000
    endloop
  endfacet
  facet normal 0.000000 1.000000 0.000000
    outer loop
      vertex 16.793000 68.480000 10.200000
      vertex 19.124000 68.480000 10.200000
      vertex 19.124000 68.480000 25.500000
    endloop
  endfacet
  facet normal 0.000000 1.000000 0.000000
    outer loop
      vertex 16.793000 68.480000 10.200000
      vertex 19.124000 68.480000 25.500000
      vertex 16.793000 68.480000 25.500000
    endloop
  endfacet
  facet normal 0.000000 -1.000000 0.000000
    outer loop
      vertex 16.793000 66.080000 25.500000
      vertex 16.793000 66.080000 25.600000
      vertex 19.124000 66.080000 25.600000
    endloop
  endfacet
  facet normal 0.000000 -1.000000 0.000000
    outer loop
      vertex 16.793000 66.080000 25.500000
      vertex 19.124000 66.080000 25.600000
      vertex 19.124000 66.080000 25.500000
    endloop
  endfacet
  facet normal 0.000000 1.000000 0.000000
    outer loop
      vertex 16.793000 68.480000 25.500000
      vertex 19.124000 68.480000 25.500000
      vertex 19.124000 68.480000 25.600000
    endloop
  endfacet
  facet normal 0.000000 1.000000 0.000000
    outer loop
      vertex 16.793000 68.480000 25.500000
      vertex 19.124000 68.480000 25.600000
      vertex 16.793000 68.480000 25.600000
    endloop
  endfacet
  facet normal 0.000000 1.000000 0.000000
    outer loop
      vertex 16.793000 68.480000 25.600000
      vertex 19.124000 68.480000 25.600000
      vertex 19.124000 68.480000 28.000000
    endloop
  endfacet
  facet normal 0.000000 1.000000 0.000000
    outer loop
      vertex 16.793000 68.480000 25.600000
      vertex 19.124000 68.480000 28.000000
      vertex 16.793000 68.480000 28.000000
    endloop
  endfacet
  facet normal 0.000000 0.000000 1.000000
    outer loop
      vertex 16.793000 66.080000 28.000000
      vertex 16.793000 68.480000 28.000000
      vertex 19.124000 68.480000 28.000000
    endloop
  endfacet
  facet normal 0.000000 0.000000 1.000000
    outer loop
      vertex 16.793000 66.080000 28.000000
      vertex 19.124000 68.480000 28.000000
      vertex 19.124000 66.080000 28.000000
    endloop
  endfacet
  facet normal 0.000000 -1.000000 0.000000
    outer loop
      vertex 19.124000 0.000000 0.000000
      vertex 19.124000 0.000000 0.500000
      vertex 21.326000 0.000000 0.500000
    endloop
  endfacet
  facet normal 0.000000 -1.000000 0.000000
    outer loop
      vertex 19.124000 0.000000 0.000000
      vertex 21.326000 0.000000 0.500000
      vertex 21.326000 0.000000 0.000000
    endloop
  endfacet
  facet normal 0.000000 1.000000 0.000000
    outer loop
      vertex 19.124000 2.400000 0.000000
      vertex 21.326000 2.400000 0.000000
      vertex 21.326000 2.400000 0.500000
    endloop
  endfacet
  facet normal 0.000000 1.000000 0.000000
    outer loop
      vertex 19.124000 2.400000 0.000000
      vertex 21.326000 2.400000 0.500000
      vertex 19.124000 2.400000 0.500000
    endloop
  endfacet
  facet normal 0.000000 0.000000 -1.000000
    outer loop
      vertex 19.124000 0.000000 0.000000
      vertex 21.326000 0.000000 0.000000
      vertex 21.326000 2.400000 0.000000
    endloop
  endfacet
  facet normal 0.000000 0.000000 -1.000000
    outer loop
      vertex 19.124000 0.000000 0.000000
      vertex 21.326000 2.400000 0.000000
      vertex 19.124000 2.400000 0.000000
    endloop
  endfacet
  facet normal 0.000000 -1.000000 0.000000
    outer loop
      vertex 19.124000 0.000000 0.500000
      vertex 19.124000 0.000000 9.000000
      vertex 21.326000 0.000000 9.000000
    endloop
  endfacet
  facet normal 0.000000 -1.000000 0.000000
    outer loop
      vertex 19.124000 0.000000 0.500000
      vertex 21.326000 0.000000 9.000000
      vertex 21.326000 0.000000 0.500000
    endloop
  endfacet
  facet normal 0.000000 1.000000 0.000000
    outer loop
      vertex 19.124000 2.400000 0.500000
      vertex 21.326000 2.400000 0.500000
      vertex 21.326000 2.400000 9.000000
    endloop
  endfacet
  facet normal 0.000000 1.000000 0.000000
    outer loop
      vertex 19.124000 2.400000 0.500000
      vertex 21.326000 2.400000 9.000000
      vertex 19.124000 2.400000 9.000000
    endloop
  endfacet
  facet normal 0.000000 -1.000000 0.000000
    outer loop
      vertex 19.124000 0.000000 9.000000
      vertex 19.124000 0.000000 10.000000
      vertex 21.326000 0.000000 10.000000
    endloop
  endfacet
  facet normal 0.000000 -1.000000 0.000000
    outer loop
      vertex 19.124000 0.000000 9.000000
      vertex 21.326000 0.000000 10.000000
      vertex 21.326000 0.000000 9.000000
    endloop
  endfacet
  facet normal 0.000000 1.000000 0.000000
    outer loop
      vertex 19.124000 2.400000 9.000000
      vertex 21.326000 2.400000 9.000000
      vertex 21.326000 2.400000 10.000000
    endloop
  endfacet
  facet normal 0.000000 1.000000 0.000000
    outer loop
      vertex 19.124000 2.400000 9.000000
      vertex 21.326000 2.400000 10.000000
      vertex 19.124000 2.400000 10.000000
    endloop
  endfacet
  facet normal 0.000000 -1.000000 0.000000
    outer loop
      vertex 19.124000 0.000000 10.000000
      vertex 19.124000 0.000000 10.200000
      vertex 21.326000 0.000000 10.200000
    endloop
  endfacet
  facet normal 0.000000 -1.000000 0.000000
    outer loop
      vertex 19.124000 0.000000 10.000000
      vertex 21.326000 0.000000 10.200000
      vertex 21.326000 0.000000 10.000000
    endloop
  endfacet
  facet normal 0.000000 1.000000 0.000000
    outer loop
      vertex 19.124000 2.400000 10.000000
      vertex 21.326000 2.400000 10.000000
      vertex 21.326000 2.400000 10.200000
    endloop
  endfacet
  facet normal 0.000000 1.000000 0.000000
    outer loop
      vertex 19.124000 2.400000 10.000000
      vertex 21.326000 2.400000 10.200000
      vertex 19.124000 2.400000 10.200000
    endloop
  endfacet
  facet normal 0.000000 -1.000000 0.000000
    outer loop
      vertex 19.124000 0.000000 10.200000
      vertex 19.124000 0.000000 25.500000
      vertex 21.326000 0.000000 25.500000
    endloop
  endfacet
  facet normal 0.000000 -1.000000 0.000000
    outer loop
      vertex 19.124000 0.000000 10.200000
      vertex 21.326000 0.000000 25.500000
      vertex 21.326000 0.000000 10.200000
    endloop
  endfacet
  facet normal 0.000000 1.000000 0.000000
    outer loop
      vertex 19.124000 2.400000 10.200000
      vertex 21.326000 2.400000 10.200000
      vertex 21.326000 2.400000 25.500000
    endloop
  endfacet
  facet normal 0.000000 1.000000 0.000000
    outer loop
      vertex 19.124000 2.400000 10.200000
      vertex 21.326000 2.400000 25.500000
      vertex 19.124000 2.400000 25.500000
    endloop
  endfacet
  facet normal 0.000000 -1.000000 0.000000
    outer loop
      vertex 19.124000 0.000000 25.500000
      vertex 19.124000 0.000000 25.600000
      vertex 21.326000 0.000000 25.600000
    endloop
  endfacet
  facet normal 0.000000 -1.000000 0.000000
    outer loop
      vertex 19.124000 0.000000 25.500000
      vertex 21.326000 0.000000 25.600000
      vertex 21.326000 0.000000 25.500000
    endloop
  endfacet
  facet normal 0.000000 1.000000 0.000000
    outer loop
      vertex 19.124000 2.400000 25.500000
      vertex 21.326000 2.400000 25.500000
      vertex 21.326000 2.400000 25.600000
    endloop
  endfacet
  facet normal 0.000000 1.000000 0.000000
    outer loop
      vertex 19.124000 2.400000 25.500000
      vertex 21.326000 2.400000 25.600000
      vertex 19.124000 2.400000 25.600000
    endloop
  endfacet
  facet normal 0.000000 -1.000000 0.000000
    outer loop
      vertex 19.124000 0.000000 25.600000
      vertex 19.124000 0.000000 28.000000
      vertex 21.326000 0.000000 28.000000
    endloop
  endfacet
  facet normal 0.000000 -1.000000 0.000000
    outer loop
      vertex 19.124000 0.000000 25.600000
      vertex 21.326000 0.000000 28.000000
      vertex 21.326000 0.000000 25.600000
    endloop
  endfacet
  facet normal 0.000000 0.000000 1.000000
    outer loop
      vertex 19.124000 0.000000 28.000000
      vertex 19.124000 2.400000 28.000000
      vertex 21.326000 2.400000 28.000000
    endloop
  endfacet
  facet normal 0.000000 0.000000 1.000000
    outer loop
      vertex 19.124000 0.000000 28.000000
      vertex 21.326000 2.400000 28.000000
      vertex 21.326000 0.000000 28.000000
    endloop
  endfacet
  facet normal 0.000000 0.000000 -1.000000
    outer loop
      vertex 19.124000 2.400000 25.600000
      vertex 21.326000 2.400000 25.600000
      vertex 21.326000 4.000000 25.600000
    endloop
  endfacet
  facet normal 0.000000 0.000000 -1.000000
    outer loop
      vertex 19.124000 2.400000 25.600000
      vertex 21.326000 4.000000 25.600000
      vertex 19.124000 4.000000 25.600000
    endloop
  endfacet
  facet normal 0.000000 0.000000 1.000000
    outer loop
      vertex 19.124000 2.400000 28.000000
      vertex 19.124000 4.000000 28.000000
      vertex 21.326000 4.000000 28.000000
    endloop
  endfacet
  facet normal 0.000000 0.000000 1.000000
    outer loop
      vertex 19.124000 2.400000 28.000000
      vertex 21.326000 4.000000 28.000000
      vertex 21.326000 2.400000 28.000000
    endloop
  endfacet
  facet normal 0.000000 1.000000 0.000000
    outer loop
      vertex 19.124000 13.282000 25.600000
      vertex 21.326000 13.282000 25.600000
      vertex 21.326000 13.282000 28.000000
    endloop
  endfacet
  facet normal 0.000000 1.000000 0.000000
    outer loop
      vertex 19.124000 13.282000 25.600000
      vertex 21.326000 13.282000 28.000000
      vertex 19.124000 13.282000 28.000000
    endloop
  endfacet
  facet normal 0.000000 0.000000 -1.000000
    outer loop
      vertex 19.124000 4.000000 25.600000
      vertex 21.326000 4.000000 25.600000
      vertex 21.326000 13.282000 25.600000
    endloop
  endfacet
  facet normal 0.000000 0.000000 -1.000000
    outer loop
      vertex 19.124000 4.000000 25.600000
      vertex 21.326000 13.282000 25.600000
      vertex 19.124000 13.282000 25.600000
    endloop
  endfacet
  facet normal 0.000000 0.000000 1.000000
    outer loop
      vertex 19.124000 4.000000 28.000000
      vertex 19.124000 13.282000 28.000000
      vertex 21.326000 13.282000 28.000000
    endloop
  endfacet
  facet normal 0.000000 0.000000 1.000000
    outer loop
      vertex 19.124000 4.000000 28.000000
      vertex 21.326000 13.282000 28.000000
      vertex 21.326000 4.000000 28.000000
    endloop
  endfacet
  facet normal 0.000000 -1.000000 0.000000
    outer loop
      vertex 19.124000 22.889000 25.600000
      vertex 19.124000 22.889000 28.000000
      vertex 21.326000 22.889000 28.000000
    endloop
  endfacet
  facet normal 0.000000 -1.000000 0.000000
    outer loop
      vertex 19.124000 22.889000 25.600000
      vertex 21.326000 22.889000 28.000000
      vertex 21.326000 22.889000 25.600000
    endloop
  endfacet
  facet normal 0.000000 0.000000 -1.000000
    outer loop
      vertex 19.124000 22.889000 25.600000
      vertex 21.326000 22.889000 25.600000
      vertex 21.326000 24.125000 25.600000
    endloop
  endfacet
  facet normal 0.000000 0.000000 -1.000000
    outer loop
      vertex 19.124000 22.889000 25.600000
      vertex 21.326000 24.125000 25.600000
      vertex 19.124000 24.125000 25.600000
    endloop
  endfacet
  facet normal 0.000000 0.000000 1.000000
    outer loop
      vertex 19.124000 22.889000 28.000000
      vertex 19.124000 24.125000 28.000000
      vertex 21.326000 24.125000 28.000000
    endloop
  endfacet
  facet normal 0.000000 0.000000 1.000000
    outer loop
      vertex 19.124000 22.889000 28.000000
      vertex 21.326000 24.125000 28.000000
      vertex 21.326000 22.889000 28.000000
    endloop
  endfacet
  facet normal 0.000000 0.000000 -1.000000
    outer loop
      vertex 19.124000 24.125000 25.600000
      vertex 21.326000 24.125000 25.600000
      vertex 21.326000 33.833000 25.600000
    endloop
  endfacet
  facet normal 0.000000 0.000000 -1.000000
    outer loop
      vertex 19.124000 24.125000 25.600000
      vertex 21.326000 33.833000 25.600000
      vertex 19.124000 33.833000 25.600000
    endloop
  endfacet
  facet normal 0.000000 0.000000 1.000000
    outer loop
      vertex 19.124000 24.125000 28.000000
      vertex 19.124000 33.833000 28.000000
      vertex 21.326000 33.833000 28.000000
    endloop
  endfacet
  facet normal 0.000000 0.000000 1.000000
    outer loop
      vertex 19.124000 24.125000 28.000000
      vertex 21.326000 33.833000 28.000000
      vertex 21.326000 24.125000 28.000000
    endloop
  endfacet
  facet normal 0.000000 1.000000 0.000000
    outer loop
      vertex 19.124000 33.923000 25.600000
      vertex 21.326000 33.923000 25.600000
      vertex 21.326000 33.923000 28.000000
    endloop
  endfacet
  facet normal 0.000000 1.000000 0.000000
    outer loop
      vertex 19.124000 33.923000 25.600000
      vertex 21.326000 33.923000 28.000000
      vertex 19.124000 33.923000 28.000000
    endloop
  endfacet
  facet normal 0.000000 0.000000 -1.000000
    outer loop
      vertex 19.124000 33.833000 25.600000
      vertex 21.326000 33.833000 25.600000
      vertex 21.326000 33.923000 25.600000
    endloop
  endfacet
  facet normal 0.000000 0.000000 -1.000000
    outer loop
      vertex 19.124000 33.833000 25.600000
      vertex 21.326000 33.923000 25.600000
      vertex 19.124000 33.923000 25.600000
    endloop
  endfacet
  facet normal 0.000000 0.000000 1.000000
    outer loop
      vertex 19.124000 33.833000 28.000000
      vertex 19.124000 33.923000 28.000000
      vertex 21.326000 33.923000 28.000000
    endloop
  endfacet
  facet normal 0.000000 0.000000 1.000000
    outer loop
      vertex 19.124000 33.833000 28.000000
      vertex 21.326000 33.923000 28.000000
      vertex 21.326000 33.833000 28.000000
    endloop
  endfacet
  facet normal 0.000000 -1.000000 0.000000
    outer loop
      vertex 19.124000 43.244000 25.600000
      vertex 19.124000 43.244000 28.000000
      vertex 21.326000 43.244000 28.000000
    endloop
  endfacet
  facet normal 0.000000 -1.000000 0.000000
    outer loop
      vertex 19.124000 43.244000 25.600000
      vertex 21.326000 43.244000 28.000000
      vertex 21.326000 43.244000 25.600000
    endloop
  endfacet
  facet normal 0.000000 0.000000 -1.000000
    outer loop
      vertex 19.124000 43.244000 25.600000
      vertex 21.326000 43.244000 25.600000
      vertex 21.326000 54.437000 25.600000
    endloop
  endfacet
  facet normal 0.000000 0.000000 -1.000000
    outer loop
      vertex 19.124000 43.244000 25.600000
      vertex 21.326000 54.437000 25.600000
      vertex 19.124000 54.437000 25.600000
    endloop
  endfacet
  facet normal 0.000000 0.000000 1.000000
    outer loop
      vertex 19.124000 43.244000 28.000000
      vertex 19.124000 54.437000 28.000000
      vertex 21.326000 54.437000 28.000000
    endloop
  endfacet
  facet normal 0.000000 0.000000 1.000000
    outer loop
      vertex 19.124000 43.244000 28.000000
      vertex 21.326000 54.437000 28.000000
      vertex 21.326000 43.244000 28.000000
    endloop
  endfacet
  facet normal 0.000000 0.000000 -1.000000
    outer loop
      vertex 19.124000 54.437000 25.600000
      vertex 21.326000 54.437000 25.600000
      vertex 21.326000 61.935000 25.600000
    endloop
  endfacet
  facet normal 0.000000 0.000000 -1.000000
    outer loop
      vertex 19.124000 54.437000 25.600000
      vertex 21.326000 61.935000 25.600000
      vertex 19.124000 61.935000 25.600000
    endloop
  endfacet
  facet normal 0.000000 0.000000 1.000000
    outer loop
      vertex 19.124000 54.437000 28.000000
      vertex 19.124000 61.935000 28.000000
      vertex 21.326000 61.935000 28.000000
    endloop
  endfacet
  facet normal 0.000000 0.000000 1.000000
    outer loop
      vertex 19.124000 54.437000 28.000000
      vertex 21.326000 61.935000 28.000000
      vertex 21.326000 54.437000 28.000000
    endloop
  endfacet
  facet normal 0.000000 0.000000 -1.000000
    outer loop
      vertex 19.124000 61.935000 25.600000
      vertex 21.326000 61.935000 25.600000
      vertex 21.326000 64.480000 25.600000
    endloop
  endfacet
  facet normal 0.000000 0.000000 -1.000000
    outer loop
      vertex 19.124000 61.935000 25.600000
      vertex 21.326000 64.480000 25.600000
      vertex 19.124000 64.480000 25.600000
    endloop
  endfacet
  facet normal 0.000000 0.000000 1.000000
    outer loop
      vertex 19.124000 61.935000 28.000000
      vertex 19.124000 64.480000 28.000000
      vertex 21.326000 64.480000 28.000000
    endloop
  endfacet
  facet normal 0.000000 0.000000 1.000000
    outer loop
      vertex 19.124000 61.935000 28.000000
      vertex 21.326000 64.480000 28.000000
      vertex 21.326000 61.935000 28.000000
    endloop
  endfacet
  facet normal 0.000000 0.000000 -1.000000
    outer loop
      vertex 19.124000 64.480000 25.600000
      vertex 21.326000 64.480000 25.600000
      vertex 21.326000 66.080000 25.600000
    endloop
  endfacet
  facet normal 0.000000 0.000000 -1.000000
    outer loop
      vertex 19.124000 64.480000 25.600000
      vertex 21.326000 66.080000 25.600000
      vertex 19.124000 66.080000 25.600000
    endloop
  endfacet
  facet normal 0.000000 0.000000 1.000000
    outer loop
      vertex 19.124000 64.480000 28.000000
      vertex 19.124000 66.080000 28.000000
      vertex 21.326000 66.080000 28.000000
    endloop
  endfacet
  facet normal 0.000000 0.000000 1.000000
    outer loop
      vertex 19.124000 64.480000 28.000000
      vertex 21.326000 66.080000 28.000000
      vertex 21.326000 64.480000 28.000000
    endloop
  endfacet
  facet normal 0.000000 -1.000000 0.000000
    outer loop
      vertex 19.124000 66.080000 0.000000
      vertex 19.124000 66.080000 0.500000
      vertex 21.326000 66.080000 0.500000
    endloop
  endfacet
  facet normal 0.000000 -1.000000 0.000000
    outer loop
      vertex 19.124000 66.080000 0.000000
      vertex 21.326000 66.080000 0.500000
      vertex 21.326000 66.080000 0.000000
    endloop
  endfacet
  facet normal 0.000000 1.000000 0.000000
    outer loop
      vertex 19.124000 68.480000 0.000000
      vertex 21.326000 68.480000 0.000000
      vertex 21.326000 68.480000 0.500000
    endloop
  endfacet
  facet normal 0.000000 1.000000 0.000000
    outer loop
      vertex 19.124000 68.480000 0.000000
      vertex 21.326000 68.480000 0.500000
      vertex 19.124000 68.480000 0.500000
    endloop
  endfacet
  facet normal 0.000000 0.000000 -1.000000
    outer loop
      vertex 19.124000 66.080000 0.000000
      vertex 21.326000 66.080000 0.000000
      vertex 21.326000 68.480000 0.000000
    endloop
  endfacet
  facet normal 0.000000 0.000000 -1.000000
    outer loop
      vertex 19.124000 66.080000 0.000000
      vertex 21.326000 68.480000 0.000000
      vertex 19.124000 68.480000 0.000000
    endloop
  endfacet
  facet normal 0.000000 -1.000000 0.000000
    outer loop
      vertex 19.124000 66.080000 0.500000
      vertex 19.124000 66.080000 9.000000
      vertex 21.326000 66.080000 9.000000
    endloop
  endfacet
  facet normal 0.000000 -1.000000 0.000000
    outer loop
      vertex 19.124000 66.080000 0.500000
      vertex 21.326000 66.080000 9.000000
      vertex 21.326000 66.080000 0.500000
    endloop
  endfacet
  facet normal 0.000000 1.000000 0.000000
    outer loop
      vertex 19.124000 68.480000 0.500000
      vertex 21.326000 68.480000 0.500000
      vertex 21.326000 68.480000 9.000000
    endloop
  endfacet
  facet normal 0.000000 1.000000 0.000000
    outer loop
      vertex 19.124000 68.480000 0.500000
      vertex 21.326000 68.480000 9.000000
      vertex 19.124000 68.480000 9.000000
    endloop
  endfacet
  facet normal 0.000000 -1.000000 0.000000
    outer loop
      vertex 19.124000 66.080000 9.000000
      vertex 19.124000 66.080000 10.000000
      vertex 21.326000 66.080000 10.000000
    endloop
  endfacet
  facet normal 0.000000 -1.000000 0.000000
    outer loop
      vertex 19.124000 66.080000 9.000000
      vertex 21.326000 66.080000 10.000000
      vertex 21.326000 66.080000 9.000000
    endloop
  endfacet
  facet normal 0.000000 1.000000 0.000000
    outer loop
      vertex 19.124000 68.480000 9.000000
      vertex 21.326000 68.480000 9.000000
      vertex 21.326000 68.480000 10.000000
    endloop
  endfacet
  facet normal 0.000000 1.000000 0.000000
    outer loop
      vertex 19.124000 68.480000 9.000000
      vertex 21.326000 68.480000 10.000000
      vertex 19.124000 68.480000 10.000000
    endloop
  endfacet
  facet normal 0.000000 -1.000000 0.000000
    outer loop
      vertex 19.124000 66.080000 10.000000
      vertex 19.124000 66.080000 10.200000
      vertex 21.326000 66.080000 10.200000
    endloop
  endfacet
  facet normal 0.000000 -1.000000 0.000000
    outer loop
      vertex 19.124000 66.080000 10.000000
      vertex 21.326000 66.080000 10.200000
      vertex 21.326000 66.080000 10.000000
    endloop
  endfacet
  facet normal 0.000000 1.000000 0.000000
    outer loop
      vertex 19.124000 68.480000 10.000000
      vertex 21.326000 68.480000 10.000000
      vertex 21.326000 68.480000 10.200000
    endloop
  endfacet
  facet normal 0.000000 1.000000 0.000000
    outer loop
      vertex 19.124000 68.480000 10.000000
      vertex 21.326000 68.480000 10.200000
      vertex 19.124000 68.480000 10.200000
    endloop
  endfacet
  facet normal 0.000000 -1.000000 0.000000
    outer loop
      vertex 19.124000 66.080000 10.200000
      vertex 19.124000 66.080000 25.500000
      vertex 21.326000 66.080000 25.500000
    endloop
  endfacet
  facet normal 0.000000 -1.000000 0.000000
    outer loop
      vertex 19.124000 66.080000 10.200000
      vertex 21.326000 66.080000 25.500000
      vertex 21.326000 66.080000 10.200000
    endloop
  endfacet
  facet normal 0.000000 1.000000 0.000000
    outer loop
      vertex 19.124000 68.480000 10.200000
      vertex 21.326000 68.480000 10.200000
      vertex 21.326000 68.480000 25.500000
    endloop
  endfacet
  facet normal 0.000000 1.000000 0.000000
    outer loop
      vertex 19.124000 68.480000 10.200000
      vertex 21.326000 68.480000 25.500000
      vertex 19.124000 68.480000 25.500000
    endloop
  endfacet
  facet normal 0.000000 -1.000000 0.000000
    outer loop
      vertex 19.124000 66.080000 25.500000
      vertex 19.124000 66.080000 25.600000
      vertex 21.326000 66.080000 25.600000
    endloop
  endfacet
  facet normal 0.000000 -1.000000 0.000000
    outer loop
      vertex 19.124000 66.080000 25.500000
      vertex 21.326000 66.080000 25.600000
      vertex 21.326000 66.080000 25.500000
    endloop
  endfacet
  facet normal 0.000000 1.000000 0.000000
    outer loop
      vertex 19.124000 68.480000 25.500000
      vertex 21.326000 68.480000 25.500000
      vertex 21.326000 68.480000 25.600000
    endloop
  endfacet
  facet normal 0.000000 1.000000 0.000000
    outer loop
      vertex 19.124000 68.480000 25.500000
      vertex 21.326000 68.480000 25.600000
      vertex 19.124000 68.480000 25.600000
    endloop
  endfacet
  facet normal 0.000000 1.000000 0.000000
    outer loop
      vertex 19.124000 68.480000 25.600000
      vertex 21.326000 68.480000 25.600000
      vertex 21.326000 68.480000 28.000000
    endloop
  endfacet
  facet normal 0.000000 1.000000 0.000000
    outer loop
      vertex 19.124000 68.480000 25.600000
      vertex 21.326000 68.480000 28.000000
      vertex 19.124000 68.480000 28.000000
    endloop
  endfacet
  facet normal 0.000000 0.000000 1.000000
    outer loop
      vertex 19.124000 66.080000 28.000000
      vertex 19.124000 68.480000 28.000000
      vertex 21.326000 68.480000 28.000000
    endloop
  endfacet
  facet normal 0.000000 0.000000 1.000000
    outer loop
      vertex 19.124000 66.080000 28.000000
      vertex 21.326000 68.480000 28.000000
      vertex 21.326000 66.080000 28.000000
    endloop
  endfacet
  facet normal 0.000000 -1.000000 0.000000
    outer loop
      vertex 21.326000 0.000000 0.000000
      vertex 21.326000 0.000000 0.500000
      vertex 23.254000 0.000000 0.500000
    endloop
  endfacet
  facet normal 0.000000 -1.000000 0.000000
    outer loop
      vertex 21.326000 0.000000 0.000000
      vertex 23.254000 0.000000 0.500000
      vertex 23.254000 0.000000 0.000000
    endloop
  endfacet
  facet normal 0.000000 1.000000 0.000000
    outer loop
      vertex 21.326000 2.400000 0.000000
      vertex 23.254000 2.400000 0.000000
      vertex 23.254000 2.400000 0.500000
    endloop
  endfacet
  facet normal 0.000000 1.000000 0.000000
    outer loop
      vertex 21.326000 2.400000 0.000000
      vertex 23.254000 2.400000 0.500000
      vertex 21.326000 2.400000 0.500000
    endloop
  endfacet
  facet normal 0.000000 0.000000 -1.000000
    outer loop
      vertex 21.326000 0.000000 0.000000
      vertex 23.254000 0.000000 0.000000
      vertex 23.254000 2.400000 0.000000
    endloop
  endfacet
  facet normal 0.000000 0.000000 -1.000000
    outer loop
      vertex 21.326000 0.000000 0.000000
      vertex 23.254000 2.400000 0.000000
      vertex 21.326000 2.400000 0.000000
    endloop
  endfacet
  facet normal 0.000000 -1.000000 0.000000
    outer loop
      vertex 21.326000 0.000000 0.500000
      vertex 21.326000 0.000000 9.000000
      vertex 23.254000 0.000000 9.000000
    endloop
  endfacet
  facet normal 0.000000 -1.000000 0.000000
    outer loop
      vertex 21.326000 0.000000 0.500000
      vertex 23.254000 0.000000 9.000000
      vertex 23.254000 0.000000 0.500000
    endloop
  endfacet
  facet normal 0.000000 1.000000 0.000000
    outer loop
      vertex 21.326000 2.400000 0.500000
      vertex 23.254000 2.400000 0.500000
      vertex 23.254000 2.400000 9.000000
    endloop
  endfacet
  facet normal 0.000000 1.000000 0.000000
    outer loop
      vertex 21.326000 2.400000 0.500000
      vertex 23.254000 2.400000 9.000000
      vertex 21.326000 2.400000 9.000000
    endloop
  endfacet
  facet normal 0.000000 -1.000000 0.000000
    outer loop
      vertex 21.326000 0.000000 9.000000
      vertex 21.326000 0.000000 10.000000
      vertex 23.254000 0.000000 10.000000
    endloop
  endfacet
  facet normal 0.000000 -1.000000 0.000000
    outer loop
      vertex 21.326000 0.000000 9.000000
      vertex 23.254000 0.000000 10.000000
      vertex 23.254000 0.000000 9.000000
    endloop
  endfacet
  facet normal 0.000000 1.000000 0.000000
    outer loop
      vertex 21.326000 2.400000 9.000000
      vertex 23.254000 2.400000 9.000000
      vertex 23.254000 2.400000 10.000000
    endloop
  endfacet
  facet normal 0.000000 1.000000 0.000000
    outer loop
      vertex 21.326000 2.400000 9.000000
      vertex 23.254000 2.400000 10.000000
      vertex 21.326000 2.400000 10.000000
    endloop
  endfacet
  facet normal 0.000000 -1.000000 0.000000
    outer loop
      vertex 21.326000 0.000000 10.000000
      vertex 21.326000 0.000000 10.200000
      vertex 23.254000 0.000000 10.200000
    endloop
  endfacet
  facet normal 0.000000 -1.000000 0.000000
    outer loop
      vertex 21.326000 0.000000 10.000000
      vertex 23.254000 0.000000 10.200000
      vertex 23.254000 0.000000 10.000000
    endloop
  endfacet
  facet normal 0.000000 1.000000 0.000000
    outer loop
      vertex 21.326000 2.400000 10.000000
      vertex 23.254000 2.400000 10.000000
      vertex 23.254000 2.400000 10.200000
    endloop
  endfacet
  facet normal 0.000000 1.000000 0.000000
    outer loop
      vertex 21.326000 2.400000 10.000000
      vertex 23.254000 2.400000 10.200000
      vertex 21.326000 2.400000 10.200000
    endloop
  endfacet
  facet normal 0.000000 -1.000000 0.000000
    outer loop
      vertex 21.326000 0.000000 10.200000
      vertex 21.326000 0.000000 25.500000
      vertex 23.254000 0.000000 25.500000
    endloop
  endfacet
  facet normal 0.000000 -1.000000 0.000000
    outer loop
      vertex 21.326000 0.000000 10.200000
      vertex 23.254000 0.000000 25.500000
      vertex 23.254000 0.000000 10.200000
    endloop
  endfacet
  facet normal 0.000000 1.000000 0.000000
    outer loop
      vertex 21.326000 2.400000 10.200000
      vertex 23.254000 2.400000 10.200000
      vertex 23.254000 2.400000 25.500000
    endloop
  endfacet
  facet normal 0.000000 1.000000 0.000000
    outer loop
      vertex 21.326000 2.400000 10.200000
      vertex 23.254000 2.400000 25.500000
      vertex 21.326000 2.400000 25.500000
    endloop
  endfacet
  facet normal 0.000000 -1.000000 0.000000
    outer loop
      vertex 21.326000 0.000000 25.500000
      vertex 21.326000 0.000000 25.600000
      vertex 23.254000 0.000000 25.600000
    endloop
  endfacet
  facet normal 0.000000 -1.000000 0.000000
    outer loop
      vertex 21.326000 0.000000 25.500000
      vertex 23.254000 0.000000 25.600000
      vertex 23.254000 0.000000 25.500000
    endloop
  endfacet
  facet normal 0.000000 1.000000 0.000000
    outer loop
      vertex 21.326000 2.400000 25.500000
      vertex 23.254000 2.400000 25.500000
      vertex 23.254000 2.400000 25.600000
    endloop
  endfacet
  facet normal 0.000000 1.000000 0.000000
    outer loop
      vertex 21.326000 2.400000 25.500000
      vertex 23.254000 2.400000 25.600000
      vertex 21.326000 2.400000 25.600000
    endloop
  endfacet
  facet normal 0.000000 -1.000000 0.000000
    outer loop
      vertex 21.326000 0.000000 25.600000
      vertex 21.326000 0.000000 28.000000
      vertex 23.254000 0.000000 28.000000
    endloop
  endfacet
  facet normal 0.000000 -1.000000 0.000000
    outer loop
      vertex 21.326000 0.000000 25.600000
      vertex 23.254000 0.000000 28.000000
      vertex 23.254000 0.000000 25.600000
    endloop
  endfacet
  facet normal 0.000000 0.000000 1.000000
    outer loop
      vertex 21.326000 0.000000 28.000000
      vertex 21.326000 2.400000 28.000000
      vertex 23.254000 2.400000 28.000000
    endloop
  endfacet
  facet normal 0.000000 0.000000 1.000000
    outer loop
      vertex 21.326000 0.000000 28.000000
      vertex 23.254000 2.400000 28.000000
      vertex 23.254000 0.000000 28.000000
    endloop
  endfacet
  facet normal 0.000000 0.000000 -1.000000
    outer loop
      vertex 21.326000 2.400000 25.600000
      vertex 23.254000 2.400000 25.600000
      vertex 23.254000 4.000000 25.600000
    endloop
  endfacet
  facet normal 0.000000 0.000000 -1.000000
    outer loop
      vertex 21.326000 2.400000 25.600000
      vertex 23.254000 4.000000 25.600000
      vertex 21.326000 4.000000 25.600000
    endloop
  endfacet
  facet normal 0.000000 0.000000 1.000000
    outer loop
      vertex 21.326000 2.400000 28.000000
      vertex 21.326000 4.000000 28.000000
      vertex 23.254000 4.000000 28.000000
    endloop
  endfacet
  facet normal 0.000000 0.000000 1.000000
    outer loop
      vertex 21.326000 2.400000 28.000000
      vertex 23.254000 4.000000 28.000000
      vertex 23.254000 2.400000 28.000000
    endloop
  endfacet
  facet normal 0.000000 1.000000 0.000000
    outer loop
      vertex 21.326000 13.282000 25.600000
      vertex 23.254000 13.282000 25.600000
      vertex 23.254000 13.282000 28.000000
    endloop
  endfacet
  facet normal 0.000000 1.000000 0.000000
    outer loop
      vertex 21.326000 13.282000 25.600000
      vertex 23.254000 13.282000 28.000000
      vertex 21.326000 13.282000 28.000000
    endloop
  endfacet
  facet normal 0.000000 0.000000 -1.000000
    outer loop
      vertex 21.326000 4.000000 25.600000
      vertex 23.254000 4.000000 25.600000
      vertex 23.254000 13.282000 25.600000
    endloop
  endfacet
  facet normal 0.000000 0.000000 -1.000000
    outer loop
      vertex 21.326000 4.000000 25.600000
      vertex 23.254000 13.282000 25.600000
      vertex 21.326000 13.282000 25.600000
    endloop
  endfacet
  facet normal 0.000000 0.000000 1.000000
    outer loop
      vertex 21.326000 4.000000 28.000000
      vertex 21.326000 13.282000 28.000000
      vertex 23.254000 13.282000 28.000000
    endloop
  endfacet
  facet normal 0.000000 0.000000 1.000000
    outer loop
      vertex 21.326000 4.000000 28.000000
      vertex 23.254000 13.282000 28.000000
      vertex 23.254000 4.000000 28.000000
    endloop
  endfacet
  facet normal 0.000000 -1.000000 0.000000
    outer loop
      vertex 21.326000 22.889000 25.600000
      vertex 21.326000 22.889000 28.000000
      vertex 23.254000 22.889000 28.000000
    endloop
  endfacet
  facet normal 0.000000 -1.000000 0.000000
    outer loop
      vertex 21.326000 22.889000 25.600000
      vertex 23.254000 22.889000 28.000000
      vertex 23.254000 22.889000 25.600000
    endloop
  endfacet
  facet normal 0.000000 0.000000 -1.000000
    outer loop
      vertex 21.326000 22.889000 25.600000
      vertex 23.254000 22.889000 25.600000
      vertex 23.254000 24.125000 25.600000
    endloop
  endfacet
  facet normal 0.000000 0.000000 -1.000000
    outer loop
      vertex 21.326000 22.889000 25.600000
      vertex 23.254000 24.125000 25.600000
      vertex 21.326000 24.125000 25.600000
    endloop
  endfacet
  facet normal 0.000000 0.000000 1.000000
    outer loop
      vertex 21.326000 22.889000 28.000000
      vertex 21.326000 24.125000 28.000000
      vertex 23.254000 24.125000 28.000000
    endloop
  endfacet
  facet normal 0.000000 0.000000 1.000000
    outer loop
      vertex 21.326000 22.889000 28.000000
      vertex 23.254000 24.125000 28.000000
      vertex 23.254000 22.889000 28.000000
    endloop
  endfacet
  facet normal 0.000000 0.000000 -1.000000
    outer loop
      vertex 21.326000 24.125000 25.600000
      vertex 23.254000 24.125000 25.600000
      vertex 23.254000 33.833000 25.600000
    endloop
  endfacet
  facet normal 0.000000 0.000000 -1.000000
    outer loop
      vertex 21.326000 24.125000 25.600000
      vertex 23.254000 33.833000 25.600000
      vertex 21.326000 33.833000 25.600000
    endloop
  endfacet
  facet normal 0.000000 0.000000 1.000000
    outer loop
      vertex 21.326000 24.125000 28.000000
      vertex 21.326000 33.833000 28.000000
      vertex 23.254000 33.833000 28.000000
    endloop
  endfacet
  facet normal 0.000000 0.000000 1.000000
    outer loop
      vertex 21.326000 24.125000 28.000000
      vertex 23.254000 33.833000 28.000000
      vertex 23.254000 24.125000 28.000000
    endloop
  endfacet
  facet normal 0.000000 1.000000 0.000000
    outer loop
      vertex 21.326000 33.923000 25.600000
      vertex 23.254000 33.923000 25.600000
      vertex 23.254000 33.923000 28.000000
    endloop
  endfacet
  facet normal 0.000000 1.000000 0.000000
    outer loop
      vertex 21.326000 33.923000 25.600000
      vertex 23.254000 33.923000 28.000000
      vertex 21.326000 33.923000 28.000000
    endloop
  endfacet
  facet normal 0.000000 0.000000 -1.000000
    outer loop
      vertex 21.326000 33.833000 25.600000
      vertex 23.254000 33.833000 25.600000
      vertex 23.254000 33.923000 25.600000
    endloop
  endfacet
  facet normal 0.000000 0.000000 -1.000000
    outer loop
      vertex 21.326000 33.833000 25.600000
      vertex 23.254000 33.923000 25.600000
      vertex 21.326000 33.923000 25.600000
    endloop
  endfacet
  facet normal 0.000000 0.000000 1.000000
    outer loop
      vertex 21.326000 33.833000 28.000000
      vertex 21.326000 33.923000 28.000000
      vertex 23.254000 33.923000 28.000000
    endloop
  endfacet
  facet normal 0.000000 0.000000 1.000000
    outer loop
      vertex 21.326000 33.833000 28.000000
      vertex 23.254000 33.923000 28.000000
      vertex 23.254000 33.833000 28.000000
    endloop
  endfacet
  facet normal 0.000000 -1.000000 0.000000
    outer loop
      vertex 21.326000 43.244000 25.600000
      vertex 21.326000 43.244000 28.000000
      vertex 23.254000 43.244000 28.000000
    endloop
  endfacet
  facet normal 0.000000 -1.000000 0.000000
    outer loop
      vertex 21.326000 43.244000 25.600000
      vertex 23.254000 43.244000 28.000000
      vertex 23.254000 43.244000 25.600000
    endloop
  endfacet
  facet normal 0.000000 0.000000 -1.000000
    outer loop
      vertex 21.326000 43.244000 25.600000
      vertex 23.254000 43.244000 25.600000
      vertex 23.254000 54.437000 25.600000
    endloop
  endfacet
  facet normal 0.000000 0.000000 -1.000000
    outer loop
      vertex 21.326000 43.244000 25.600000
      vertex 23.254000 54.437000 25.600000
      vertex 21.326000 54.437000 25.600000
    endloop
  endfacet
  facet normal 0.000000 0.000000 1.000000
    outer loop
      vertex 21.326000 43.244000 28.000000
      vertex 21.326000 54.437000 28.000000
      vertex 23.254000 54.437000 28.000000
    endloop
  endfacet
  facet normal 0.000000 0.000000 1.000000
    outer loop
      vertex 21.326000 43.244000 28.000000
      vertex 23.254000 54.437000 28.000000
      vertex 23.254000 43.244000 28.000000
    endloop
  endfacet
  facet normal 0.000000 0.000000 -1.000000
    outer loop
      vertex 21.326000 54.437000 25.600000
      vertex 23.254000 54.437000 25.600000
      vertex 23.254000 61.935000 25.600000
    endloop
  endfacet
  facet normal 0.000000 0.000000 -1.000000
    outer loop
      vertex 21.326000 54.437000 25.600000
      vertex 23.254000 61.935000 25.600000
      vertex 21.326000 61.935000 25.600000
    endloop
  endfacet
  facet normal 0.000000 0.000000 1.000000
    outer loop
      vertex 21.326000 54.437000 28.000000
      vertex 21.326000 61.935000 28.000000
      vertex 23.254000 61.935000 28.000000
    endloop
  endfacet
  facet normal 0.000000 0.000000 1.000000
    outer loop
      vertex 21.326000 54.437000 28.000000
      vertex 23.254000 61.935000 28.000000
      vertex 23.254000 54.437000 28.000000
    endloop
  endfacet
  facet normal 0.000000 0.000000 -1.000000
    outer loop
      vertex 21.326000 61.935000 25.600000
      vertex 23.254000 61.935000 25.600000
      vertex 23.254000 64.480000 25.600000
    endloop
  endfacet
  facet normal 0.000000 0.000000 -1.000000
    outer loop
      vertex 21.326000 61.935000 25.600000
      vertex 23.254000 64.480000 25.600000
      vertex 21.326000 64.480000 25.600000
    endloop
  endfacet
  facet normal 0.000000 0.000000 1.000000
    outer loop
      vertex 21.326000 61.935000 28.000000
      vertex 21.326000 64.480000 28.000000
      vertex 23.254000 64.480000 28.000000
    endloop
  endfacet
  facet normal 0.000000 0.000000 1.000000
    outer loop
      vertex 21.326000 61.935000 28.000000
      vertex 23.254000 64.480000 28.000000
      vertex 23.254000 61.935000 28.000000
    endloop
  endfacet
  facet normal 0.000000 0.000000 -1.000000
    outer loop
      vertex 21.326000 64.480000 25.600000
      vertex 23.254000 64.480000 25.600000
      vertex 23.254000 66.080000 25.600000
    endloop
  endfacet
  facet normal 0.000000 0.000000 -1.000000
    outer loop
      vertex 21.326000 64.480000 25.600000
      vertex 23.254000 66.080000 25.600000
      vertex 21.326000 66.080000 25.600000
    endloop
  endfacet
  facet normal 0.000000 0.000000 1.000000
    outer loop
      vertex 21.326000 64.480000 28.000000
      vertex 21.326000 66.080000 28.000000
      vertex 23.254000 66.080000 28.000000
    endloop
  endfacet
  facet normal 0.000000 0.000000 1.000000
    outer loop
      vertex 21.326000 64.480000 28.000000
      vertex 23.254000 66.080000 28.000000
      vertex 23.254000 64.480000 28.000000
    endloop
  endfacet
  facet normal 0.000000 -1.000000 0.000000
    outer loop
      vertex 21.326000 66.080000 0.000000
      vertex 21.326000 66.080000 0.500000
      vertex 23.254000 66.080000 0.500000
    endloop
  endfacet
  facet normal 0.000000 -1.000000 0.000000
    outer loop
      vertex 21.326000 66.080000 0.000000
      vertex 23.254000 66.080000 0.500000
      vertex 23.254000 66.080000 0.000000
    endloop
  endfacet
  facet normal 0.000000 1.000000 0.000000
    outer loop
      vertex 21.326000 68.480000 0.000000
      vertex 23.254000 68.480000 0.000000
      vertex 23.254000 68.480000 0.500000
    endloop
  endfacet
  facet normal 0.000000 1.000000 0.000000
    outer loop
      vertex 21.326000 68.480000 0.000000
      vertex 23.254000 68.480000 0.500000
      vertex 21.326000 68.480000 0.500000
    endloop
  endfacet
  facet normal 0.000000 0.000000 -1.000000
    outer loop
      vertex 21.326000 66.080000 0.000000
      vertex 23.254000 66.080000 0.000000
      vertex 23.254000 68.480000 0.000000
    endloop
  endfacet
  facet normal 0.000000 0.000000 -1.000000
    outer loop
      vertex 21.326000 66.080000 0.000000
      vertex 23.254000 68.480000 0.000000
      vertex 21.326000 68.480000 0.000000
    endloop
  endfacet
  facet normal 0.000000 -1.000000 0.000000
    outer loop
      vertex 21.326000 66.080000 0.500000
      vertex 21.326000 66.080000 9.000000
      vertex 23.254000 66.080000 9.000000
    endloop
  endfacet
  facet normal 0.000000 -1.000000 0.000000
    outer loop
      vertex 21.326000 66.080000 0.500000
      vertex 23.254000 66.080000 9.000000
      vertex 23.254000 66.080000 0.500000
    endloop
  endfacet
  facet normal 0.000000 1.000000 0.000000
    outer loop
      vertex 21.326000 68.480000 0.500000
      vertex 23.254000 68.480000 0.500000
      vertex 23.254000 68.480000 9.000000
    endloop
  endfacet
  facet normal 0.000000 1.000000 0.000000
    outer loop
      vertex 21.326000 68.480000 0.500000
      vertex 23.254000 68.480000 9.000000
      vertex 21.326000 68.480000 9.000000
    endloop
  endfacet
  facet normal 0.000000 -1.000000 0.000000
    outer loop
      vertex 21.326000 66.080000 9.000000
      vertex 21.326000 66.080000 10.000000
      vertex 23.254000 66.080000 10.000000
    endloop
  endfacet
  facet normal 0.000000 -1.000000 0.000000
    outer loop
      vertex 21.326000 66.080000 9.000000
      vertex 23.254000 66.080000 10.000000
      vertex 23.254000 66.080000 9.000000
    endloop
  endfacet
  facet normal 0.000000 1.000000 0.000000
    outer loop
      vertex 21.326000 68.480000 9.000000
      vertex 23.254000 68.480000 9.000000
      vertex 23.254000 68.480000 10.000000
    endloop
  endfacet
  facet normal 0.000000 1.000000 0.000000
    outer loop
      vertex 21.326000 68.480000 9.000000
      vertex 23.254000 68.480000 10.000000
      vertex 21.326000 68.480000 10.000000
    endloop
  endfacet
  facet normal 0.000000 -1.000000 0.000000
    outer loop
      vertex 21.326000 66.080000 10.000000
      vertex 21.326000 66.080000 10.200000
      vertex 23.254000 66.080000 10.200000
    endloop
  endfacet
  facet normal 0.000000 -1.000000 0.000000
    outer loop
      vertex 21.326000 66.080000 10.000000
      vertex 23.254000 66.080000 10.200000
      vertex 23.254000 66.080000 10.000000
    endloop
  endfacet
  facet normal 0.000000 1.000000 0.000000
    outer loop
      vertex 21.326000 68.480000 10.000000
      vertex 23.254000 68.480000 10.000000
      vertex 23.254000 68.480000 10.200000
    endloop
  endfacet
  facet normal 0.000000 1.000000 0.000000
    outer loop
      vertex 21.326000 68.480000 10.000000
      vertex 23.254000 68.480000 10.200000
      vertex 21.326000 68.480000 10.200000
    endloop
  endfacet
  facet normal 0.000000 -1.000000 0.000000
    outer loop
      vertex 21.326000 66.080000 10.200000
      vertex 21.326000 66.080000 25.500000
      vertex 23.254000 66.080000 25.500000
    endloop
  endfacet
  facet normal 0.000000 -1.000000 0.000000
    outer loop
      vertex 21.326000 66.080000 10.200000
      vertex 23.254000 66.080000 25.500000
      vertex 23.254000 66.080000 10.200000
    endloop
  endfacet
  facet normal 0.000000 1.000000 0.000000
    outer loop
      vertex 21.326000 68.480000 10.200000
      vertex 23.254000 68.480000 10.200000
      vertex 23.254000 68.480000 25.500000
    endloop
  endfacet
  facet normal 0.000000 1.000000 0.000000
    outer loop
      vertex 21.326000 68.480000 10.200000
      vertex 23.254000 68.480000 25.500000
      vertex 21.326000 68.480000 25.500000
    endloop
  endfacet
  facet normal 0.000000 -1.000000 0.000000
    outer loop
      vertex 21.326000 66.080000 25.500000
      vertex 21.326000 66.080000 25.600000
      vertex 23.254000 66.080000 25.600000
    endloop
  endfacet
  facet normal 0.000000 -1.000000 0.000000
    outer loop
      vertex 21.326000 66.080000 25.500000
      vertex 23.254000 66.080000 25.600000
      vertex 23.254000 66.080000 25.500000
    endloop
  endfacet
  facet normal 0.000000 1.000000 0.000000
    outer loop
      vertex 21.326000 68.480000 25.500000
      vertex 23.254000 68.480000 25.500000
      vertex 23.254000 68.480000 25.600000
    endloop
  endfacet
  facet normal 0.000000 1.000000 0.000000
    outer loop
      vertex 21.326000 68.480000 25.500000
      vertex 23.254000 68.480000 25.600000
      vertex 21.326000 68.480000 25.600000
    endloop
  endfacet
  facet normal 0.000000 1.000000 0.000000
    outer loop
      vertex 21.326000 68.480000 25.600000
      vertex 23.254000 68.480000 25.600000
      vertex 23.254000 68.480000 28.000000
    endloop
  endfacet
  facet normal 0.000000 1.000000 0.000000
    outer loop
      vertex 21.326000 68.480000 25.600000
      vertex 23.254000 68.480000 28.000000
      vertex 21.326000 68.480000 28.000000
    endloop
  endfacet
  facet normal 0.000000 0.000000 1.000000
    outer loop
      vertex 21.326000 66.080000 28.000000
      vertex 21.326000 68.480000 28.000000
      vertex 23.254000 68.480000 28.000000
    endloop
  endfacet
  facet normal 0.000000 0.000000 1.000000
    outer loop
      vertex 21.326000 66.080000 28.000000
      vertex 23.254000 68.480000 28.000000
      vertex 23.254000 66.080000 28.000000
    endloop
  endfacet
  facet normal 0.000000 -1.000000 0.000000
    outer loop
      vertex 23.254000 0.000000 0.000000
      vertex 23.254000 0.000000 0.500000
      vertex 28.731000 0.000000 0.500000
    endloop
  endfacet
  facet normal 0.000000 -1.000000 0.000000
    outer loop
      vertex 23.254000 0.000000 0.000000
      vertex 28.731000 0.000000 0.500000
      vertex 28.731000 0.000000 0.000000
    endloop
  endfacet
  facet normal 0.000000 1.000000 0.000000
    outer loop
      vertex 23.254000 2.400000 0.000000
      vertex 28.731000 2.400000 0.000000
      vertex 28.731000 2.400000 0.500000
    endloop
  endfacet
  facet normal 0.000000 1.000000 0.000000
    outer loop
      vertex 23.254000 2.400000 0.000000
      vertex 28.731000 2.400000 0.500000
      vertex 23.254000 2.400000 0.500000
    endloop
  endfacet
  facet normal 0.000000 0.000000 -1.000000
    outer loop
      vertex 23.254000 0.000000 0.000000
      vertex 28.731000 0.000000 0.000000
      vertex 28.731000 2.400000 0.000000
    endloop
  endfacet
  facet normal 0.000000 0.000000 -1.000000
    outer loop
      vertex 23.254000 0.000000 0.000000
      vertex 28.731000 2.400000 0.000000
      vertex 23.254000 2.400000 0.000000
    endloop
  endfacet
  facet normal 0.000000 -1.000000 0.000000
    outer loop
      vertex 23.254000 0.000000 0.500000
      vertex 23.254000 0.000000 9.000000
      vertex 28.731000 0.000000 9.000000
    endloop
  endfacet
  facet normal 0.000000 -1.000000 0.000000
    outer loop
      vertex 23.254000 0.000000 0.500000
      vertex 28.731000 0.000000 9.000000
      vertex 28.731000 0.000000 0.500000
    endloop
  endfacet
  facet normal 0.000000 1.000000 0.000000
    outer loop
      vertex 23.254000 2.400000 0.500000
      vertex 28.731000 2.400000 0.500000
      vertex 28.731000 2.400000 9.000000
    endloop
  endfacet
  facet normal 0.000000 1.000000 0.000000
    outer loop
      vertex 23.254000 2.400000 0.500000
      vertex 28.731000 2.400000 9.000000
      vertex 23.254000 2.400000 9.000000
    endloop
  endfacet
  facet normal 0.000000 -1.000000 0.000000
    outer loop
      vertex 23.254000 0.000000 9.000000
      vertex 23.254000 0.000000 10.000000
      vertex 28.731000 0.000000 10.000000
    endloop
  endfacet
  facet normal 0.000000 -1.000000 0.000000
    outer loop
      vertex 23.254000 0.000000 9.000000
      vertex 28.731000 0.000000 10.000000
      vertex 28.731000 0.000000 9.000000
    endloop
  endfacet
  facet normal 0.000000 1.000000 0.000000
    outer loop
      vertex 23.254000 2.400000 9.000000
      vertex 28.731000 2.400000 9.000000
      vertex 28.731000 2.400000 10.000000
    endloop
  endfacet
  facet normal 0.000000 1.000000 0.000000
    outer loop
      vertex 23.254000 2.400000 9.000000
      vertex 28.731000 2.400000 10.000000
      vertex 23.254000 2.400000 10.000000
    endloop
  endfacet
  facet normal 0.000000 -1.000000 0.000000
    outer loop
      vertex 23.254000 0.000000 10.000000
      vertex 23.254000 0.000000 10.200000
      vertex 28.731000 0.000000 10.200000
    endloop
  endfacet
  facet normal 0.000000 -1.000000 0.000000
    outer loop
      vertex 23.254000 0.000000 10.000000
      vertex 28.731000 0.000000 10.200000
      vertex 28.731000 0.000000 10.000000
    endloop
  endfacet
  facet normal 0.000000 1.000000 0.000000
    outer loop
      vertex 23.254000 2.400000 10.000000
      vertex 28.731000 2.400000 10.000000
      vertex 28.731000 2.400000 10.200000
    endloop
  endfacet
  facet normal 0.000000 1.000000 0.000000
    outer loop
      vertex 23.254000 2.400000 10.000000
      vertex 28.731000 2.400000 10.200000
      vertex 23.254000 2.400000 10.200000
    endloop
  endfacet
  facet normal 0.000000 -1.000000 0.000000
    outer loop
      vertex 23.254000 0.000000 10.200000
      vertex 23.254000 0.000000 25.500000
      vertex 28.731000 0.000000 25.500000
    endloop
  endfacet
  facet normal 0.000000 -1.000000 0.000000
    outer loop
      vertex 23.254000 0.000000 10.200000
      vertex 28.731000 0.000000 25.500000
      vertex 28.731000 0.000000 10.200000
    endloop
  endfacet
  facet normal 0.000000 1.000000 0.000000
    outer loop
      vertex 23.254000 2.400000 10.200000
      vertex 28.731000 2.400000 10.200000
      vertex 28.731000 2.400000 25.500000
    endloop
  endfacet
  facet normal 0.000000 1.000000 0.000000
    outer loop
      vertex 23.254000 2.400000 10.200000
      vertex 28.731000 2.400000 25.500000
      vertex 23.254000 2.400000 25.500000
    endloop
  endfacet
  facet normal 0.000000 -1.000000 0.000000
    outer loop
      vertex 23.254000 0.000000 25.500000
      vertex 23.254000 0.000000 25.600000
      vertex 28.731000 0.000000 25.600000
    endloop
  endfacet
  facet normal 0.000000 -1.000000 0.000000
    outer loop
      vertex 23.254000 0.000000 25.500000
      vertex 28.731000 0.000000 25.600000
      vertex 28.731000 0.000000 25.500000
    endloop
  endfacet
  facet normal 0.000000 1.000000 0.000000
    outer loop
      vertex 23.254000 2.400000 25.500000
      vertex 28.731000 2.400000 25.500000
      vertex 28.731000 2.400000 25.600000
    endloop
  endfacet
  facet normal 0.000000 1.000000 0.000000
    outer loop
      vertex 23.254000 2.400000 25.500000
      vertex 28.731000 2.400000 25.600000
      vertex 23.254000 2.400000 25.600000
    endloop
  endfacet
  facet normal 0.000000 -1.000000 0.000000
    outer loop
      vertex 23.254000 0.000000 25.600000
      vertex 23.254000 0.000000 28.000000
      vertex 28.731000 0.000000 28.000000
    endloop
  endfacet
  facet normal 0.000000 -1.000000 0.000000
    outer loop
      vertex 23.254000 0.000000 25.600000
      vertex 28.731000 0.000000 28.000000
      vertex 28.731000 0.000000 25.600000
    endloop
  endfacet
  facet normal 0.000000 0.000000 1.000000
    outer loop
      vertex 23.254000 0.000000 28.000000
      vertex 23.254000 2.400000 28.000000
      vertex 28.731000 2.400000 28.000000
    endloop
  endfacet
  facet normal 0.000000 0.000000 1.000000
    outer loop
      vertex 23.254000 0.000000 28.000000
      vertex 28.731000 2.400000 28.000000
      vertex 28.731000 0.000000 28.000000
    endloop
  endfacet
  facet normal 0.000000 0.000000 -1.000000
    outer loop
      vertex 23.254000 2.400000 25.600000
      vertex 28.731000 2.400000 25.600000
      vertex 28.731000 4.000000 25.600000
    endloop
  endfacet
  facet normal 0.000000 0.000000 -1.000000
    outer loop
      vertex 23.254000 2.400000 25.600000
      vertex 28.731000 4.000000 25.600000
      vertex 23.254000 4.000000 25.600000
    endloop
  endfacet
  facet normal 0.000000 0.000000 1.000000
    outer loop
      vertex 23.254000 2.400000 28.000000
      vertex 23.254000 4.000000 28.000000
      vertex 28.731000 4.000000 28.000000
    endloop
  endfacet
  facet normal 0.000000 0.000000 1.000000
    outer loop
      vertex 23.254000 2.400000 28.000000
      vertex 28.731000 4.000000 28.000000
      vertex 28.731000 2.400000 28.000000
    endloop
  endfacet
  facet normal 0.000000 0.000000 -1.000000
    outer loop
      vertex 23.254000 4.000000 25.600000
      vertex 28.731000 4.000000 25.600000
      vertex 28.731000 13.282000 25.600000
    endloop
  endfacet
  facet normal 0.000000 0.000000 -1.000000
    outer loop
      vertex 23.254000 4.000000 25.600000
      vertex 28.731000 13.282000 25.600000
      vertex 23.254000 13.282000 25.600000
    endloop
  endfacet
  facet normal 0.000000 0.000000 1.000000
    outer loop
      vertex 23.254000 4.000000 28.000000
      vertex 23.254000 13.282000 28.000000
      vertex 28.731000 13.282000 28.000000
    endloop
  endfacet
  facet normal 0.000000 0.000000 1.000000
    outer loop
      vertex 23.254000 4.000000 28.000000
      vertex 28.731000 13.282000 28.000000
      vertex 28.731000 4.000000 28.000000
    endloop
  endfacet
  facet normal -1.000000 0.000000 0.000000
    outer loop
      vertex 23.254000 13.282000 25.600000
      vertex 23.254000 18.899000 25.600000
      vertex 23.254000 18.899000 28.000000
    endloop
  endfacet
  facet normal -1.000000 0.000000 0.000000
    outer loop
      vertex 23.254000 13.282000 25.600000
      vertex 23.254000 18.899000 28.000000
      vertex 23.254000 13.282000 28.000000
    endloop
  endfacet
  facet normal 0.000000 0.000000 -1.000000
    outer loop
      vertex 23.254000 13.282000 25.600000
      vertex 28.731000 13.282000 25.600000
      vertex 28.731000 18.899000 25.600000
    endloop
  endfacet
  facet normal 0.000000 0.000000 -1.000000
    outer loop
      vertex 23.254000 13.282000 25.600000
      vertex 28.731000 18.899000 25.600000
      vertex 23.254000 18.899000 25.600000
    endloop
  endfacet
  facet normal 0.000000 0.000000 1.000000
    outer loop
      vertex 23.254000 13.282000 28.000000
      vertex 23.254000 18.899000 28.000000
      vertex 28.731000 18.899000 28.000000
    endloop
  endfacet
  facet normal 0.000000 0.000000 1.000000
    outer loop
      vertex 23.254000 13.282000 28.000000
      vertex 28.731000 18.899000 28.000000
      vertex 28.731000 13.282000 28.000000
    endloop
  endfacet
  facet normal -1.000000 0.000000 0.000000
    outer loop
      vertex 23.254000 18.899000 25.600000
      vertex 23.254000 22.889000 25.600000
      vertex 23.254000 22.889000 28.000000
    endloop
  endfacet
  facet normal -1.000000 0.000000 0.000000
    outer loop
      vertex 23.254000 18.899000 25.600000
      vertex 23.254000 22.889000 28.000000
      vertex 23.254000 18.899000 28.000000
    endloop
  endfacet
  facet normal 0.000000 0.000000 -1.000000
    outer loop
      vertex 23.254000 18.899000 25.600000
      vertex 28.731000 18.899000 25.600000
      vertex 28.731000 22.889000 25.600000
    endloop
  endfacet
  facet normal 0.000000 0.000000 -1.000000
    outer loop
      vertex 23.254000 18.899000 25.600000
      vertex 28.731000 22.889000 25.600000
      vertex 23.254000 22.889000 25.600000
    endloop
  endfacet
  facet normal 0.000000 0.000000 1.000000
    outer loop
      vertex 23.254000 18.899000 28.000000
      vertex 23.254000 22.889000 28.000000
      vertex 28.731000 22.889000 28.000000
    endloop
  endfacet
  facet normal 0.000000 0.000000 1.000000
    outer loop
      vertex 23.254000 18.899000 28.000000
      vertex 28.731000 22.889000 28.000000
      vertex 28.731000 18.899000 28.000000
    endloop
  endfacet
  facet normal 0.000000 0.000000 -1.000000
    outer loop
      vertex 23.254000 22.889000 25.600000
      vertex 28.731000 22.889000 25.600000
      vertex 28.731000 24.125000 25.600000
    endloop
  endfacet
  facet normal 0.000000 0.000000 -1.000000
    outer loop
      vertex 23.254000 22.889000 25.600000
      vertex 28.731000 24.125000 25.600000
      vertex 23.254000 24.125000 25.600000
    endloop
  endfacet
  facet normal 0.000000 0.000000 1.000000
    outer loop
      vertex 23.254000 22.889000 28.000000
      vertex 23.254000 24.125000 28.000000
      vertex 28.731000 24.125000 28.000000
    endloop
  endfacet
  facet normal 0.000000 0.000000 1.000000
    outer loop
      vertex 23.254000 22.889000 28.000000
      vertex 28.731000 24.125000 28.000000
      vertex 28.731000 22.889000 28.000000
    endloop
  endfacet
  facet normal 0.000000 0.000000 -1.000000
    outer loop
      vertex 23.254000 24.125000 25.600000
      vertex 28.731000 24.125000 25.600000
      vertex 28.731000 33.833000 25.600000
    endloop
  endfacet
  facet normal 0.000000 0.000000 -1.000000
    outer loop
      vertex 23.254000 24.125000 25.600000
      vertex 28.731000 33.833000 25.600000
      vertex 23.254000 33.833000 25.600000
    endloop
  endfacet
  facet normal 0.000000 0.000000 1.000000
    outer loop
      vertex 23.254000 24.125000 28.000000
      vertex 23.254000 33.833000 28.000000
      vertex 28.731000 33.833000 28.000000
    endloop
  endfacet
  facet normal 0.000000 0.000000 1.000000
    outer loop
      vertex 23.254000 24.125000 28.000000
      vertex 28.731000 33.833000 28.000000
      vertex 28.731000 24.125000 28.000000
    endloop
  endfacet
  facet normal 0.000000 1.000000 0.000000
    outer loop
      vertex 23.254000 33.923000 25.600000
      vertex 28.731000 33.923000 25.600000
      vertex 28.731000 33.923000 28.000000
    endloop
  endfacet
  facet normal 0.000000 1.000000 0.000000
    outer loop
      vertex 23.254000 33.923000 25.600000
      vertex 28.731000 33.923000 28.000000
      vertex 23.254000 33.923000 28.000000
    endloop
  endfacet
  facet normal 0.000000 0.000000 -1.000000
    outer loop
      vertex 23.254000 33.833000 25.600000
      vertex 28.731000 33.833000 25.600000
      vertex 28.731000 33.923000 25.600000
    endloop
  endfacet
  facet normal 0.000000 0.000000 -1.000000
    outer loop
      vertex 23.254000 33.833000 25.600000
      vertex 28.731000 33.923000 25.600000
      vertex 23.254000 33.923000 25.600000
    endloop
  endfacet
  facet normal 0.000000 0.000000 1.000000
    outer loop
      vertex 23.254000 33.833000 28.000000
      vertex 23.254000 33.923000 28.000000
      vertex 28.731000 33.923000 28.000000
    endloop
  endfacet
  facet normal 0.000000 0.000000 1.000000
    outer loop
      vertex 23.254000 33.833000 28.000000
      vertex 28.731000 33.923000 28.000000
      vertex 28.731000 33.833000 28.000000
    endloop
  endfacet
  facet normal 0.000000 -1.000000 0.000000
    outer loop
      vertex 23.254000 43.244000 25.600000
      vertex 23.254000 43.244000 28.000000
      vertex 28.731000 43.244000 28.000000
    endloop
  endfacet
  facet normal 0.000000 -1.000000 0.000000
    outer loop
      vertex 23.254000 43.244000 25.600000
      vertex 28.731000 43.244000 28.000000
      vertex 28.731000 43.244000 25.600000
    endloop
  endfacet
  facet normal 0.000000 0.000000 -1.000000
    outer loop
      vertex 23.254000 43.244000 25.600000
      vertex 28.731000 43.244000 25.600000
      vertex 28.731000 54.437000 25.600000
    endloop
  endfacet
  facet normal 0.000000 0.000000 -1.000000
    outer loop
      vertex 23.254000 43.244000 25.600000
      vertex 28.731000 54.437000 25.600000
      vertex 23.254000 54.437000 25.600000
    endloop
  endfacet
  facet normal 0.000000 0.000000 1.000000
    outer loop
      vertex 23.254000 43.244000 28.000000
      vertex 23.254000 54.437000 28.000000
      vertex 28.731000 54.437000 28.000000
    endloop
  endfacet
  facet normal 0.000000 0.000000 1.000000
    outer loop
      vertex 23.254000 43.244000 28.000000
      vertex 28.731000 54.437000 28.000000
      vertex 28.731000 43.244000 28.000000
    endloop
  endfacet
  facet normal 0.000000 0.000000 -1.000000
    outer loop
      vertex 23.254000 54.437000 25.600000
      vertex 28.731000 54.437000 25.600000
      vertex 28.731000 61.935000 25.600000
    endloop
  endfacet
  facet normal 0.000000 0.000000 -1.000000
    outer loop
      vertex 23.254000 54.437000 25.600000
      vertex 28.731000 61.935000 25.600000
      vertex 23.254000 61.935000 25.600000
    endloop
  endfacet
  facet normal 0.000000 0.000000 1.000000
    outer loop
      vertex 23.254000 54.437000 28.000000
      vertex 23.254000 61.935000 28.000000
      vertex 28.731000 61.935000 28.000000
    endloop
  endfacet
  facet normal 0.000000 0.000000 1.000000
    outer loop
      vertex 23.254000 54.437000 28.000000
      vertex 28.731000 61.935000 28.000000
      vertex 28.731000 54.437000 28.000000
    endloop
  endfacet
  facet normal 0.000000 0.000000 -1.000000
    outer loop
      vertex 23.254000 61.935000 25.600000
      vertex 28.731000 61.935000 25.600000
      vertex 28.731000 64.480000 25.600000
    endloop
  endfacet
  facet normal 0.000000 0.000000 -1.000000
    outer loop
      vertex 23.254000 61.935000 25.600000
      vertex 28.731000 64.480000 25.600000
      vertex 23.254000 64.480000 25.600000
    endloop
  endfacet
  facet normal 0.000000 0.000000 1.000000
    outer loop
      vertex 23.254000 61.935000 28.000000
      vertex 23.254000 64.480000 28.000000
      vertex 28.731000 64.480000 28.000000
    endloop
  endfacet
  facet normal 0.000000 0.000000 1.000000
    outer loop
      vertex 23.254000 61.935000 28.000000
      vertex 28.731000 64.480000 28.000000
      vertex 28.731000 61.935000 28.000000
    endloop
  endfacet
  facet normal 0.000000 0.000000 -1.000000
    outer loop
      vertex 23.254000 64.480000 25.600000
      vertex 28.731000 64.480000 25.600000
      vertex 28.731000 66.080000 25.600000
    endloop
  endfacet
  facet normal 0.000000 0.000000 -1.000000
    outer loop
      vertex 23.254000 64.480000 25.600000
      vertex 28.731000 66.080000 25.600000
      vertex 23.254000 66.080000 25.600000
    endloop
  endfacet
  facet normal 0.000000 0.000000 1.000000
    outer loop
      vertex 23.254000 64.480000 28.000000
      vertex 23.254000 66.080000 28.000000
      vertex 28.731000 66.080000 28.000000
    endloop
  endfacet
  facet normal 0.000000 0.000000 1.000000
    outer loop
      vertex 23.254000 64.480000 28.000000
      vertex 28.731000 66.080000 28.000000
      vertex 28.731000 64.480000 28.000000
    endloop
  endfacet
  facet normal 0.000000 -1.000000 0.000000
    outer loop
      vertex 23.254000 66.080000 0.000000
      vertex 23.254000 66.080000 0.500000
      vertex 28.731000 66.080000 0.500000
    endloop
  endfacet
  facet normal 0.000000 -1.000000 0.000000
    outer loop
      vertex 23.254000 66.080000 0.000000
      vertex 28.731000 66.080000 0.500000
      vertex 28.731000 66.080000 0.000000
    endloop
  endfacet
  facet normal 0.000000 1.000000 0.000000
    outer loop
      vertex 23.254000 68.480000 0.000000
      vertex 28.731000 68.480000 0.000000
      vertex 28.731000 68.480000 0.500000
    endloop
  endfacet
  facet normal 0.000000 1.000000 0.000000
    outer loop
      vertex 23.254000 68.480000 0.000000
      vertex 28.731000 68.480000 0.500000
      vertex 23.254000 68.480000 0.500000
    endloop
  endfacet
  facet normal 0.000000 0.000000 -1.000000
    outer loop
      vertex 23.254000 66.080000 0.000000
      vertex 28.731000 66.080000 0.000000
      vertex 28.731000 68.480000 0.000000
    endloop
  endfacet
  facet normal 0.000000 0.000000 -1.000000
    outer loop
      vertex 23.254000 66.080000 0.000000
      vertex 28.731000 68.480000 0.000000
      vertex 23.254000 68.480000 0.000000
    endloop
  endfacet
  facet normal 0.000000 -1.000000 0.000000
    outer loop
      vertex 23.254000 66.080000 0.500000
      vertex 23.254000 66.080000 9.000000
      vertex 28.731000 66.080000 9.000000
    endloop
  endfacet
  facet normal 0.000000 -1.000000 0.000000
    outer loop
      vertex 23.254000 66.080000 0.500000
      vertex 28.731000 66.080000 9.000000
      vertex 28.731000 66.080000 0.500000
    endloop
  endfacet
  facet normal 0.000000 1.000000 0.000000
    outer loop
      vertex 23.254000 68.480000 0.500000
      vertex 28.731000 68.480000 0.500000
      vertex 28.731000 68.480000 9.000000
    endloop
  endfacet
  facet normal 0.000000 1.000000 0.000000
    outer loop
      vertex 23.254000 68.480000 0.500000
      vertex 28.731000 68.480000 9.000000
      vertex 23.254000 68.480000 9.000000
    endloop
  endfacet
  facet normal 0.000000 -1.000000 0.000000
    outer loop
      vertex 23.254000 66.080000 9.000000
      vertex 23.254000 66.080000 10.000000
      vertex 28.731000 66.080000 10.000000
    endloop
  endfacet
  facet normal 0.000000 -1.000000 0.000000
    outer loop
      vertex 23.254000 66.080000 9.000000
      vertex 28.731000 66.080000 10.000000
      vertex 28.731000 66.080000 9.000000
    endloop
  endfacet
  facet normal 0.000000 1.000000 0.000000
    outer loop
      vertex 23.254000 68.480000 9.000000
      vertex 28.731000 68.480000 9.000000
      vertex 28.731000 68.480000 10.000000
    endloop
  endfacet
  facet normal 0.000000 1.000000 0.000000
    outer loop
      vertex 23.254000 68.480000 9.000000
      vertex 28.731000 68.480000 10.000000
      vertex 23.254000 68.480000 10.000000
    endloop
  endfacet
  facet normal 0.000000 -1.000000 0.000000
    outer loop
      vertex 23.254000 66.080000 10.000000
      vertex 23.254000 66.080000 10.200000
      vertex 28.731000 66.080000 10.200000
    endloop
  endfacet
  facet normal 0.000000 -1.000000 0.000000
    outer loop
      vertex 23.254000 66.080000 10.000000
      vertex 28.731000 66.080000 10.200000
      vertex 28.731000 66.080000 10.000000
    endloop
  endfacet
  facet normal 0.000000 1.000000 0.000000
    outer loop
      vertex 23.254000 68.480000 10.000000
      vertex 28.731000 68.480000 10.000000
      vertex 28.731000 68.480000 10.200000
    endloop
  endfacet
  facet normal 0.000000 1.000000 0.000000
    outer loop
      vertex 23.254000 68.480000 10.000000
      vertex 28.731000 68.480000 10.200000
      vertex 23.254000 68.480000 10.200000
    endloop
  endfacet
  facet normal 0.000000 -1.000000 0.000000
    outer loop
      vertex 23.254000 66.080000 10.200000
      vertex 23.254000 66.080000 25.500000
      vertex 28.731000 66.080000 25.500000
    endloop
  endfacet
  facet normal 0.000000 -1.000000 0.000000
    outer loop
      vertex 23.254000 66.080000 10.200000
      vertex 28.731000 66.080000 25.500000
      vertex 28.731000 66.080000 10.200000
    endloop
  endfacet
  facet normal 0.000000 1.000000 0.000000
    outer loop
      vertex 23.254000 68.480000 10.200000
      vertex 28.731000 68.480000 10.200000
      vertex 28.731000 68.480000 25.500000
    endloop
  endfacet
  facet normal 0.000000 1.000000 0.000000
    outer loop
      vertex 23.254000 68.480000 10.200000
      vertex 28.731000 68.480000 25.500000
      vertex 23.254000 68.480000 25.500000
    endloop
  endfacet
  facet normal 0.000000 -1.000000 0.000000
    outer loop
      vertex 23.254000 66.080000 25.500000
      vertex 23.254000 66.080000 25.600000
      vertex 28.731000 66.080000 25.600000
    endloop
  endfacet
  facet normal 0.000000 -1.000000 0.000000
    outer loop
      vertex 23.254000 66.080000 25.500000
      vertex 28.731000 66.080000 25.600000
      vertex 28.731000 66.080000 25.500000
    endloop
  endfacet
  facet normal 0.000000 1.000000 0.000000
    outer loop
      vertex 23.254000 68.480000 25.500000
      vertex 28.731000 68.480000 25.500000
      vertex 28.731000 68.480000 25.600000
    endloop
  endfacet
  facet normal 0.000000 1.000000 0.000000
    outer loop
      vertex 23.254000 68.480000 25.500000
      vertex 28.731000 68.480000 25.600000
      vertex 23.254000 68.480000 25.600000
    endloop
  endfacet
  facet normal 0.000000 1.000000 0.000000
    outer loop
      vertex 23.254000 68.480000 25.600000
      vertex 28.731000 68.480000 25.600000
      vertex 28.731000 68.480000 28.000000
    endloop
  endfacet
  facet normal 0.000000 1.000000 0.000000
    outer loop
      vertex 23.254000 68.480000 25.600000
      vertex 28.731000 68.480000 28.000000
      vertex 23.254000 68.480000 28.000000
    endloop
  endfacet
  facet normal 0.000000 0.000000 1.000000
    outer loop
      vertex 23.254000 66.080000 28.000000
      vertex 23.254000 68.480000 28.000000
      vertex 28.731000 68.480000 28.000000
    endloop
  endfacet
  facet normal 0.000000 0.000000 1.000000
    outer loop
      vertex 23.254000 66.080000 28.000000
      vertex 28.731000 68.480000 28.000000
      vertex 28.731000 66.080000 28.000000
    endloop
  endfacet
  facet normal 0.000000 -1.000000 0.000000
    outer loop
      vertex 28.731000 0.000000 0.000000
      vertex 28.731000 0.000000 0.500000
      vertex 122.288000 0.000000 0.500000
    endloop
  endfacet
  facet normal 0.000000 -1.000000 0.000000
    outer loop
      vertex 28.731000 0.000000 0.000000
      vertex 122.288000 0.000000 0.500000
      vertex 122.288000 0.000000 0.000000
    endloop
  endfacet
  facet normal 0.000000 1.000000 0.000000
    outer loop
      vertex 28.731000 2.400000 0.000000
      vertex 122.288000 2.400000 0.000000
      vertex 122.288000 2.400000 0.500000
    endloop
  endfacet
  facet normal 0.000000 1.000000 0.000000
    outer loop
      vertex 28.731000 2.400000 0.000000
      vertex 122.288000 2.400000 0.500000
      vertex 28.731000 2.400000 0.500000
    endloop
  endfacet
  facet normal 0.000000 0.000000 -1.000000
    outer loop
      vertex 28.731000 0.000000 0.000000
      vertex 122.288000 0.000000 0.000000
      vertex 122.288000 2.400000 0.000000
    endloop
  endfacet
  facet normal 0.000000 0.000000 -1.000000
    outer loop
      vertex 28.731000 0.000000 0.000000
      vertex 122.288000 2.400000 0.000000
      vertex 28.731000 2.400000 0.000000
    endloop
  endfacet
  facet normal 0.000000 -1.000000 0.000000
    outer loop
      vertex 28.731000 0.000000 0.500000
      vertex 28.731000 0.000000 9.000000
      vertex 122.288000 0.000000 9.000000
    endloop
  endfacet
  facet normal 0.000000 -1.000000 0.000000
    outer loop
      vertex 28.731000 0.000000 0.500000
      vertex 122.288000 0.000000 9.000000
      vertex 122.288000 0.000000 0.500000
    endloop
  endfacet
  facet normal 0.000000 1.000000 0.000000
    outer loop
      vertex 28.731000 2.400000 0.500000
      vertex 122.288000 2.400000 0.500000
      vertex 122.288000 2.400000 9.000000
    endloop
  endfacet
  facet normal 0.000000 1.000000 0.000000
    outer loop
      vertex 28.731000 2.400000 0.500000
      vertex 122.288000 2.400000 9.000000
      vertex 28.731000 2.400000 9.000000
    endloop
  endfacet
  facet normal 0.000000 -1.000000 0.000000
    outer loop
      vertex 28.731000 0.000000 9.000000
      vertex 28.731000 0.000000 10.000000
      vertex 122.288000 0.000000 10.000000
    endloop
  endfacet
  facet normal 0.000000 -1.000000 0.000000
    outer loop
      vertex 28.731000 0.000000 9.000000
      vertex 122.288000 0.000000 10.000000
      vertex 122.288000 0.000000 9.000000
    endloop
  endfacet
  facet normal 0.000000 1.000000 0.000000
    outer loop
      vertex 28.731000 2.400000 9.000000
      vertex 122.288000 2.400000 9.000000
      vertex 122.288000 2.400000 10.000000
    endloop
  endfacet
  facet normal 0.000000 1.000000 0.000000
    outer loop
      vertex 28.731000 2.400000 9.000000
      vertex 122.288000 2.400000 10.000000
      vertex 28.731000 2.400000 10.000000
    endloop
  endfacet
  facet normal 0.000000 -1.000000 0.000000
    outer loop
      vertex 28.731000 0.000000 10.000000
      vertex 28.731000 0.000000 10.200000
      vertex 122.288000 0.000000 10.200000
    endloop
  endfacet
  facet normal 0.000000 -1.000000 0.000000
    outer loop
      vertex 28.731000 0.000000 10.000000
      vertex 122.288000 0.000000 10.200000
      vertex 122.288000 0.000000 10.000000
    endloop
  endfacet
  facet normal 0.000000 1.000000 0.000000
    outer loop
      vertex 28.731000 2.400000 10.000000
      vertex 122.288000 2.400000 10.000000
      vertex 122.288000 2.400000 10.200000
    endloop
  endfacet
  facet normal 0.000000 1.000000 0.000000
    outer loop
      vertex 28.731000 2.400000 10.000000
      vertex 122.288000 2.400000 10.200000
      vertex 28.731000 2.400000 10.200000
    endloop
  endfacet
  facet normal 0.000000 -1.000000 0.000000
    outer loop
      vertex 28.731000 0.000000 10.200000
      vertex 28.731000 0.000000 25.500000
      vertex 122.288000 0.000000 25.500000
    endloop
  endfacet
  facet normal 0.000000 -1.000000 0.000000
    outer loop
      vertex 28.731000 0.000000 10.200000
      vertex 122.288000 0.000000 25.500000
      vertex 122.288000 0.000000 10.200000
    endloop
  endfacet
  facet normal 0.000000 1.000000 0.000000
    outer loop
      vertex 28.731000 2.400000 10.200000
      vertex 122.288000 2.400000 10.200000
      vertex 122.288000 2.400000 25.500000
    endloop
  endfacet
  facet normal 0.000000 1.000000 0.000000
    outer loop
      vertex 28.731000 2.400000 10.200000
      vertex 122.288000 2.400000 25.500000
      vertex 28.731000 2.400000 25.500000
    endloop
  endfacet
  facet normal 0.000000 -1.000000 0.000000
    outer loop
      vertex 28.731000 0.000000 25.500000
      vertex 28.731000 0.000000 25.600000
      vertex 122.288000 0.000000 25.600000
    endloop
  endfacet
  facet normal 0.000000 -1.000000 0.000000
    outer loop
      vertex 28.731000 0.000000 25.500000
      vertex 122.288000 0.000000 25.600000
      vertex 122.288000 0.000000 25.500000
    endloop
  endfacet
  facet normal 0.000000 1.000000 0.000000
    outer loop
      vertex 28.731000 2.400000 25.500000
      vertex 122.288000 2.400000 25.500000
      vertex 122.288000 2.400000 25.600000
    endloop
  endfacet
  facet normal 0.000000 1.000000 0.000000
    outer loop
      vertex 28.731000 2.400000 25.500000
      vertex 122.288000 2.400000 25.600000
      vertex 28.731000 2.400000 25.600000
    endloop
  endfacet
  facet normal 0.000000 -1.000000 0.000000
    outer loop
      vertex 28.731000 0.000000 25.600000
      vertex 28.731000 0.000000 28.000000
      vertex 122.288000 0.000000 28.000000
    endloop
  endfacet
  facet normal 0.000000 -1.000000 0.000000
    outer loop
      vertex 28.731000 0.000000 25.600000
      vertex 122.288000 0.000000 28.000000
      vertex 122.288000 0.000000 25.600000
    endloop
  endfacet
  facet normal 0.000000 0.000000 1.000000
    outer loop
      vertex 28.731000 0.000000 28.000000
      vertex 28.731000 2.400000 28.000000
      vertex 122.288000 2.400000 28.000000
    endloop
  endfacet
  facet normal 0.000000 0.000000 1.000000
    outer loop
      vertex 28.731000 0.000000 28.000000
      vertex 122.288000 2.400000 28.000000
      vertex 122.288000 0.000000 28.000000
    endloop
  endfacet
  facet normal 0.000000 0.000000 -1.000000
    outer loop
      vertex 28.731000 2.400000 25.600000
      vertex 122.288000 2.400000 25.600000
      vertex 122.288000 4.000000 25.600000
    endloop
  endfacet
  facet normal 0.000000 0.000000 -1.000000
    outer loop
      vertex 28.731000 2.400000 25.600000
      vertex 122.288000 4.000000 25.600000
      vertex 28.731000 4.000000 25.600000
    endloop
  endfacet
  facet normal 0.000000 0.000000 1.000000
    outer loop
      vertex 28.731000 2.400000 28.000000
      vertex 28.731000 4.000000 28.000000
      vertex 122.288000 4.000000 28.000000
    endloop
  endfacet
  facet normal 0.000000 0.000000 1.000000
    outer loop
      vertex 28.731000 2.400000 28.000000
      vertex 122.288000 4.000000 28.000000
      vertex 122.288000 2.400000 28.000000
    endloop
  endfacet
  facet normal 0.000000 0.000000 -1.000000
    outer loop
      vertex 28.731000 4.000000 25.600000
      vertex 122.288000 4.000000 25.600000
      vertex 122.288000 13.282000 25.600000
    endloop
  endfacet
  facet normal 0.000000 0.000000 -1.000000
    outer loop
      vertex 28.731000 4.000000 25.600000
      vertex 122.288000 13.282000 25.600000
      vertex 28.731000 13.282000 25.600000
    endloop
  endfacet
  facet normal 0.000000 0.000000 1.000000
    outer loop
      vertex 28.731000 4.000000 28.000000
      vertex 28.731000 13.282000 28.000000
      vertex 122.288000 13.282000 28.000000
    endloop
  endfacet
  facet normal 0.000000 0.000000 1.000000
    outer loop
      vertex 28.731000 4.000000 28.000000
      vertex 122.288000 13.282000 28.000000
      vertex 122.288000 4.000000 28.000000
    endloop
  endfacet
  facet normal 0.000000 0.000000 -1.000000
    outer loop
      vertex 28.731000 13.282000 25.600000
      vertex 122.288000 13.282000 25.600000
      vertex 122.288000 18.899000 25.600000
    endloop
  endfacet
  facet normal 0.000000 0.000000 -1.000000
    outer loop
      vertex 28.731000 13.282000 25.600000
      vertex 122.288000 18.899000 25.600000
      vertex 28.731000 18.899000 25.600000
    endloop
  endfacet
  facet normal 0.000000 0.000000 1.000000
    outer loop
      vertex 28.731000 13.282000 28.000000
      vertex 28.731000 18.899000 28.000000
      vertex 122.288000 18.899000 28.000000
    endloop
  endfacet
  facet normal 0.000000 0.000000 1.000000
    outer loop
      vertex 28.731000 13.282000 28.000000
      vertex 122.288000 18.899000 28.000000
      vertex 122.288000 13.282000 28.000000
    endloop
  endfacet
  facet normal 0.000000 0.000000 -1.000000
    outer loop
      vertex 28.731000 18.899000 25.600000
      vertex 122.288000 18.899000 25.600000
      vertex 122.288000 22.889000 25.600000
    endloop
  endfacet
  facet normal 0.000000 0.000000 -1.000000
    outer loop
      vertex 28.731000 18.899000 25.600000
      vertex 122.288000 22.889000 25.600000
      vertex 28.731000 22.889000 25.600000
    endloop
  endfacet
  facet normal 0.000000 0.000000 1.000000
    outer loop
      vertex 28.731000 18.899000 28.000000
      vertex 28.731000 22.889000 28.000000
      vertex 122.288000 22.889000 28.000000
    endloop
  endfacet
  facet normal 0.000000 0.000000 1.000000
    outer loop
      vertex 28.731000 18.899000 28.000000
      vertex 122.288000 22.889000 28.000000
      vertex 122.288000 18.899000 28.000000
    endloop
  endfacet
  facet normal 0.000000 0.000000 -1.000000
    outer loop
      vertex 28.731000 22.889000 25.600000
      vertex 122.288000 22.889000 25.600000
      vertex 122.288000 24.125000 25.600000
    endloop
  endfacet
  facet normal 0.000000 0.000000 -1.000000
    outer loop
      vertex 28.731000 22.889000 25.600000
      vertex 122.288000 24.125000 25.600000
      vertex 28.731000 24.125000 25.600000
    endloop
  endfacet
  facet normal 0.000000 0.000000 1.000000
    outer loop
      vertex 28.731000 22.889000 28.000000
      vertex 28.731000 24.125000 28.000000
      vertex 122.288000 24.125000 28.000000
    endloop
  endfacet
  facet normal 0.000000 0.000000 1.000000
    outer loop
      vertex 28.731000 22.889000 28.000000
      vertex 122.288000 24.125000 28.000000
      vertex 122.288000 22.889000 28.000000
    endloop
  endfacet
  facet normal 0.000000 0.000000 -1.000000
    outer loop
      vertex 28.731000 24.125000 25.600000
      vertex 122.288000 24.125000 25.600000
      vertex 122.288000 33.833000 25.600000
    endloop
  endfacet
  facet normal 0.000000 0.000000 -1.000000
    outer loop
      vertex 28.731000 24.125000 25.600000
      vertex 122.288000 33.833000 25.600000
      vertex 28.731000 33.833000 25.600000
    endloop
  endfacet
  facet normal 0.000000 0.000000 1.000000
    outer loop
      vertex 28.731000 24.125000 28.000000
      vertex 28.731000 33.833000 28.000000
      vertex 122.288000 33.833000 28.000000
    endloop
  endfacet
  facet normal 0.000000 0.000000 1.000000
    outer loop
      vertex 28.731000 24.125000 28.000000
      vertex 122.288000 33.833000 28.000000
      vertex 122.288000 24.125000 28.000000
    endloop
  endfacet
  facet normal 0.000000 0.000000 -1.000000
    outer loop
      vertex 28.731000 33.833000 25.600000
      vertex 122.288000 33.833000 25.600000
      vertex 122.288000 33.923000 25.600000
    endloop
  endfacet
  facet normal 0.000000 0.000000 -1.000000
    outer loop
      vertex 28.731000 33.833000 25.600000
      vertex 122.288000 33.923000 25.600000
      vertex 28.731000 33.923000 25.600000
    endloop
  endfacet
  facet normal 0.000000 0.000000 1.000000
    outer loop
      vertex 28.731000 33.833000 28.000000
      vertex 28.731000 33.923000 28.000000
      vertex 122.288000 33.923000 28.000000
    endloop
  endfacet
  facet normal 0.000000 0.000000 1.000000
    outer loop
      vertex 28.731000 33.833000 28.000000
      vertex 122.288000 33.923000 28.000000
      vertex 122.288000 33.833000 28.000000
    endloop
  endfacet
  facet normal -1.000000 0.000000 0.000000
    outer loop
      vertex 28.731000 33.923000 25.600000
      vertex 28.731000 36.125000 25.600000
      vertex 28.731000 36.125000 28.000000
    endloop
  endfacet
  facet normal -1.000000 0.000000 0.000000
    outer loop
      vertex 28.731000 33.923000 25.600000
      vertex 28.731000 36.125000 28.000000
      vertex 28.731000 33.923000 28.000000
    endloop
  endfacet
  facet normal 0.000000 0.000000 -1.000000
    outer loop
      vertex 28.731000 33.923000 25.600000
      vertex 122.288000 33.923000 25.600000
      vertex 122.288000 36.125000 25.600000
    endloop
  endfacet
  facet normal 0.000000 0.000000 -1.000000
    outer loop
      vertex 28.731000 33.923000 25.600000
      vertex 122.288000 36.125000 25.600000
      vertex 28.731000 36.125000 25.600000
    endloop
  endfacet
  facet normal 0.000000 0.000000 1.000000
    outer loop
      vertex 28.731000 33.923000 28.000000
      vertex 28.731000 36.125000 28.000000
      vertex 122.288000 36.125000 28.000000
    endloop
  endfacet
  facet normal 0.000000 0.000000 1.000000
    outer loop
      vertex 28.731000 33.923000 28.000000
      vertex 122.288000 36.125000 28.000000
      vertex 122.288000 33.923000 28.000000
    endloop
  endfacet
  facet normal -1.000000 0.000000 0.000000
    outer loop
      vertex 28.731000 36.125000 25.600000
      vertex 28.731000 42.105000 25.600000
      vertex 28.731000 42.105000 28.000000
    endloop
  endfacet
  facet normal -1.000000 0.000000 0.000000
    outer loop
      vertex 28.731000 36.125000 25.600000
      vertex 28.731000 42.105000 28.000000
      vertex 28.731000 36.125000 28.000000
    endloop
  endfacet
  facet normal 0.000000 0.000000 -1.000000
    outer loop
      vertex 28.731000 36.125000 25.600000
      vertex 122.288000 36.125000 25.600000
      vertex 122.288000 42.105000 25.600000
    endloop
  endfacet
  facet normal 0.000000 0.000000 -1.000000
    outer loop
      vertex 28.731000 36.125000 25.600000
      vertex 122.288000 42.105000 25.600000
      vertex 28.731000 42.105000 25.600000
    endloop
  endfacet
  facet normal 0.000000 0.000000 1.000000
    outer loop
      vertex 28.731000 36.125000 28.000000
      vertex 28.731000 42.105000 28.000000
      vertex 122.288000 42.105000 28.000000
    endloop
  endfacet
  facet normal 0.000000 0.000000 1.000000
    outer loop
      vertex 28.731000 36.125000 28.000000
      vertex 122.288000 42.105000 28.000000
      vertex 122.288000 36.125000 28.000000
    endloop
  endfacet
  facet normal -1.000000 0.000000 0.000000
    outer loop
      vertex 28.731000 42.105000 25.600000
      vertex 28.731000 43.151000 25.600000
      vertex 28.731000 43.151000 28.000000
    endloop
  endfacet
  facet normal -1.000000 0.000000 0.000000
    outer loop
      vertex 28.731000 42.105000 25.600000
      vertex 28.731000 43.151000 28.000000
      vertex 28.731000 42.105000 28.000000
    endloop
  endfacet
  facet normal 0.000000 0.000000 -1.000000
    outer loop
      vertex 28.731000 42.105000 25.600000
      vertex 122.288000 42.105000 25.600000
      vertex 122.288000 43.151000 25.600000
    endloop
  endfacet
  facet normal 0.000000 0.000000 -1.000000
    outer loop
      vertex 28.731000 42.105000 25.600000
      vertex 122.288000 43.151000 25.600000
      vertex 28.731000 43.151000 25.600000
    endloop
  endfacet
  facet normal 0.000000 0.000000 1.000000
    outer loop
      vertex 28.731000 42.105000 28.000000
      vertex 28.731000 43.151000 28.000000
      vertex 122.288000 43.151000 28.000000
    endloop
  endfacet
  facet normal 0.000000 0.000000 1.000000
    outer loop
      vertex 28.731000 42.105000 28.000000
      vertex 122.288000 43.151000 28.000000
      vertex 122.288000 42.105000 28.000000
    endloop
  endfacet
  facet normal -1.000000 0.000000 0.000000
    outer loop
      vertex 28.731000 43.151000 25.600000
      vertex 28.731000 43.244000 25.600000
      vertex 28.731000 43.244000 28.000000
    endloop
  endfacet
  facet normal -1.000000 0.000000 0.000000
    outer loop
      vertex 28.731000 43.151000 25.600000
      vertex 28.731000 43.244000 28.000000
      vertex 28.731000 43.151000 28.000000
    endloop
  endfacet
  facet normal 0.000000 0.000000 -1.000000
    outer loop
      vertex 28.731000 43.151000 25.600000
      vertex 122.288000 43.151000 25.600000
      vertex 122.288000 43.244000 25.600000
    endloop
  endfacet
  facet normal 0.000000 0.000000 -1.000000
    outer loop
      vertex 28.731000 43.151000 25.600000
      vertex 122.288000 43.244000 25.600000
      vertex 28.731000 43.244000 25.600000
    endloop
  endfacet
  facet normal 0.000000 0.000000 1.000000
    outer loop
      vertex 28.731000 43.151000 28.000000
      vertex 28.731000 43.244000 28.000000
      vertex 122.288000 43.244000 28.000000
    endloop
  endfacet
  facet normal 0.000000 0.000000 1.000000
    outer loop
      vertex 28.731000 43.151000 28.000000
      vertex 122.288000 43.244000 28.000000
      vertex 122.288000 43.151000 28.000000
    endloop
  endfacet
  facet normal 0.000000 0.000000 -1.000000
    outer loop
      vertex 28.731000 43.244000 25.600000
      vertex 122.288000 43.244000 25.600000
      vertex 122.288000 54.437000 25.600000
    endloop
  endfacet
  facet normal 0.000000 0.000000 -1.000000
    outer loop
      vertex 28.731000 43.244000 25.600000
      vertex 122.288000 54.437000 25.600000
      vertex 28.731000 54.437000 25.600000
    endloop
  endfacet
  facet normal 0.000000 0.000000 1.000000
    outer loop
      vertex 28.731000 43.244000 28.000000
      vertex 28.731000 54.437000 28.000000
      vertex 122.288000 54.437000 28.000000
    endloop
  endfacet
  facet normal 0.000000 0.000000 1.000000
    outer loop
      vertex 28.731000 43.244000 28.000000
      vertex 122.288000 54.437000 28.000000
      vertex 122.288000 43.244000 28.000000
    endloop
  endfacet
  facet normal 0.000000 0.000000 -1.000000
    outer loop
      vertex 28.731000 54.437000 25.600000
      vertex 122.288000 54.437000 25.600000
      vertex 122.288000 61.935000 25.600000
    endloop
  endfacet
  facet normal 0.000000 0.000000 -1.000000
    outer loop
      vertex 28.731000 54.437000 25.600000
      vertex 122.288000 61.935000 25.600000
      vertex 28.731000 61.935000 25.600000
    endloop
  endfacet
  facet normal 0.000000 0.000000 1.000000
    outer loop
      vertex 28.731000 54.437000 28.000000
      vertex 28.731000 61.935000 28.000000
      vertex 122.288000 61.935000 28.000000
    endloop
  endfacet
  facet normal 0.000000 0.000000 1.000000
    outer loop
      vertex 28.731000 54.437000 28.000000
      vertex 122.288000 61.935000 28.000000
      vertex 122.288000 54.437000 28.000000
    endloop
  endfacet
  facet normal 0.000000 0.000000 -1.000000
    outer loop
      vertex 28.731000 61.935000 25.600000
      vertex 122.288000 61.935000 25.600000
      vertex 122.288000 64.480000 25.600000
    endloop
  endfacet
  facet normal 0.000000 0.000000 -1.000000
    outer loop
      vertex 28.731000 61.935000 25.600000
      vertex 122.288000 64.480000 25.600000
      vertex 28.731000 64.480000 25.600000
    endloop
  endfacet
  facet normal 0.000000 0.000000 1.000000
    outer loop
      vertex 28.731000 61.935000 28.000000
      vertex 28.731000 64.480000 28.000000
      vertex 122.288000 64.480000 28.000000
    endloop
  endfacet
  facet normal 0.000000 0.000000 1.000000
    outer loop
      vertex 28.731000 61.935000 28.000000
      vertex 122.288000 64.480000 28.000000
      vertex 122.288000 61.935000 28.000000
    endloop
  endfacet
  facet normal 0.000000 0.000000 -1.000000
    outer loop
      vertex 28.731000 64.480000 25.600000
      vertex 122.288000 64.480000 25.600000
      vertex 122.288000 66.080000 25.600000
    endloop
  endfacet
  facet normal 0.000000 0.000000 -1.000000
    outer loop
      vertex 28.731000 64.480000 25.600000
      vertex 122.288000 66.080000 25.600000
      vertex 28.731000 66.080000 25.600000
    endloop
  endfacet
  facet normal 0.000000 0.000000 1.000000
    outer loop
      vertex 28.731000 64.480000 28.000000
      vertex 28.731000 66.080000 28.000000
      vertex 122.288000 66.080000 28.000000
    endloop
  endfacet
  facet normal 0.000000 0.000000 1.000000
    outer loop
      vertex 28.731000 64.480000 28.000000
      vertex 122.288000 66.080000 28.000000
      vertex 122.288000 64.480000 28.000000
    endloop
  endfacet
  facet normal 0.000000 -1.000000 0.000000
    outer loop
      vertex 28.731000 66.080000 0.000000
      vertex 28.731000 66.080000 0.500000
      vertex 122.288000 66.080000 0.500000
    endloop
  endfacet
  facet normal 0.000000 -1.000000 0.000000
    outer loop
      vertex 28.731000 66.080000 0.000000
      vertex 122.288000 66.080000 0.500000
      vertex 122.288000 66.080000 0.000000
    endloop
  endfacet
  facet normal 0.000000 1.000000 0.000000
    outer loop
      vertex 28.731000 68.480000 0.000000
      vertex 122.288000 68.480000 0.000000
      vertex 122.288000 68.480000 0.500000
    endloop
  endfacet
  facet normal 0.000000 1.000000 0.000000
    outer loop
      vertex 28.731000 68.480000 0.000000
      vertex 122.288000 68.480000 0.500000
      vertex 28.731000 68.480000 0.500000
    endloop
  endfacet
  facet normal 0.000000 0.000000 -1.000000
    outer loop
      vertex 28.731000 66.080000 0.000000
      vertex 122.288000 66.080000 0.000000
      vertex 122.288000 68.480000 0.000000
    endloop
  endfacet
  facet normal 0.000000 0.000000 -1.000000
    outer loop
      vertex 28.731000 66.080000 0.000000
      vertex 122.288000 68.480000 0.000000
      vertex 28.731000 68.480000 0.000000
    endloop
  endfacet
  facet normal 0.000000 -1.000000 0.000000
    outer loop
      vertex 28.731000 66.080000 0.500000
      vertex 28.731000 66.080000 9.000000
      vertex 122.288000 66.080000 9.000000
    endloop
  endfacet
  facet normal 0.000000 -1.000000 0.000000
    outer loop
      vertex 28.731000 66.080000 0.500000
      vertex 122.288000 66.080000 9.000000
      vertex 122.288000 66.080000 0.500000
    endloop
  endfacet
  facet normal 0.000000 1.000000 0.000000
    outer loop
      vertex 28.731000 68.480000 0.500000
      vertex 122.288000 68.480000 0.500000
      vertex 122.288000 68.480000 9.000000
    endloop
  endfacet
  facet normal 0.000000 1.000000 0.000000
    outer loop
      vertex 28.731000 68.480000 0.500000
      vertex 122.288000 68.480000 9.000000
      vertex 28.731000 68.480000 9.000000
    endloop
  endfacet
  facet normal 0.000000 -1.000000 0.000000
    outer loop
      vertex 28.731000 66.080000 9.000000
      vertex 28.731000 66.080000 10.000000
      vertex 122.288000 66.080000 10.000000
    endloop
  endfacet
  facet normal 0.000000 -1.000000 0.000000
    outer loop
      vertex 28.731000 66.080000 9.000000
      vertex 122.288000 66.080000 10.000000
      vertex 122.288000 66.080000 9.000000
    endloop
  endfacet
  facet normal 0.000000 1.000000 0.000000
    outer loop
      vertex 28.731000 68.480000 9.000000
      vertex 122.288000 68.480000 9.000000
      vertex 122.288000 68.480000 10.000000
    endloop
  endfacet
  facet normal 0.000000 1.000000 0.000000
    outer loop
      vertex 28.731000 68.480000 9.000000
      vertex 122.288000 68.480000 10.000000
      vertex 28.731000 68.480000 10.000000
    endloop
  endfacet
  facet normal 0.000000 -1.000000 0.000000
    outer loop
      vertex 28.731000 66.080000 10.000000
      vertex 28.731000 66.080000 10.200000
      vertex 122.288000 66.080000 10.200000
    endloop
  endfacet
  facet normal 0.000000 -1.000000 0.000000
    outer loop
      vertex 28.731000 66.080000 10.000000
      vertex 122.288000 66.080000 10.200000
      vertex 122.288000 66.080000 10.000000
    endloop
  endfacet
  facet normal 0.000000 1.000000 0.000000
    outer loop
      vertex 28.731000 68.480000 10.000000
      vertex 122.288000 68.480000 10.000000
      vertex 122.288000 68.480000 10.200000
    endloop
  endfacet
  facet normal 0.000000 1.000000 0.000000
    outer loop
      vertex 28.731000 68.480000 10.000000
      vertex 122.288000 68.480000 10.200000
      vertex 28.731000 68.480000 10.200000
    endloop
  endfacet
  facet normal 0.000000 -1.000000 0.000000
    outer loop
      vertex 28.731000 66.080000 10.200000
      vertex 28.731000 66.080000 25.500000
      vertex 122.288000 66.080000 25.500000
    endloop
  endfacet
  facet normal 0.000000 -1.000000 0.000000
    outer loop
      vertex 28.731000 66.080000 10.200000
      vertex 122.288000 66.080000 25.500000
      vertex 122.288000 66.080000 10.200000
    endloop
  endfacet
  facet normal 0.000000 1.000000 0.000000
    outer loop
      vertex 28.731000 68.480000 10.200000
      vertex 122.288000 68.480000 10.200000
      vertex 122.288000 68.480000 25.500000
    endloop
  endfacet
  facet normal 0.000000 1.000000 0.000000
    outer loop
      vertex 28.731000 68.480000 10.200000
      vertex 122.288000 68.480000 25.500000
      vertex 28.731000 68.480000 25.500000
    endloop
  endfacet
  facet normal 0.000000 -1.000000 0.000000
    outer loop
      vertex 28.731000 66.080000 25.500000
      vertex 28.731000 66.080000 25.600000
      vertex 122.288000 66.080000 25.600000
    endloop
  endfacet
  facet normal 0.000000 -1.000000 0.000000
    outer loop
      vertex 28.731000 66.080000 25.500000
      vertex 122.288000 66.080000 25.600000
      vertex 122.288000 66.080000 25.500000
    endloop
  endfacet
  facet normal 0.000000 1.000000 0.000000
    outer loop
      vertex 28.731000 68.480000 25.500000
      vertex 122.288000 68.480000 25.500000
      vertex 122.288000 68.480000 25.600000
    endloop
  endfacet
  facet normal 0.000000 1.000000 0.000000
    outer loop
      vertex 28.731000 68.480000 25.500000
      vertex 122.288000 68.480000 25.600000
      vertex 28.731000 68.480000 25.600000
    endloop
  endfacet
  facet normal 0.000000 1.000000 0.000000
    outer loop
      vertex 28.731000 68.480000 25.600000
      vertex 122.288000 68.480000 25.600000
      vertex 122.288000 68.480000 28.000000
    endloop
  endfacet
  facet normal 0.000000 1.000000 0.000000
    outer loop
      vertex 28.731000 68.480000 25.600000
      vertex 122.288000 68.480000 28.000000
      vertex 28.731000 68.480000 28.000000
    endloop
  endfacet
  facet normal 0.000000 0.000000 1.000000
    outer loop
      vertex 28.731000 66.080000 28.000000
      vertex 28.731000 68.480000 28.000000
      vertex 122.288000 68.480000 28.000000
    endloop
  endfacet
  facet normal 0.000000 0.000000 1.000000
    outer loop
      vertex 28.731000 66.080000 28.000000
      vertex 122.288000 68.480000 28.000000
      vertex 122.288000 66.080000 28.000000
    endloop
  endfacet
  facet normal 0.000000 -1.000000 0.000000
    outer loop
      vertex 122.288000 0.000000 0.000000
      vertex 122.288000 0.000000 0.500000
      vertex 124.935000 0.000000 0.500000
    endloop
  endfacet
  facet normal 0.000000 -1.000000 0.000000
    outer loop
      vertex 122.288000 0.000000 0.000000
      vertex 124.935000 0.000000 0.500000
      vertex 124.935000 0.000000 0.000000
    endloop
  endfacet
  facet normal 0.000000 1.000000 0.000000
    outer loop
      vertex 122.288000 2.400000 0.000000
      vertex 124.935000 2.400000 0.000000
      vertex 124.935000 2.400000 0.500000
    endloop
  endfacet
  facet normal 0.000000 1.000000 0.000000
    outer loop
      vertex 122.288000 2.400000 0.000000
      vertex 124.935000 2.400000 0.500000
      vertex 122.288000 2.400000 0.500000
    endloop
  endfacet
  facet normal 0.000000 0.000000 -1.000000
    outer loop
      vertex 122.288000 0.000000 0.000000
      vertex 124.935000 0.000000 0.000000
      vertex 124.935000 2.400000 0.000000
    endloop
  endfacet
  facet normal 0.000000 0.000000 -1.000000
    outer loop
      vertex 122.288000 0.000000 0.000000
      vertex 124.935000 2.400000 0.000000
      vertex 122.288000 2.400000 0.000000
    endloop
  endfacet
  facet normal 0.000000 -1.000000 0.000000
    outer loop
      vertex 122.288000 0.000000 0.500000
      vertex 122.288000 0.000000 9.000000
      vertex 124.935000 0.000000 9.000000
    endloop
  endfacet
  facet normal 0.000000 -1.000000 0.000000
    outer loop
      vertex 122.288000 0.000000 0.500000
      vertex 124.935000 0.000000 9.000000
      vertex 124.935000 0.000000 0.500000
    endloop
  endfacet
  facet normal 0.000000 1.000000 0.000000
    outer loop
      vertex 122.288000 2.400000 0.500000
      vertex 124.935000 2.400000 0.500000
      vertex 124.935000 2.400000 9.000000
    endloop
  endfacet
  facet normal 0.000000 1.000000 0.000000
    outer loop
      vertex 122.288000 2.400000 0.500000
      vertex 124.935000 2.400000 9.000000
      vertex 122.288000 2.400000 9.000000
    endloop
  endfacet
  facet normal 0.000000 -1.000000 0.000000
    outer loop
      vertex 122.288000 0.000000 9.000000
      vertex 122.288000 0.000000 10.000000
      vertex 124.935000 0.000000 10.000000
    endloop
  endfacet
  facet normal 0.000000 -1.000000 0.000000
    outer loop
      vertex 122.288000 0.000000 9.000000
      vertex 124.935000 0.000000 10.000000
      vertex 124.935000 0.000000 9.000000
    endloop
  endfacet
  facet normal 0.000000 1.000000 0.000000
    outer loop
      vertex 122.288000 2.400000 9.000000
      vertex 124.935000 2.400000 9.000000
      vertex 124.935000 2.400000 10.000000
    endloop
  endfacet
  facet normal 0.000000 1.000000 0.000000
    outer loop
      vertex 122.288000 2.400000 9.000000
      vertex 124.935000 2.400000 10.000000
      vertex 122.288000 2.400000 10.000000
    endloop
  endfacet
  facet normal 0.000000 -1.000000 0.000000
    outer loop
      vertex 122.288000 0.000000 10.000000
      vertex 122.288000 0.000000 10.200000
      vertex 124.935000 0.000000 10.200000
    endloop
  endfacet
  facet normal 0.000000 -1.000000 0.000000
    outer loop
      vertex 122.288000 0.000000 10.000000
      vertex 124.935000 0.000000 10.200000
      vertex 124.935000 0.000000 10.000000
    endloop
  endfacet
  facet normal 0.000000 1.000000 0.000000
    outer loop
      vertex 122.288000 2.400000 10.000000
      vertex 124.935000 2.400000 10.000000
      vertex 124.935000 2.400000 10.200000
    endloop
  endfacet
  facet normal 0.000000 1.000000 0.000000
    outer loop
      vertex 122.288000 2.400000 10.000000
      vertex 124.935000 2.400000 10.200000
      vertex 122.288000 2.400000 10.200000
    endloop
  endfacet
  facet normal 0.000000 -1.000000 0.000000
    outer loop
      vertex 122.288000 0.000000 10.200000
      vertex 122.288000 0.000000 25.500000
      vertex 124.935000 0.000000 25.500000
    endloop
  endfacet
  facet normal 0.000000 -1.000000 0.000000
    outer loop
      vertex 122.288000 0.000000 10.200000
      vertex 124.935000 0.000000 25.500000
      vertex 124.935000 0.000000 10.200000
    endloop
  endfacet
  facet normal 0.000000 1.000000 0.000000
    outer loop
      vertex 122.288000 2.400000 10.200000
      vertex 124.935000 2.400000 10.200000
      vertex 124.935000 2.400000 25.500000
    endloop
  endfacet
  facet normal 0.000000 1.000000 0.000000
    outer loop
      vertex 122.288000 2.400000 10.200000
      vertex 124.935000 2.400000 25.500000
      vertex 122.288000 2.400000 25.500000
    endloop
  endfacet
  facet normal 0.000000 -1.000000 0.000000
    outer loop
      vertex 122.288000 0.000000 25.500000
      vertex 122.288000 0.000000 25.600000
      vertex 124.935000 0.000000 25.600000
    endloop
  endfacet
  facet normal 0.000000 -1.000000 0.000000
    outer loop
      vertex 122.288000 0.000000 25.500000
      vertex 124.935000 0.000000 25.600000
      vertex 124.935000 0.000000 25.500000
    endloop
  endfacet
  facet normal 0.000000 1.000000 0.000000
    outer loop
      vertex 122.288000 2.400000 25.500000
      vertex 124.935000 2.400000 25.500000
      vertex 124.935000 2.400000 25.600000
    endloop
  endfacet
  facet normal 0.000000 1.000000 0.000000
    outer loop
      vertex 122.288000 2.400000 25.500000
      vertex 124.935000 2.400000 25.600000
      vertex 122.288000 2.400000 25.600000
    endloop
  endfacet
  facet normal 0.000000 -1.000000 0.000000
    outer loop
      vertex 122.288000 0.000000 25.600000
      vertex 122.288000 0.000000 28.000000
      vertex 124.935000 0.000000 28.000000
    endloop
  endfacet
  facet normal 0.000000 -1.000000 0.000000
    outer loop
      vertex 122.288000 0.000000 25.600000
      vertex 124.935000 0.000000 28.000000
      vertex 124.935000 0.000000 25.600000
    endloop
  endfacet
  facet normal 0.000000 0.000000 1.000000
    outer loop
      vertex 122.288000 0.000000 28.000000
      vertex 122.288000 2.400000 28.000000
      vertex 124.935000 2.400000 28.000000
    endloop
  endfacet
  facet normal 0.000000 0.000000 1.000000
    outer loop
      vertex 122.288000 0.000000 28.000000
      vertex 124.935000 2.400000 28.000000
      vertex 124.935000 0.000000 28.000000
    endloop
  endfacet
  facet normal 0.000000 0.000000 -1.000000
    outer loop
      vertex 122.288000 2.400000 25.600000
      vertex 124.935000 2.400000 25.600000
      vertex 124.935000 4.000000 25.600000
    endloop
  endfacet
  facet normal 0.000000 0.000000 -1.000000
    outer loop
      vertex 122.288000 2.400000 25.600000
      vertex 124.935000 4.000000 25.600000
      vertex 122.288000 4.000000 25.600000
    endloop
  endfacet
  facet normal 0.000000 0.000000 1.000000
    outer loop
      vertex 122.288000 2.400000 28.000000
      vertex 122.288000 4.000000 28.000000
      vertex 124.935000 4.000000 28.000000
    endloop
  endfacet
  facet normal 0.000000 0.000000 1.000000
    outer loop
      vertex 122.288000 2.400000 28.000000
      vertex 124.935000 4.000000 28.000000
      vertex 124.935000 2.400000 28.000000
    endloop
  endfacet
  facet normal 0.000000 0.000000 -1.000000
    outer loop
      vertex 122.288000 4.000000 25.600000
      vertex 124.935000 4.000000 25.600000
      vertex 124.935000 13.282000 25.600000
    endloop
  endfacet
  facet normal 0.000000 0.000000 -1.000000
    outer loop
      vertex 122.288000 4.000000 25.600000
      vertex 124.935000 13.282000 25.600000
      vertex 122.288000 13.282000 25.600000
    endloop
  endfacet
  facet normal 0.000000 0.000000 1.000000
    outer loop
      vertex 122.288000 4.000000 28.000000
      vertex 122.288000 13.282000 28.000000
      vertex 124.935000 13.282000 28.000000
    endloop
  endfacet
  facet normal 0.000000 0.000000 1.000000
    outer loop
      vertex 122.288000 4.000000 28.000000
      vertex 124.935000 13.282000 28.000000
      vertex 124.935000 4.000000 28.000000
    endloop
  endfacet
  facet normal 0.000000 0.000000 -1.000000
    outer loop
      vertex 122.288000 13.282000 25.600000
      vertex 124.935000 13.282000 25.600000
      vertex 124.935000 18.899000 25.600000
    endloop
  endfacet
  facet normal 0.000000 0.000000 -1.000000
    outer loop
      vertex 122.288000 13.282000 25.600000
      vertex 124.935000 18.899000 25.600000
      vertex 122.288000 18.899000 25.600000
    endloop
  endfacet
  facet normal 0.000000 0.000000 1.000000
    outer loop
      vertex 122.288000 13.282000 28.000000
      vertex 122.288000 18.899000 28.000000
      vertex 124.935000 18.899000 28.000000
    endloop
  endfacet
  facet normal 0.000000 0.000000 1.000000
    outer loop
      vertex 122.288000 13.282000 28.000000
      vertex 124.935000 18.899000 28.000000
      vertex 124.935000 13.282000 28.000000
    endloop
  endfacet
  facet normal 0.000000 0.000000 -1.000000
    outer loop
      vertex 122.288000 18.899000 25.600000
      vertex 124.935000 18.899000 25.600000
      vertex 124.935000 22.889000 25.600000
    endloop
  endfacet
  facet normal 0.000000 0.000000 -1.000000
    outer loop
      vertex 122.288000 18.899000 25.600000
      vertex 124.935000 22.889000 25.600000
      vertex 122.288000 22.889000 25.600000
    endloop
  endfacet
  facet normal 0.000000 0.000000 1.000000
    outer loop
      vertex 122.288000 18.899000 28.000000
      vertex 122.288000 22.889000 28.000000
      vertex 124.935000 22.889000 28.000000
    endloop
  endfacet
  facet normal 0.000000 0.000000 1.000000
    outer loop
      vertex 122.288000 18.899000 28.000000
      vertex 124.935000 22.889000 28.000000
      vertex 124.935000 18.899000 28.000000
    endloop
  endfacet
  facet normal 0.000000 0.000000 -1.000000
    outer loop
      vertex 122.288000 22.889000 25.600000
      vertex 124.935000 22.889000 25.600000
      vertex 124.935000 24.125000 25.600000
    endloop
  endfacet
  facet normal 0.000000 0.000000 -1.000000
    outer loop
      vertex 122.288000 22.889000 25.600000
      vertex 124.935000 24.125000 25.600000
      vertex 122.288000 24.125000 25.600000
    endloop
  endfacet
  facet normal 0.000000 0.000000 1.000000
    outer loop
      vertex 122.288000 22.889000 28.000000
      vertex 122.288000 24.125000 28.000000
      vertex 124.935000 24.125000 28.000000
    endloop
  endfacet
  facet normal 0.000000 0.000000 1.000000
    outer loop
      vertex 122.288000 22.889000 28.000000
      vertex 124.935000 24.125000 28.000000
      vertex 124.935000 22.889000 28.000000
    endloop
  endfacet
  facet normal 0.000000 0.000000 -1.000000
    outer loop
      vertex 122.288000 24.125000 25.600000
      vertex 124.935000 24.125000 25.600000
      vertex 124.935000 33.833000 25.600000
    endloop
  endfacet
  facet normal 0.000000 0.000000 -1.000000
    outer loop
      vertex 122.288000 24.125000 25.600000
      vertex 124.935000 33.833000 25.600000
      vertex 122.288000 33.833000 25.600000
    endloop
  endfacet
  facet normal 0.000000 0.000000 1.000000
    outer loop
      vertex 122.288000 24.125000 28.000000
      vertex 122.288000 33.833000 28.000000
      vertex 124.935000 33.833000 28.000000
    endloop
  endfacet
  facet normal 0.000000 0.000000 1.000000
    outer loop
      vertex 122.288000 24.125000 28.000000
      vertex 124.935000 33.833000 28.000000
      vertex 124.935000 24.125000 28.000000
    endloop
  endfacet
  facet normal 0.000000 0.000000 -1.000000
    outer loop
      vertex 122.288000 33.833000 25.600000
      vertex 124.935000 33.833000 25.600000
      vertex 124.935000 33.923000 25.600000
    endloop
  endfacet
  facet normal 0.000000 0.000000 -1.000000
    outer loop
      vertex 122.288000 33.833000 25.600000
      vertex 124.935000 33.923000 25.600000
      vertex 122.288000 33.923000 25.600000
    endloop
  endfacet
  facet normal 0.000000 0.000000 1.000000
    outer loop
      vertex 122.288000 33.833000 28.000000
      vertex 122.288000 33.923000 28.000000
      vertex 124.935000 33.923000 28.000000
    endloop
  endfacet
  facet normal 0.000000 0.000000 1.000000
    outer loop
      vertex 122.288000 33.833000 28.000000
      vertex 124.935000 33.923000 28.000000
      vertex 124.935000 33.833000 28.000000
    endloop
  endfacet
  facet normal 0.000000 0.000000 -1.000000
    outer loop
      vertex 122.288000 33.923000 25.600000
      vertex 124.935000 33.923000 25.600000
      vertex 124.935000 36.125000 25.600000
    endloop
  endfacet
  facet normal 0.000000 0.000000 -1.000000
    outer loop
      vertex 122.288000 33.923000 25.600000
      vertex 124.935000 36.125000 25.600000
      vertex 122.288000 36.125000 25.600000
    endloop
  endfacet
  facet normal 0.000000 0.000000 1.000000
    outer loop
      vertex 122.288000 33.923000 28.000000
      vertex 122.288000 36.125000 28.000000
      vertex 124.935000 36.125000 28.000000
    endloop
  endfacet
  facet normal 0.000000 0.000000 1.000000
    outer loop
      vertex 122.288000 33.923000 28.000000
      vertex 124.935000 36.125000 28.000000
      vertex 124.935000 33.923000 28.000000
    endloop
  endfacet
  facet normal 0.000000 0.000000 -1.000000
    outer loop
      vertex 122.288000 36.125000 25.600000
      vertex 124.935000 36.125000 25.600000
      vertex 124.935000 42.105000 25.600000
    endloop
  endfacet
  facet normal 0.000000 0.000000 -1.000000
    outer loop
      vertex 122.288000 36.125000 25.600000
      vertex 124.935000 42.105000 25.600000
      vertex 122.288000 42.105000 25.600000
    endloop
  endfacet
  facet normal 0.000000 0.000000 1.000000
    outer loop
      vertex 122.288000 36.125000 28.000000
      vertex 122.288000 42.105000 28.000000
      vertex 124.935000 42.105000 28.000000
    endloop
  endfacet
  facet normal 0.000000 0.000000 1.000000
    outer loop
      vertex 122.288000 36.125000 28.000000
      vertex 124.935000 42.105000 28.000000
      vertex 124.935000 36.125000 28.000000
    endloop
  endfacet
  facet normal 0.000000 0.000000 -1.000000
    outer loop
      vertex 122.288000 42.105000 25.600000
      vertex 124.935000 42.105000 25.600000
      vertex 124.935000 43.151000 25.600000
    endloop
  endfacet
  facet normal 0.000000 0.000000 -1.000000
    outer loop
      vertex 122.288000 42.105000 25.600000
      vertex 124.935000 43.151000 25.600000
      vertex 122.288000 43.151000 25.600000
    endloop
  endfacet
  facet normal 0.000000 0.000000 1.000000
    outer loop
      vertex 122.288000 42.105000 28.000000
      vertex 122.288000 43.151000 28.000000
      vertex 124.935000 43.151000 28.000000
    endloop
  endfacet
  facet normal 0.000000 0.000000 1.000000
    outer loop
      vertex 122.288000 42.105000 28.000000
      vertex 124.935000 43.151000 28.000000
      vertex 124.935000 42.105000 28.000000
    endloop
  endfacet
  facet normal 0.000000 0.000000 -1.000000
    outer loop
      vertex 122.288000 43.151000 25.600000
      vertex 124.935000 43.151000 25.600000
      vertex 124.935000 43.244000 25.600000
    endloop
  endfacet
  facet normal 0.000000 0.000000 -1.000000
    outer loop
      vertex 122.288000 43.151000 25.600000
      vertex 124.935000 43.244000 25.600000
      vertex 122.288000 43.244000 25.600000
    endloop
  endfacet
  facet normal 0.000000 0.000000 1.000000
    outer loop
      vertex 122.288000 43.151000 28.000000
      vertex 122.288000 43.244000 28.000000
      vertex 124.935000 43.244000 28.000000
    endloop
  endfacet
  facet normal 0.000000 0.000000 1.000000
    outer loop
      vertex 122.288000 43.151000 28.000000
      vertex 124.935000 43.244000 28.000000
      vertex 124.935000 43.151000 28.000000
    endloop
  endfacet
  facet normal 0.000000 0.000000 -1.000000
    outer loop
      vertex 122.288000 43.244000 25.600000
      vertex 124.935000 43.244000 25.600000
      vertex 124.935000 54.437000 25.600000
    endloop
  endfacet
  facet normal 0.000000 0.000000 -1.000000
    outer loop
      vertex 122.288000 43.244000 25.600000
      vertex 124.935000 54.437000 25.600000
      vertex 122.288000 54.437000 25.600000
    endloop
  endfacet
  facet normal 0.000000 0.000000 1.000000
    outer loop
      vertex 122.288000 43.244000 28.000000
      vertex 122.288000 54.437000 28.000000
      vertex 124.935000 54.437000 28.000000
    endloop
  endfacet
  facet normal 0.000000 0.000000 1.000000
    outer loop
      vertex 122.288000 43.244000 28.000000
      vertex 124.935000 54.437000 28.000000
      vertex 124.935000 43.244000 28.000000
    endloop
  endfacet
  facet normal 0.000000 0.000000 -1.000000
    outer loop
      vertex 122.288000 54.437000 25.600000
      vertex 124.935000 54.437000 25.600000
      vertex 124.935000 61.935000 25.600000
    endloop
  endfacet
  facet normal 0.000000 0.000000 -1.000000
    outer loop
      vertex 122.288000 54.437000 25.600000
      vertex 124.935000 61.935000 25.600000
      vertex 122.288000 61.935000 25.600000
    endloop
  endfacet
  facet normal 0.000000 0.000000 1.000000
    outer loop
      vertex 122.288000 54.437000 28.000000
      vertex 122.288000 61.935000 28.000000
      vertex 124.935000 61.935000 28.000000
    endloop
  endfacet
  facet normal 0.000000 0.000000 1.000000
    outer loop
      vertex 122.288000 54.437000 28.000000
      vertex 124.935000 61.935000 28.000000
      vertex 124.935000 54.437000 28.000000
    endloop
  endfacet
  facet normal 0.000000 0.000000 -1.000000
    outer loop
      vertex 122.288000 61.935000 25.600000
      vertex 124.935000 61.935000 25.600000
      vertex 124.935000 64.480000 25.600000
    endloop
  endfacet
  facet normal 0.000000 0.000000 -1.000000
    outer loop
      vertex 122.288000 61.935000 25.600000
      vertex 124.935000 64.480000 25.600000
      vertex 122.288000 64.480000 25.600000
    endloop
  endfacet
  facet normal 0.000000 0.000000 1.000000
    outer loop
      vertex 122.288000 61.935000 28.000000
      vertex 122.288000 64.480000 28.000000
      vertex 124.935000 64.480000 28.000000
    endloop
  endfacet
  facet normal 0.000000 0.000000 1.000000
    outer loop
      vertex 122.288000 61.935000 28.000000
      vertex 124.935000 64.480000 28.000000
      vertex 124.935000 61.935000 28.000000
    endloop
  endfacet
  facet normal 0.000000 0.000000 -1.000000
    outer loop
      vertex 122.288000 64.480000 25.600000
      vertex 124.935000 64.480000 25.600000
      vertex 124.935000 66.080000 25.600000
    endloop
  endfacet
  facet normal 0.000000 0.000000 -1.000000
    outer loop
      vertex 122.288000 64.480000 25.600000
      vertex 124.935000 66.080000 25.600000
      vertex 122.288000 66.080000 25.600000
    endloop
  endfacet
  facet normal 0.000000 0.000000 1.000000
    outer loop
      vertex 122.288000 64.480000 28.000000
      vertex 122.288000 66.080000 28.000000
      vertex 124.935000 66.080000 28.000000
    endloop
  endfacet
  facet normal 0.000000 0.000000 1.000000
    outer loop
      vertex 122.288000 64.480000 28.000000
      vertex 124.935000 66.080000 28.000000
      vertex 124.935000 64.480000 28.000000
    endloop
  endfacet
  facet normal 0.000000 -1.000000 0.000000
    outer loop
      vertex 122.288000 66.080000 0.000000
      vertex 122.288000 66.080000 0.500000
      vertex 124.935000 66.080000 0.500000
    endloop
  endfacet
  facet normal 0.000000 -1.000000 0.000000
    outer loop
      vertex 122.288000 66.080000 0.000000
      vertex 124.935000 66.080000 0.500000
      vertex 124.935000 66.080000 0.000000
    endloop
  endfacet
  facet normal 0.000000 1.000000 0.000000
    outer loop
      vertex 122.288000 68.480000 0.000000
      vertex 124.935000 68.480000 0.000000
      vertex 124.935000 68.480000 0.500000
    endloop
  endfacet
  facet normal 0.000000 1.000000 0.000000
    outer loop
      vertex 122.288000 68.480000 0.000000
      vertex 124.935000 68.480000 0.500000
      vertex 122.288000 68.480000 0.500000
    endloop
  endfacet
  facet normal 0.000000 0.000000 -1.000000
    outer loop
      vertex 122.288000 66.080000 0.000000
      vertex 124.935000 66.080000 0.000000
      vertex 124.935000 68.480000 0.000000
    endloop
  endfacet
  facet normal 0.000000 0.000000 -1.000000
    outer loop
      vertex 122.288000 66.080000 0.000000
      vertex 124.935000 68.480000 0.000000
      vertex 122.288000 68.480000 0.000000
    endloop
  endfacet
  facet normal 0.000000 -1.000000 0.000000
    outer loop
      vertex 122.288000 66.080000 0.500000
      vertex 122.288000 66.080000 9.000000
      vertex 124.935000 66.080000 9.000000
    endloop
  endfacet
  facet normal 0.000000 -1.000000 0.000000
    outer loop
      vertex 122.288000 66.080000 0.500000
      vertex 124.935000 66.080000 9.000000
      vertex 124.935000 66.080000 0.500000
    endloop
  endfacet
  facet normal 0.000000 1.000000 0.000000
    outer loop
      vertex 122.288000 68.480000 0.500000
      vertex 124.935000 68.480000 0.500000
      vertex 124.935000 68.480000 9.000000
    endloop
  endfacet
  facet normal 0.000000 1.000000 0.000000
    outer loop
      vertex 122.288000 68.480000 0.500000
      vertex 124.935000 68.480000 9.000000
      vertex 122.288000 68.480000 9.000000
    endloop
  endfacet
  facet normal 0.000000 -1.000000 0.000000
    outer loop
      vertex 122.288000 66.080000 9.000000
      vertex 122.288000 66.080000 10.000000
      vertex 124.935000 66.080000 10.000000
    endloop
  endfacet
  facet normal 0.000000 -1.000000 0.000000
    outer loop
      vertex 122.288000 66.080000 9.000000
      vertex 124.935000 66.080000 10.000000
      vertex 124.935000 66.080000 9.000000
    endloop
  endfacet
  facet normal 0.000000 1.000000 0.000000
    outer loop
      vertex 122.288000 68.480000 9.000000
      vertex 124.935000 68.480000 9.000000
      vertex 124.935000 68.480000 10.000000
    endloop
  endfacet
  facet normal 0.000000 1.000000 0.000000
    outer loop
      vertex 122.288000 68.480000 9.000000
      vertex 124.935000 68.480000 10.000000
      vertex 122.288000 68.480000 10.000000
    endloop
  endfacet
  facet normal 0.000000 -1.000000 0.000000
    outer loop
      vertex 122.288000 66.080000 10.000000
      vertex 122.288000 66.080000 10.200000
      vertex 124.935000 66.080000 10.200000
    endloop
  endfacet
  facet normal 0.000000 -1.000000 0.000000
    outer loop
      vertex 122.288000 66.080000 10.000000
      vertex 124.935000 66.080000 10.200000
      vertex 124.935000 66.080000 10.000000
    endloop
  endfacet
  facet normal 0.000000 1.000000 0.000000
    outer loop
      vertex 122.288000 68.480000 10.000000
      vertex 124.935000 68.480000 10.000000
      vertex 124.935000 68.480000 10.200000
    endloop
  endfacet
  facet normal 0.000000 1.000000 0.000000
    outer loop
      vertex 122.288000 68.480000 10.000000
      vertex 124.935000 68.480000 10.200000
      vertex 122.288000 68.480000 10.200000
    endloop
  endfacet
  facet normal 0.000000 -1.000000 0.000000
    outer loop
      vertex 122.288000 66.080000 10.200000
      vertex 122.288000 66.080000 25.500000
      vertex 124.935000 66.080000 25.500000
    endloop
  endfacet
  facet normal 0.000000 -1.000000 0.000000
    outer loop
      vertex 122.288000 66.080000 10.200000
      vertex 124.935000 66.080000 25.500000
      vertex 124.935000 66.080000 10.200000
    endloop
  endfacet
  facet normal 0.000000 1.000000 0.000000
    outer loop
      vertex 122.288000 68.480000 10.200000
      vertex 124.935000 68.480000 10.200000
      vertex 124.935000 68.480000 25.500000
    endloop
  endfacet
  facet normal 0.000000 1.000000 0.000000
    outer loop
      vertex 122.288000 68.480000 10.200000
      vertex 124.935000 68.480000 25.500000
      vertex 122.288000 68.480000 25.500000
    endloop
  endfacet
  facet normal 0.000000 -1.000000 0.000000
    outer loop
      vertex 122.288000 66.080000 25.500000
      vertex 122.288000 66.080000 25.600000
      vertex 124.935000 66.080000 25.600000
    endloop
  endfacet
  facet normal 0.000000 -1.000000 0.000000
    outer loop
      vertex 122.288000 66.080000 25.500000
      vertex 124.935000 66.080000 25.600000
      vertex 124.935000 66.080000 25.500000
    endloop
  endfacet
  facet normal 0.000000 1.000000 0.000000
    outer loop
      vertex 122.288000 68.480000 25.500000
      vertex 124.935000 68.480000 25.500000
      vertex 124.935000 68.480000 25.600000
    endloop
  endfacet
  facet normal 0.000000 1.000000 0.000000
    outer loop
      vertex 122.288000 68.480000 25.500000
      vertex 124.935000 68.480000 25.600000
      vertex 122.288000 68.480000 25.600000
    endloop
  endfacet
  facet normal 0.000000 1.000000 0.000000
    outer loop
      vertex 122.288000 68.480000 25.600000
      vertex 124.935000 68.480000 25.600000
      vertex 124.935000 68.480000 28.000000
    endloop
  endfacet
  facet normal 0.000000 1.000000 0.000000
    outer loop
      vertex 122.288000 68.480000 25.600000
      vertex 124.935000 68.480000 28.000000
      vertex 122.288000 68.480000 28.000000
    endloop
  endfacet
  facet normal 0.000000 0.000000 1.000000
    outer loop
      vertex 122.288000 66.080000 28.000000
      vertex 122.288000 68.480000 28.000000
      vertex 124.935000 68.480000 28.000000
    endloop
  endfacet
  facet normal 0.000000 0.000000 1.000000
    outer loop
      vertex 122.288000 66.080000 28.000000
      vertex 124.935000 68.480000 28.000000
      vertex 124.935000 66.080000 28.000000
    endloop
  endfacet
  facet normal 0.000000 -1.000000 0.000000
    outer loop
      vertex 124.935000 0.000000 0.000000
      vertex 124.935000 0.000000 0.500000
      vertex 134.660000 0.000000 0.500000
    endloop
  endfacet
  facet normal 0.000000 -1.000000 0.000000
    outer loop
      vertex 124.935000 0.000000 0.000000
      vertex 134.660000 0.000000 0.500000
      vertex 134.660000 0.000000 0.000000
    endloop
  endfacet
  facet normal 0.000000 1.000000 0.000000
    outer loop
      vertex 124.935000 2.400000 0.000000
      vertex 134.660000 2.400000 0.000000
      vertex 134.660000 2.400000 0.500000
    endloop
  endfacet
  facet normal 0.000000 1.000000 0.000000
    outer loop
      vertex 124.935000 2.400000 0.000000
      vertex 134.660000 2.400000 0.500000
      vertex 124.935000 2.400000 0.500000
    endloop
  endfacet
  facet normal 0.000000 0.000000 -1.000000
    outer loop
      vertex 124.935000 0.000000 0.000000
      vertex 134.660000 0.000000 0.000000
      vertex 134.660000 2.400000 0.000000
    endloop
  endfacet
  facet normal 0.000000 0.000000 -1.000000
    outer loop
      vertex 124.935000 0.000000 0.000000
      vertex 134.660000 2.400000 0.000000
      vertex 124.935000 2.400000 0.000000
    endloop
  endfacet
  facet normal 0.000000 -1.000000 0.000000
    outer loop
      vertex 124.935000 0.000000 0.500000
      vertex 124.935000 0.000000 9.000000
      vertex 134.660000 0.000000 9.000000
    endloop
  endfacet
  facet normal 0.000000 -1.000000 0.000000
    outer loop
      vertex 124.935000 0.000000 0.500000
      vertex 134.660000 0.000000 9.000000
      vertex 134.660000 0.000000 0.500000
    endloop
  endfacet
  facet normal 0.000000 1.000000 0.000000
    outer loop
      vertex 124.935000 2.400000 0.500000
      vertex 134.660000 2.400000 0.500000
      vertex 134.660000 2.400000 9.000000
    endloop
  endfacet
  facet normal 0.000000 1.000000 0.000000
    outer loop
      vertex 124.935000 2.400000 0.500000
      vertex 134.660000 2.400000 9.000000
      vertex 124.935000 2.400000 9.000000
    endloop
  endfacet
  facet normal 0.000000 -1.000000 0.000000
    outer loop
      vertex 124.935000 0.000000 9.000000
      vertex 124.935000 0.000000 10.000000
      vertex 134.660000 0.000000 10.000000
    endloop
  endfacet
  facet normal 0.000000 -1.000000 0.000000
    outer loop
      vertex 124.935000 0.000000 9.000000
      vertex 134.660000 0.000000 10.000000
      vertex 134.660000 0.000000 9.000000
    endloop
  endfacet
  facet normal 0.000000 1.000000 0.000000
    outer loop
      vertex 124.935000 2.400000 9.000000
      vertex 134.660000 2.400000 9.000000
      vertex 134.660000 2.400000 10.000000
    endloop
  endfacet
  facet normal 0.000000 1.000000 0.000000
    outer loop
      vertex 124.935000 2.400000 9.000000
      vertex 134.660000 2.400000 10.000000
      vertex 124.935000 2.400000 10.000000
    endloop
  endfacet
  facet normal 0.000000 -1.000000 0.000000
    outer loop
      vertex 124.935000 0.000000 10.000000
      vertex 124.935000 0.000000 10.200000
      vertex 134.660000 0.000000 10.200000
    endloop
  endfacet
  facet normal 0.000000 -1.000000 0.000000
    outer loop
      vertex 124.935000 0.000000 10.000000
      vertex 134.660000 0.000000 10.200000
      vertex 134.660000 0.000000 10.000000
    endloop
  endfacet
  facet normal 0.000000 1.000000 0.000000
    outer loop
      vertex 124.935000 2.400000 10.000000
      vertex 134.660000 2.400000 10.000000
      vertex 134.660000 2.400000 10.200000
    endloop
  endfacet
  facet normal 0.000000 1.000000 0.000000
    outer loop
      vertex 124.935000 2.400000 10.000000
      vertex 134.660000 2.400000 10.200000
      vertex 124.935000 2.400000 10.200000
    endloop
  endfacet
  facet normal 0.000000 -1.000000 0.000000
    outer loop
      vertex 124.935000 0.000000 10.200000
      vertex 124.935000 0.000000 25.500000
      vertex 134.660000 0.000000 25.500000
    endloop
  endfacet
  facet normal 0.000000 -1.000000 0.000000
    outer loop
      vertex 124.935000 0.000000 10.200000
      vertex 134.660000 0.000000 25.500000
      vertex 134.660000 0.000000 10.200000
    endloop
  endfacet
  facet normal 0.000000 1.000000 0.000000
    outer loop
      vertex 124.935000 2.400000 10.200000
      vertex 134.660000 2.400000 10.200000
      vertex 134.660000 2.400000 25.500000
    endloop
  endfacet
  facet normal 0.000000 1.000000 0.000000
    outer loop
      vertex 124.935000 2.400000 10.200000
      vertex 134.660000 2.400000 25.500000
      vertex 124.935000 2.400000 25.500000
    endloop
  endfacet
  facet normal 0.000000 -1.000000 0.000000
    outer loop
      vertex 124.935000 0.000000 25.500000
      vertex 124.935000 0.000000 25.600000
      vertex 134.660000 0.000000 25.600000
    endloop
  endfacet
  facet normal 0.000000 -1.000000 0.000000
    outer loop
      vertex 124.935000 0.000000 25.500000
      vertex 134.660000 0.000000 25.600000
      vertex 134.660000 0.000000 25.500000
    endloop
  endfacet
  facet normal 0.000000 1.000000 0.000000
    outer loop
      vertex 124.935000 2.400000 25.500000
      vertex 134.660000 2.400000 25.500000
      vertex 134.660000 2.400000 25.600000
    endloop
  endfacet
  facet normal 0.000000 1.000000 0.000000
    outer loop
      vertex 124.935000 2.400000 25.500000
      vertex 134.660000 2.400000 25.600000
      vertex 124.935000 2.400000 25.600000
    endloop
  endfacet
  facet normal 0.000000 -1.000000 0.000000
    outer loop
      vertex 124.935000 0.000000 25.600000
      vertex 124.935000 0.000000 28.000000
      vertex 134.660000 0.000000 28.000000
    endloop
  endfacet
  facet normal 0.000000 -1.000000 0.000000
    outer loop
      vertex 124.935000 0.000000 25.600000
      vertex 134.660000 0.000000 28.000000
      vertex 134.660000 0.000000 25.600000
    endloop
  endfacet
  facet normal 0.000000 0.000000 1.000000
    outer loop
      vertex 124.935000 0.000000 28.000000
      vertex 124.935000 2.400000 28.000000
      vertex 134.660000 2.400000 28.000000
    endloop
  endfacet
  facet normal 0.000000 0.000000 1.000000
    outer loop
      vertex 124.935000 0.000000 28.000000
      vertex 134.660000 2.400000 28.000000
      vertex 134.660000 0.000000 28.000000
    endloop
  endfacet
  facet normal 0.000000 0.000000 -1.000000
    outer loop
      vertex 124.935000 2.400000 25.600000
      vertex 134.660000 2.400000 25.600000
      vertex 134.660000 4.000000 25.600000
    endloop
  endfacet
  facet normal 0.000000 0.000000 -1.000000
    outer loop
      vertex 124.935000 2.400000 25.600000
      vertex 134.660000 4.000000 25.600000
      vertex 124.935000 4.000000 25.600000
    endloop
  endfacet
  facet normal 0.000000 0.000000 1.000000
    outer loop
      vertex 124.935000 2.400000 28.000000
      vertex 124.935000 4.000000 28.000000
      vertex 134.660000 4.000000 28.000000
    endloop
  endfacet
  facet normal 0.000000 0.000000 1.000000
    outer loop
      vertex 124.935000 2.400000 28.000000
      vertex 134.660000 4.000000 28.000000
      vertex 134.660000 2.400000 28.000000
    endloop
  endfacet
  facet normal 0.000000 0.000000 -1.000000
    outer loop
      vertex 124.935000 4.000000 25.600000
      vertex 134.660000 4.000000 25.600000
      vertex 134.660000 13.282000 25.600000
    endloop
  endfacet
  facet normal 0.000000 0.000000 -1.000000
    outer loop
      vertex 124.935000 4.000000 25.600000
      vertex 134.660000 13.282000 25.600000
      vertex 124.935000 13.282000 25.600000
    endloop
  endfacet
  facet normal 0.000000 0.000000 1.000000
    outer loop
      vertex 124.935000 4.000000 28.000000
      vertex 124.935000 13.282000 28.000000
      vertex 134.660000 13.282000 28.000000
    endloop
  endfacet
  facet normal 0.000000 0.000000 1.000000
    outer loop
      vertex 124.935000 4.000000 28.000000
      vertex 134.660000 13.282000 28.000000
      vertex 134.660000 4.000000 28.000000
    endloop
  endfacet
  facet normal 0.000000 0.000000 -1.000000
    outer loop
      vertex 124.935000 13.282000 25.600000
      vertex 134.660000 13.282000 25.600000
      vertex 134.660000 18.899000 25.600000
    endloop
  endfacet
  facet normal 0.000000 0.000000 -1.000000
    outer loop
      vertex 124.935000 13.282000 25.600000
      vertex 134.660000 18.899000 25.600000
      vertex 124.935000 18.899000 25.600000
    endloop
  endfacet
  facet normal 0.000000 0.000000 1.000000
    outer loop
      vertex 124.935000 13.282000 28.000000
      vertex 124.935000 18.899000 28.000000
      vertex 134.660000 18.899000 28.000000
    endloop
  endfacet
  facet normal 0.000000 0.000000 1.000000
    outer loop
      vertex 124.935000 13.282000 28.000000
      vertex 134.660000 18.899000 28.000000
      vertex 134.660000 13.282000 28.000000
    endloop
  endfacet
  facet normal 0.000000 0.000000 -1.000000
    outer loop
      vertex 124.935000 18.899000 25.600000
      vertex 134.660000 18.899000 25.600000
      vertex 134.660000 22.889000 25.600000
    endloop
  endfacet
  facet normal 0.000000 0.000000 -1.000000
    outer loop
      vertex 124.935000 18.899000 25.600000
      vertex 134.660000 22.889000 25.600000
      vertex 124.935000 22.889000 25.600000
    endloop
  endfacet
  facet normal 0.000000 0.000000 1.000000
    outer loop
      vertex 124.935000 18.899000 28.000000
      vertex 124.935000 22.889000 28.000000
      vertex 134.660000 22.889000 28.000000
    endloop
  endfacet
  facet normal 0.000000 0.000000 1.000000
    outer loop
      vertex 124.935000 18.899000 28.000000
      vertex 134.660000 22.889000 28.000000
      vertex 134.660000 18.899000 28.000000
    endloop
  endfacet
  facet normal 0.000000 0.000000 -1.000000
    outer loop
      vertex 124.935000 22.889000 25.600000
      vertex 134.660000 22.889000 25.600000
      vertex 134.660000 24.125000 25.600000
    endloop
  endfacet
  facet normal 0.000000 0.000000 -1.000000
    outer loop
      vertex 124.935000 22.889000 25.600000
      vertex 134.660000 24.125000 25.600000
      vertex 124.935000 24.125000 25.600000
    endloop
  endfacet
  facet normal 0.000000 0.000000 1.000000
    outer loop
      vertex 124.935000 22.889000 28.000000
      vertex 124.935000 24.125000 28.000000
      vertex 134.660000 24.125000 28.000000
    endloop
  endfacet
  facet normal 0.000000 0.000000 1.000000
    outer loop
      vertex 124.935000 22.889000 28.000000
      vertex 134.660000 24.125000 28.000000
      vertex 134.660000 22.889000 28.000000
    endloop
  endfacet
  facet normal 0.000000 0.000000 -1.000000
    outer loop
      vertex 124.935000 24.125000 25.600000
      vertex 134.660000 24.125000 25.600000
      vertex 134.660000 33.833000 25.600000
    endloop
  endfacet
  facet normal 0.000000 0.000000 -1.000000
    outer loop
      vertex 124.935000 24.125000 25.600000
      vertex 134.660000 33.833000 25.600000
      vertex 124.935000 33.833000 25.600000
    endloop
  endfacet
  facet normal 0.000000 0.000000 1.000000
    outer loop
      vertex 124.935000 24.125000 28.000000
      vertex 124.935000 33.833000 28.000000
      vertex 134.660000 33.833000 28.000000
    endloop
  endfacet
  facet normal 0.000000 0.000000 1.000000
    outer loop
      vertex 124.935000 24.125000 28.000000
      vertex 134.660000 33.833000 28.000000
      vertex 134.660000 24.125000 28.000000
    endloop
  endfacet
  facet normal 0.000000 0.000000 -1.000000
    outer loop
      vertex 124.935000 33.833000 25.600000
      vertex 134.660000 33.833000 25.600000
      vertex 134.660000 33.923000 25.600000
    endloop
  endfacet
  facet normal 0.000000 0.000000 -1.000000
    outer loop
      vertex 124.935000 33.833000 25.600000
      vertex 134.660000 33.923000 25.600000
      vertex 124.935000 33.923000 25.600000
    endloop
  endfacet
  facet normal 0.000000 0.000000 1.000000
    outer loop
      vertex 124.935000 33.833000 28.000000
      vertex 124.935000 33.923000 28.000000
      vertex 134.660000 33.923000 28.000000
    endloop
  endfacet
  facet normal 0.000000 0.000000 1.000000
    outer loop
      vertex 124.935000 33.833000 28.000000
      vertex 134.660000 33.923000 28.000000
      vertex 134.660000 33.833000 28.000000
    endloop
  endfacet
  facet normal 0.000000 0.000000 -1.000000
    outer loop
      vertex 124.935000 33.923000 25.600000
      vertex 134.660000 33.923000 25.600000
      vertex 134.660000 36.125000 25.600000
    endloop
  endfacet
  facet normal 0.000000 0.000000 -1.000000
    outer loop
      vertex 124.935000 33.923000 25.600000
      vertex 134.660000 36.125000 25.600000
      vertex 124.935000 36.125000 25.600000
    endloop
  endfacet
  facet normal 0.000000 0.000000 1.000000
    outer loop
      vertex 124.935000 33.923000 28.000000
      vertex 124.935000 36.125000 28.000000
      vertex 134.660000 36.125000 28.000000
    endloop
  endfacet
  facet normal 0.000000 0.000000 1.000000
    outer loop
      vertex 124.935000 33.923000 28.000000
      vertex 134.660000 36.125000 28.000000
      vertex 134.660000 33.923000 28.000000
    endloop
  endfacet
  facet normal 0.000000 0.000000 -1.000000
    outer loop
      vertex 124.935000 36.125000 25.600000
      vertex 134.660000 36.125000 25.600000
      vertex 134.660000 42.105000 25.600000
    endloop
  endfacet
  facet normal 0.000000 0.000000 -1.000000
    outer loop
      vertex 124.935000 36.125000 25.600000
      vertex 134.660000 42.105000 25.600000
      vertex 124.935000 42.105000 25.600000
    endloop
  endfacet
  facet normal 0.000000 0.000000 1.000000
    outer loop
      vertex 124.935000 36.125000 28.000000
      vertex 124.935000 42.105000 28.000000
      vertex 134.660000 42.105000 28.000000
    endloop
  endfacet
  facet normal 0.000000 0.000000 1.000000
    outer loop
      vertex 124.935000 36.125000 28.000000
      vertex 134.660000 42.105000 28.000000
      vertex 134.660000 36.125000 28.000000
    endloop
  endfacet
  facet normal 0.000000 0.000000 -1.000000
    outer loop
      vertex 124.935000 42.105000 25.600000
      vertex 134.660000 42.105000 25.600000
      vertex 134.660000 43.151000 25.600000
    endloop
  endfacet
  facet normal 0.000000 0.000000 -1.000000
    outer loop
      vertex 124.935000 42.105000 25.600000
      vertex 134.660000 43.151000 25.600000
      vertex 124.935000 43.151000 25.600000
    endloop
  endfacet
  facet normal 0.000000 0.000000 1.000000
    outer loop
      vertex 124.935000 42.105000 28.000000
      vertex 124.935000 43.151000 28.000000
      vertex 134.660000 43.151000 28.000000
    endloop
  endfacet
  facet normal 0.000000 0.000000 1.000000
    outer loop
      vertex 124.935000 42.105000 28.000000
      vertex 134.660000 43.151000 28.000000
      vertex 134.660000 42.105000 28.000000
    endloop
  endfacet
  facet normal 0.000000 0.000000 -1.000000
    outer loop
      vertex 124.935000 43.151000 25.600000
      vertex 134.660000 43.151000 25.600000
      vertex 134.660000 43.244000 25.600000
    endloop
  endfacet
  facet normal 0.000000 0.000000 -1.000000
    outer loop
      vertex 124.935000 43.151000 25.600000
      vertex 134.660000 43.244000 25.600000
      vertex 124.935000 43.244000 25.600000
    endloop
  endfacet
  facet normal 0.000000 0.000000 1.000000
    outer loop
      vertex 124.935000 43.151000 28.000000
      vertex 124.935000 43.244000 28.000000
      vertex 134.660000 43.244000 28.000000
    endloop
  endfacet
  facet normal 0.000000 0.000000 1.000000
    outer loop
      vertex 124.935000 43.151000 28.000000
      vertex 134.660000 43.244000 28.000000
      vertex 134.660000 43.151000 28.000000
    endloop
  endfacet
  facet normal 0.000000 0.000000 -1.000000
    outer loop
      vertex 124.935000 43.244000 25.600000
      vertex 134.660000 43.244000 25.600000
      vertex 134.660000 54.437000 25.600000
    endloop
  endfacet
  facet normal 0.000000 0.000000 -1.000000
    outer loop
      vertex 124.935000 43.244000 25.600000
      vertex 134.660000 54.437000 25.600000
      vertex 124.935000 54.437000 25.600000
    endloop
  endfacet
  facet normal 0.000000 0.000000 1.000000
    outer loop
      vertex 124.935000 43.244000 28.000000
      vertex 124.935000 54.437000 28.000000
      vertex 134.660000 54.437000 28.000000
    endloop
  endfacet
  facet normal 0.000000 0.000000 1.000000
    outer loop
      vertex 124.935000 43.244000 28.000000
      vertex 134.660000 54.437000 28.000000
      vertex 134.660000 43.244000 28.000000
    endloop
  endfacet
  facet normal 0.000000 0.000000 -1.000000
    outer loop
      vertex 124.935000 54.437000 25.600000
      vertex 134.660000 54.437000 25.600000
      vertex 134.660000 61.935000 25.600000
    endloop
  endfacet
  facet normal 0.000000 0.000000 -1.000000
    outer loop
      vertex 124.935000 54.437000 25.600000
      vertex 134.660000 61.935000 25.600000
      vertex 124.935000 61.935000 25.600000
    endloop
  endfacet
  facet normal 0.000000 0.000000 1.000000
    outer loop
      vertex 124.935000 54.437000 28.000000
      vertex 124.935000 61.935000 28.000000
      vertex 134.660000 61.935000 28.000000
    endloop
  endfacet
  facet normal 0.000000 0.000000 1.000000
    outer loop
      vertex 124.935000 54.437000 28.000000
      vertex 134.660000 61.935000 28.000000
      vertex 134.660000 54.437000 28.000000
    endloop
  endfacet
  facet normal 0.000000 0.000000 -1.000000
    outer loop
      vertex 124.935000 61.935000 25.600000
      vertex 134.660000 61.935000 25.600000
      vertex 134.660000 64.480000 25.600000
    endloop
  endfacet
  facet normal 0.000000 0.000000 -1.000000
    outer loop
      vertex 124.935000 61.935000 25.600000
      vertex 134.660000 64.480000 25.600000
      vertex 124.935000 64.480000 25.600000
    endloop
  endfacet
  facet normal 0.000000 0.000000 1.000000
    outer loop
      vertex 124.935000 61.935000 28.000000
      vertex 124.935000 64.480000 28.000000
      vertex 134.660000 64.480000 28.000000
    endloop
  endfacet
  facet normal 0.000000 0.000000 1.000000
    outer loop
      vertex 124.935000 61.935000 28.000000
      vertex 134.660000 64.480000 28.000000
      vertex 134.660000 61.935000 28.000000
    endloop
  endfacet
  facet normal 0.000000 0.000000 -1.000000
    outer loop
      vertex 124.935000 64.480000 25.600000
      vertex 134.660000 64.480000 25.600000
      vertex 134.660000 66.080000 25.600000
    endloop
  endfacet
  facet normal 0.000000 0.000000 -1.000000
    outer loop
      vertex 124.935000 64.480000 25.600000
      vertex 134.660000 66.080000 25.600000
      vertex 124.935000 66.080000 25.600000
    endloop
  endfacet
  facet normal 0.000000 0.000000 1.000000
    outer loop
      vertex 124.935000 64.480000 28.000000
      vertex 124.935000 66.080000 28.000000
      vertex 134.660000 66.080000 28.000000
    endloop
  endfacet
  facet normal 0.000000 0.000000 1.000000
    outer loop
      vertex 124.935000 64.480000 28.000000
      vertex 134.660000 66.080000 28.000000
      vertex 134.660000 64.480000 28.000000
    endloop
  endfacet
  facet normal 0.000000 -1.000000 0.000000
    outer loop
      vertex 124.935000 66.080000 0.000000
      vertex 124.935000 66.080000 0.500000
      vertex 134.660000 66.080000 0.500000
    endloop
  endfacet
  facet normal 0.000000 -1.000000 0.000000
    outer loop
      vertex 124.935000 66.080000 0.000000
      vertex 134.660000 66.080000 0.500000
      vertex 134.660000 66.080000 0.000000
    endloop
  endfacet
  facet normal 0.000000 1.000000 0.000000
    outer loop
      vertex 124.935000 68.480000 0.000000
      vertex 134.660000 68.480000 0.000000
      vertex 134.660000 68.480000 0.500000
    endloop
  endfacet
  facet normal 0.000000 1.000000 0.000000
    outer loop
      vertex 124.935000 68.480000 0.000000
      vertex 134.660000 68.480000 0.500000
      vertex 124.935000 68.480000 0.500000
    endloop
  endfacet
  facet normal 0.000000 0.000000 -1.000000
    outer loop
      vertex 124.935000 66.080000 0.000000
      vertex 134.660000 66.080000 0.000000
      vertex 134.660000 68.480000 0.000000
    endloop
  endfacet
  facet normal 0.000000 0.000000 -1.000000
    outer loop
      vertex 124.935000 66.080000 0.000000
      vertex 134.660000 68.480000 0.000000
      vertex 124.935000 68.480000 0.000000
    endloop
  endfacet
  facet normal 0.000000 -1.000000 0.000000
    outer loop
      vertex 124.935000 66.080000 0.500000
      vertex 124.935000 66.080000 9.000000
      vertex 134.660000 66.080000 9.000000
    endloop
  endfacet
  facet normal 0.000000 -1.000000 0.000000
    outer loop
      vertex 124.935000 66.080000 0.500000
      vertex 134.660000 66.080000 9.000000
      vertex 134.660000 66.080000 0.500000
    endloop
  endfacet
  facet normal 0.000000 1.000000 0.000000
    outer loop
      vertex 124.935000 68.480000 0.500000
      vertex 134.660000 68.480000 0.500000
      vertex 134.660000 68.480000 9.000000
    endloop
  endfacet
  facet normal 0.000000 1.000000 0.000000
    outer loop
      vertex 124.935000 68.480000 0.500000
      vertex 134.660000 68.480000 9.000000
      vertex 124.935000 68.480000 9.000000
    endloop
  endfacet
  facet normal 0.000000 -1.000000 0.000000
    outer loop
      vertex 124.935000 66.080000 9.000000
      vertex 124.935000 66.080000 10.000000
      vertex 134.660000 66.080000 10.000000
    endloop
  endfacet
  facet normal 0.000000 -1.000000 0.000000
    outer loop
      vertex 124.935000 66.080000 9.000000
      vertex 134.660000 66.080000 10.000000
      vertex 134.660000 66.080000 9.000000
    endloop
  endfacet
  facet normal 0.000000 1.000000 0.000000
    outer loop
      vertex 124.935000 68.480000 9.000000
      vertex 134.660000 68.480000 9.000000
      vertex 134.660000 68.480000 10.000000
    endloop
  endfacet
  facet normal 0.000000 1.000000 0.000000
    outer loop
      vertex 124.935000 68.480000 9.000000
      vertex 134.660000 68.480000 10.000000
      vertex 124.935000 68.480000 10.000000
    endloop
  endfacet
  facet normal 0.000000 -1.000000 0.000000
    outer loop
      vertex 124.935000 66.080000 10.000000
      vertex 124.935000 66.080000 10.200000
      vertex 134.660000 66.080000 10.200000
    endloop
  endfacet
  facet normal 0.000000 -1.000000 0.000000
    outer loop
      vertex 124.935000 66.080000 10.000000
      vertex 134.660000 66.080000 10.200000
      vertex 134.660000 66.080000 10.000000
    endloop
  endfacet
  facet normal 0.000000 1.000000 0.000000
    outer loop
      vertex 124.935000 68.480000 10.000000
      vertex 134.660000 68.480000 10.000000
      vertex 134.660000 68.480000 10.200000
    endloop
  endfacet
  facet normal 0.000000 1.000000 0.000000
    outer loop
      vertex 124.935000 68.480000 10.000000
      vertex 134.660000 68.480000 10.200000
      vertex 124.935000 68.480000 10.200000
    endloop
  endfacet
  facet normal 0.000000 -1.000000 0.000000
    outer loop
      vertex 124.935000 66.080000 10.200000
      vertex 124.935000 66.080000 25.500000
      vertex 134.660000 66.080000 25.500000
    endloop
  endfacet
  facet normal 0.000000 -1.000000 0.000000
    outer loop
      vertex 124.935000 66.080000 10.200000
      vertex 134.660000 66.080000 25.500000
      vertex 134.660000 66.080000 10.200000
    endloop
  endfacet
  facet normal 0.000000 1.000000 0.000000
    outer loop
      vertex 124.935000 68.480000 10.200000
      vertex 134.660000 68.480000 10.200000
      vertex 134.660000 68.480000 25.500000
    endloop
  endfacet
  facet normal 0.000000 1.000000 0.000000
    outer loop
      vertex 124.935000 68.480000 10.200000
      vertex 134.660000 68.480000 25.500000
      vertex 124.935000 68.480000 25.500000
    endloop
  endfacet
  facet normal 0.000000 -1.000000 0.000000
    outer loop
      vertex 124.935000 66.080000 25.500000
      vertex 124.935000 66.080000 25.600000
      vertex 134.660000 66.080000 25.600000
    endloop
  endfacet
  facet normal 0.000000 -1.000000 0.000000
    outer loop
      vertex 124.935000 66.080000 25.500000
      vertex 134.660000 66.080000 25.600000
      vertex 134.660000 66.080000 25.500000
    endloop
  endfacet
  facet normal 0.000000 1.000000 0.000000
    outer loop
      vertex 124.935000 68.480000 25.500000
      vertex 134.660000 68.480000 25.500000
      vertex 134.660000 68.480000 25.600000
    endloop
  endfacet
  facet normal 0.000000 1.000000 0.000000
    outer loop
      vertex 124.935000 68.480000 25.500000
      vertex 134.660000 68.480000 25.600000
      vertex 124.935000 68.480000 25.600000
    endloop
  endfacet
  facet normal 0.000000 1.000000 0.000000
    outer loop
      vertex 124.935000 68.480000 25.600000
      vertex 134.660000 68.480000 25.600000
      vertex 134.660000 68.480000 28.000000
    endloop
  endfacet
  facet normal 0.000000 1.000000 0.000000
    outer loop
      vertex 124.935000 68.480000 25.600000
      vertex 134.660000 68.480000 28.000000
      vertex 124.935000 68.480000 28.000000
    endloop
  endfacet
  facet normal 0.000000 0.000000 1.000000
    outer loop
      vertex 124.935000 66.080000 28.000000
      vertex 124.935000 68.480000 28.000000
      vertex 134.660000 68.480000 28.000000
    endloop
  endfacet
  facet normal 0.000000 0.000000 1.000000
    outer loop
      vertex 124.935000 66.080000 28.000000
      vertex 134.660000 68.480000 28.000000
      vertex 134.660000 66.080000 28.000000
    endloop
  endfacet
  facet normal 1.000000 0.000000 0.000000
    outer loop
      vertex 137.060000 0.000000 0.000000
      vertex 137.060000 0.000000 0.500000
      vertex 137.060000 2.400000 0.500000
    endloop
  endfacet
  facet normal 1.000000 0.000000 0.000000
    outer loop
      vertex 137.060000 0.000000 0.000000
      vertex 137.060000 2.400000 0.500000
      vertex 137.060000 2.400000 0.000000
    endloop
  endfacet
  facet normal 0.000000 -1.000000 0.000000
    outer loop
      vertex 134.660000 0.000000 0.000000
      vertex 134.660000 0.000000 0.500000
      vertex 137.060000 0.000000 0.500000
    endloop
  endfacet
  facet normal 0.000000 -1.000000 0.000000
    outer loop
      vertex 134.660000 0.000000 0.000000
      vertex 137.060000 0.000000 0.500000
      vertex 137.060000 0.000000 0.000000
    endloop
  endfacet
  facet normal 0.000000 0.000000 -1.000000
    outer loop
      vertex 134.660000 0.000000 0.000000
      vertex 137.060000 0.000000 0.000000
      vertex 137.060000 2.400000 0.000000
    endloop
  endfacet
  facet normal 0.000000 0.000000 -1.000000
    outer loop
      vertex 134.660000 0.000000 0.000000
      vertex 137.060000 2.400000 0.000000
      vertex 134.660000 2.400000 0.000000
    endloop
  endfacet
  facet normal 1.000000 0.000000 0.000000
    outer loop
      vertex 137.060000 0.000000 0.500000
      vertex 137.060000 0.000000 9.000000
      vertex 137.060000 2.400000 9.000000
    endloop
  endfacet
  facet normal 1.000000 0.000000 0.000000
    outer loop
      vertex 137.060000 0.000000 0.500000
      vertex 137.060000 2.400000 9.000000
      vertex 137.060000 2.400000 0.500000
    endloop
  endfacet
  facet normal 0.000000 -1.000000 0.000000
    outer loop
      vertex 134.660000 0.000000 0.500000
      vertex 134.660000 0.000000 9.000000
      vertex 137.060000 0.000000 9.000000
    endloop
  endfacet
  facet normal 0.000000 -1.000000 0.000000
    outer loop
      vertex 134.660000 0.000000 0.500000
      vertex 137.060000 0.000000 9.000000
      vertex 137.060000 0.000000 0.500000
    endloop
  endfacet
  facet normal 1.000000 0.000000 0.000000
    outer loop
      vertex 137.060000 0.000000 9.000000
      vertex 137.060000 0.000000 10.000000
      vertex 137.060000 2.400000 10.000000
    endloop
  endfacet
  facet normal 1.000000 0.000000 0.000000
    outer loop
      vertex 137.060000 0.000000 9.000000
      vertex 137.060000 2.400000 10.000000
      vertex 137.060000 2.400000 9.000000
    endloop
  endfacet
  facet normal 0.000000 -1.000000 0.000000
    outer loop
      vertex 134.660000 0.000000 9.000000
      vertex 134.660000 0.000000 10.000000
      vertex 137.060000 0.000000 10.000000
    endloop
  endfacet
  facet normal 0.000000 -1.000000 0.000000
    outer loop
      vertex 134.660000 0.000000 9.000000
      vertex 137.060000 0.000000 10.000000
      vertex 137.060000 0.000000 9.000000
    endloop
  endfacet
  facet normal 1.000000 0.000000 0.000000
    outer loop
      vertex 137.060000 0.000000 10.000000
      vertex 137.060000 0.000000 10.200000
      vertex 137.060000 2.400000 10.200000
    endloop
  endfacet
  facet normal 1.000000 0.000000 0.000000
    outer loop
      vertex 137.060000 0.000000 10.000000
      vertex 137.060000 2.400000 10.200000
      vertex 137.060000 2.400000 10.000000
    endloop
  endfacet
  facet normal 0.000000 -1.000000 0.000000
    outer loop
      vertex 134.660000 0.000000 10.000000
      vertex 134.660000 0.000000 10.200000
      vertex 137.060000 0.000000 10.200000
    endloop
  endfacet
  facet normal 0.000000 -1.000000 0.000000
    outer loop
      vertex 134.660000 0.000000 10.000000
      vertex 137.060000 0.000000 10.200000
      vertex 137.060000 0.000000 10.000000
    endloop
  endfacet
  facet normal 1.000000 0.000000 0.000000
    outer loop
      vertex 137.060000 0.000000 10.200000
      vertex 137.060000 0.000000 25.500000
      vertex 137.060000 2.400000 25.500000
    endloop
  endfacet
  facet normal 1.000000 0.000000 0.000000
    outer loop
      vertex 137.060000 0.000000 10.200000
      vertex 137.060000 2.400000 25.500000
      vertex 137.060000 2.400000 10.200000
    endloop
  endfacet
  facet normal 0.000000 -1.000000 0.000000
    outer loop
      vertex 134.660000 0.000000 10.200000
      vertex 134.660000 0.000000 25.500000
      vertex 137.060000 0.000000 25.500000
    endloop
  endfacet
  facet normal 0.000000 -1.000000 0.000000
    outer loop
      vertex 134.660000 0.000000 10.200000
      vertex 137.060000 0.000000 25.500000
      vertex 137.060000 0.000000 10.200000
    endloop
  endfacet
  facet normal 1.000000 0.000000 0.000000
    outer loop
      vertex 137.060000 0.000000 25.500000
      vertex 137.060000 0.000000 25.600000
      vertex 137.060000 2.400000 25.600000
    endloop
  endfacet
  facet normal 1.000000 0.000000 0.000000
    outer loop
      vertex 137.060000 0.000000 25.500000
      vertex 137.060000 2.400000 25.600000
      vertex 137.060000 2.400000 25.500000
    endloop
  endfacet
  facet normal 0.000000 -1.000000 0.000000
    outer loop
      vertex 134.660000 0.000000 25.500000
      vertex 134.660000 0.000000 25.600000
      vertex 137.060000 0.000000 25.600000
    endloop
  endfacet
  facet normal 0.000000 -1.000000 0.000000
    outer loop
      vertex 134.660000 0.000000 25.500000
      vertex 137.060000 0.000000 25.600000
      vertex 137.060000 0.000000 25.500000
    endloop
  endfacet
  facet normal 1.000000 0.000000 0.000000
    outer loop
      vertex 137.060000 0.000000 25.600000
      vertex 137.060000 0.000000 28.000000
      vertex 137.060000 2.400000 28.000000
    endloop
  endfacet
  facet normal 1.000000 0.000000 0.000000
    outer loop
      vertex 137.060000 0.000000 25.600000
      vertex 137.060000 2.400000 28.000000
      vertex 137.060000 2.400000 25.600000
    endloop
  endfacet
  facet normal 0.000000 -1.000000 0.000000
    outer loop
      vertex 134.660000 0.000000 25.600000
      vertex 134.660000 0.000000 28.000000
      vertex 137.060000 0.000000 28.000000
    endloop
  endfacet
  facet normal 0.000000 -1.000000 0.000000
    outer loop
      vertex 134.660000 0.000000 25.600000
      vertex 137.060000 0.000000 28.000000
      vertex 137.060000 0.000000 25.600000
    endloop
  endfacet
  facet normal 0.000000 0.000000 1.000000
    outer loop
      vertex 134.660000 0.000000 28.000000
      vertex 134.660000 2.400000 28.000000
      vertex 137.060000 2.400000 28.000000
    endloop
  endfacet
  facet normal 0.000000 0.000000 1.000000
    outer loop
      vertex 134.660000 0.000000 28.000000
      vertex 137.060000 2.400000 28.000000
      vertex 137.060000 0.000000 28.000000
    endloop
  endfacet
  facet normal -1.000000 0.000000 0.000000
    outer loop
      vertex 134.660000 2.400000 0.000000
      vertex 134.660000 4.000000 0.000000
      vertex 134.660000 4.000000 0.500000
    endloop
  endfacet
  facet normal -1.000000 0.000000 0.000000
    outer loop
      vertex 134.660000 2.400000 0.000000
      vertex 134.660000 4.000000 0.500000
      vertex 134.660000 2.400000 0.500000
    endloop
  endfacet
  facet normal 1.000000 0.000000 0.000000
    outer loop
      vertex 137.060000 2.400000 0.000000
      vertex 137.060000 2.400000 0.500000
      vertex 137.060000 4.000000 0.500000
    endloop
  endfacet
  facet normal 1.000000 0.000000 0.000000
    outer loop
      vertex 137.060000 2.400000 0.000000
      vertex 137.060000 4.000000 0.500000
      vertex 137.060000 4.000000 0.000000
    endloop
  endfacet
  facet normal 0.000000 0.000000 -1.000000
    outer loop
      vertex 134.660000 2.400000 0.000000
      vertex 137.060000 2.400000 0.000000
      vertex 137.060000 4.000000 0.000000
    endloop
  endfacet
  facet normal 0.000000 0.000000 -1.000000
    outer loop
      vertex 134.660000 2.400000 0.000000
      vertex 137.060000 4.000000 0.000000
      vertex 134.660000 4.000000 0.000000
    endloop
  endfacet
  facet normal -1.000000 0.000000 0.000000
    outer loop
      vertex 134.660000 2.400000 0.500000
      vertex 134.660000 4.000000 0.500000
      vertex 134.660000 4.000000 9.000000
    endloop
  endfacet
  facet normal -1.000000 0.000000 0.000000
    outer loop
      vertex 134.660000 2.400000 0.500000
      vertex 134.660000 4.000000 9.000000
      vertex 134.660000 2.400000 9.000000
    endloop
  endfacet
  facet normal 1.000000 0.000000 0.000000
    outer loop
      vertex 137.060000 2.400000 0.500000
      vertex 137.060000 2.400000 9.000000
      vertex 137.060000 4.000000 9.000000
    endloop
  endfacet
  facet normal 1.000000 0.000000 0.000000
    outer loop
      vertex 137.060000 2.400000 0.500000
      vertex 137.060000 4.000000 9.000000
      vertex 137.060000 4.000000 0.500000
    endloop
  endfacet
  facet normal -1.000000 0.000000 0.000000
    outer loop
      vertex 134.660000 2.400000 9.000000
      vertex 134.660000 4.000000 9.000000
      vertex 134.660000 4.000000 10.000000
    endloop
  endfacet
  facet normal -1.000000 0.000000 0.000000
    outer loop
      vertex 134.660000 2.400000 9.000000
      vertex 134.660000 4.000000 10.000000
      vertex 134.660000 2.400000 10.000000
    endloop
  endfacet
  facet normal 1.000000 0.000000 0.000000
    outer loop
      vertex 137.060000 2.400000 9.000000
      vertex 137.060000 2.400000 10.000000
      vertex 137.060000 4.000000 10.000000
    endloop
  endfacet
  facet normal 1.000000 0.000000 0.000000
    outer loop
      vertex 137.060000 2.400000 9.000000
      vertex 137.060000 4.000000 10.000000
      vertex 137.060000 4.000000 9.000000
    endloop
  endfacet
  facet normal -1.000000 0.000000 0.000000
    outer loop
      vertex 134.660000 2.400000 10.000000
      vertex 134.660000 4.000000 10.000000
      vertex 134.660000 4.000000 10.200000
    endloop
  endfacet
  facet normal -1.000000 0.000000 0.000000
    outer loop
      vertex 134.660000 2.400000 10.000000
      vertex 134.660000 4.000000 10.200000
      vertex 134.660000 2.400000 10.200000
    endloop
  endfacet
  facet normal 1.000000 0.000000 0.000000
    outer loop
      vertex 137.060000 2.400000 10.000000
      vertex 137.060000 2.400000 10.200000
      vertex 137.060000 4.000000 10.200000
    endloop
  endfacet
  facet normal 1.000000 0.000000 0.000000
    outer loop
      vertex 137.060000 2.400000 10.000000
      vertex 137.060000 4.000000 10.200000
      vertex 137.060000 4.000000 10.000000
    endloop
  endfacet
  facet normal -1.000000 0.000000 0.000000
    outer loop
      vertex 134.660000 2.400000 10.200000
      vertex 134.660000 4.000000 10.200000
      vertex 134.660000 4.000000 25.500000
    endloop
  endfacet
  facet normal -1.000000 0.000000 0.000000
    outer loop
      vertex 134.660000 2.400000 10.200000
      vertex 134.660000 4.000000 25.500000
      vertex 134.660000 2.400000 25.500000
    endloop
  endfacet
  facet normal 1.000000 0.000000 0.000000
    outer loop
      vertex 137.060000 2.400000 10.200000
      vertex 137.060000 2.400000 25.500000
      vertex 137.060000 4.000000 25.500000
    endloop
  endfacet
  facet normal 1.000000 0.000000 0.000000
    outer loop
      vertex 137.060000 2.400000 10.200000
      vertex 137.060000 4.000000 25.500000
      vertex 137.060000 4.000000 10.200000
    endloop
  endfacet
  facet normal -1.000000 0.000000 0.000000
    outer loop
      vertex 134.660000 2.400000 25.500000
      vertex 134.660000 4.000000 25.500000
      vertex 134.660000 4.000000 25.600000
    endloop
  endfacet
  facet normal -1.000000 0.000000 0.000000
    outer loop
      vertex 134.660000 2.400000 25.500000
      vertex 134.660000 4.000000 25.600000
      vertex 134.660000 2.400000 25.600000
    endloop
  endfacet
  facet normal 1.000000 0.000000 0.000000
    outer loop
      vertex 137.060000 2.400000 25.500000
      vertex 137.060000 2.400000 25.600000
      vertex 137.060000 4.000000 25.600000
    endloop
  endfacet
  facet normal 1.000000 0.000000 0.000000
    outer loop
      vertex 137.060000 2.400000 25.500000
      vertex 137.060000 4.000000 25.600000
      vertex 137.060000 4.000000 25.500000
    endloop
  endfacet
  facet normal 1.000000 0.000000 0.000000
    outer loop
      vertex 137.060000 2.400000 25.600000
      vertex 137.060000 2.400000 28.000000
      vertex 137.060000 4.000000 28.000000
    endloop
  endfacet
  facet normal 1.000000 0.000000 0.000000
    outer loop
      vertex 137.060000 2.400000 25.600000
      vertex 137.060000 4.000000 28.000000
      vertex 137.060000 4.000000 25.600000
    endloop
  endfacet
  facet normal 0.000000 0.000000 1.000000
    outer loop
      vertex 134.660000 2.400000 28.000000
      vertex 134.660000 4.000000 28.000000
      vertex 137.060000 4.000000 28.000000
    endloop
  endfacet
  facet normal 0.000000 0.000000 1.000000
    outer loop
      vertex 134.660000 2.400000 28.000000
      vertex 137.060000 4.000000 28.000000
      vertex 137.060000 2.400000 28.000000
    endloop
  endfacet
  facet normal -1.000000 0.000000 0.000000
    outer loop
      vertex 134.660000 4.000000 0.000000
      vertex 134.660000 13.282000 0.000000
      vertex 134.660000 13.282000 0.500000
    endloop
  endfacet
  facet normal -1.000000 0.000000 0.000000
    outer loop
      vertex 134.660000 4.000000 0.000000
      vertex 134.660000 13.282000 0.500000
      vertex 134.660000 4.000000 0.500000
    endloop
  endfacet
  facet normal 1.000000 0.000000 0.000000
    outer loop
      vertex 137.060000 4.000000 0.000000
      vertex 137.060000 4.000000 0.500000
      vertex 137.060000 13.282000 0.500000
    endloop
  endfacet
  facet normal 1.000000 0.000000 0.000000
    outer loop
      vertex 137.060000 4.000000 0.000000
      vertex 137.060000 13.282000 0.500000
      vertex 137.060000 13.282000 0.000000
    endloop
  endfacet
  facet normal 0.000000 0.000000 -1.000000
    outer loop
      vertex 134.660000 4.000000 0.000000
      vertex 137.060000 4.000000 0.000000
      vertex 137.060000 13.282000 0.000000
    endloop
  endfacet
  facet normal 0.000000 0.000000 -1.000000
    outer loop
      vertex 134.660000 4.000000 0.000000
      vertex 137.060000 13.282000 0.000000
      vertex 134.660000 13.282000 0.000000
    endloop
  endfacet
  facet normal -1.000000 0.000000 0.000000
    outer loop
      vertex 134.660000 4.000000 0.500000
      vertex 134.660000 13.282000 0.500000
      vertex 134.660000 13.282000 9.000000
    endloop
  endfacet
  facet normal -1.000000 0.000000 0.000000
    outer loop
      vertex 134.660000 4.000000 0.500000
      vertex 134.660000 13.282000 9.000000
      vertex 134.660000 4.000000 9.000000
    endloop
  endfacet
  facet normal 1.000000 0.000000 0.000000
    outer loop
      vertex 137.060000 4.000000 0.500000
      vertex 137.060000 4.000000 9.000000
      vertex 137.060000 13.282000 9.000000
    endloop
  endfacet
  facet normal 1.000000 0.000000 0.000000
    outer loop
      vertex 137.060000 4.000000 0.500000
      vertex 137.060000 13.282000 9.000000
      vertex 137.060000 13.282000 0.500000
    endloop
  endfacet
  facet normal -1.000000 0.000000 0.000000
    outer loop
      vertex 134.660000 4.000000 9.000000
      vertex 134.660000 13.282000 9.000000
      vertex 134.660000 13.282000 10.000000
    endloop
  endfacet
  facet normal -1.000000 0.000000 0.000000
    outer loop
      vertex 134.660000 4.000000 9.000000
      vertex 134.660000 13.282000 10.000000
      vertex 134.660000 4.000000 10.000000
    endloop
  endfacet
  facet normal 1.000000 0.000000 0.000000
    outer loop
      vertex 137.060000 4.000000 9.000000
      vertex 137.060000 4.000000 10.000000
      vertex 137.060000 13.282000 10.000000
    endloop
  endfacet
  facet normal 1.000000 0.000000 0.000000
    outer loop
      vertex 137.060000 4.000000 9.000000
      vertex 137.060000 13.282000 10.000000
      vertex 137.060000 13.282000 9.000000
    endloop
  endfacet
  facet normal -1.000000 0.000000 0.000000
    outer loop
      vertex 134.660000 4.000000 10.000000
      vertex 134.660000 13.282000 10.000000
      vertex 134.660000 13.282000 10.200000
    endloop
  endfacet
  facet normal -1.000000 0.000000 0.000000
    outer loop
      vertex 134.660000 4.000000 10.000000
      vertex 134.660000 13.282000 10.200000
      vertex 134.660000 4.000000 10.200000
    endloop
  endfacet
  facet normal 1.000000 0.000000 0.000000
    outer loop
      vertex 137.060000 4.000000 10.000000
      vertex 137.060000 4.000000 10.200000
      vertex 137.060000 13.282000 10.200000
    endloop
  endfacet
  facet normal 1.000000 0.000000 0.000000
    outer loop
      vertex 137.060000 4.000000 10.000000
      vertex 137.060000 13.282000 10.200000
      vertex 137.060000 13.282000 10.000000
    endloop
  endfacet
  facet normal -1.000000 0.000000 0.000000
    outer loop
      vertex 134.660000 4.000000 10.200000
      vertex 134.660000 13.282000 10.200000
      vertex 134.660000 13.282000 25.500000
    endloop
  endfacet
  facet normal -1.000000 0.000000 0.000000
    outer loop
      vertex 134.660000 4.000000 10.200000
      vertex 134.660000 13.282000 25.500000
      vertex 134.660000 4.000000 25.500000
    endloop
  endfacet
  facet normal 1.000000 0.000000 0.000000
    outer loop
      vertex 137.060000 4.000000 10.200000
      vertex 137.060000 4.000000 25.500000
      vertex 137.060000 13.282000 25.500000
    endloop
  endfacet
  facet normal 1.000000 0.000000 0.000000
    outer loop
      vertex 137.060000 4.000000 10.200000
      vertex 137.060000 13.282000 25.500000
      vertex 137.060000 13.282000 10.200000
    endloop
  endfacet
  facet normal -1.000000 0.000000 0.000000
    outer loop
      vertex 134.660000 4.000000 25.500000
      vertex 134.660000 13.282000 25.500000
      vertex 134.660000 13.282000 25.600000
    endloop
  endfacet
  facet normal -1.000000 0.000000 0.000000
    outer loop
      vertex 134.660000 4.000000 25.500000
      vertex 134.660000 13.282000 25.600000
      vertex 134.660000 4.000000 25.600000
    endloop
  endfacet
  facet normal 1.000000 0.000000 0.000000
    outer loop
      vertex 137.060000 4.000000 25.500000
      vertex 137.060000 4.000000 25.600000
      vertex 137.060000 13.282000 25.600000
    endloop
  endfacet
  facet normal 1.000000 0.000000 0.000000
    outer loop
      vertex 137.060000 4.000000 25.500000
      vertex 137.060000 13.282000 25.600000
      vertex 137.060000 13.282000 25.500000
    endloop
  endfacet
  facet normal 1.000000 0.000000 0.000000
    outer loop
      vertex 137.060000 4.000000 25.600000
      vertex 137.060000 4.000000 28.000000
      vertex 137.060000 13.282000 28.000000
    endloop
  endfacet
  facet normal 1.000000 0.000000 0.000000
    outer loop
      vertex 137.060000 4.000000 25.600000
      vertex 137.060000 13.282000 28.000000
      vertex 137.060000 13.282000 25.600000
    endloop
  endfacet
  facet normal 0.000000 0.000000 1.000000
    outer loop
      vertex 134.660000 4.000000 28.000000
      vertex 134.660000 13.282000 28.000000
      vertex 137.060000 13.282000 28.000000
    endloop
  endfacet
  facet normal 0.000000 0.000000 1.000000
    outer loop
      vertex 134.660000 4.000000 28.000000
      vertex 137.060000 13.282000 28.000000
      vertex 137.060000 4.000000 28.000000
    endloop
  endfacet
  facet normal -1.000000 0.000000 0.000000
    outer loop
      vertex 134.660000 13.282000 0.000000
      vertex 134.660000 18.899000 0.000000
      vertex 134.660000 18.899000 0.500000
    endloop
  endfacet
  facet normal -1.000000 0.000000 0.000000
    outer loop
      vertex 134.660000 13.282000 0.000000
      vertex 134.660000 18.899000 0.500000
      vertex 134.660000 13.282000 0.500000
    endloop
  endfacet
  facet normal 1.000000 0.000000 0.000000
    outer loop
      vertex 137.060000 13.282000 0.000000
      vertex 137.060000 13.282000 0.500000
      vertex 137.060000 18.899000 0.500000
    endloop
  endfacet
  facet normal 1.000000 0.000000 0.000000
    outer loop
      vertex 137.060000 13.282000 0.000000
      vertex 137.060000 18.899000 0.500000
      vertex 137.060000 18.899000 0.000000
    endloop
  endfacet
  facet normal 0.000000 0.000000 -1.000000
    outer loop
      vertex 134.660000 13.282000 0.000000
      vertex 137.060000 13.282000 0.000000
      vertex 137.060000 18.899000 0.000000
    endloop
  endfacet
  facet normal 0.000000 0.000000 -1.000000
    outer loop
      vertex 134.660000 13.282000 0.000000
      vertex 137.060000 18.899000 0.000000
      vertex 134.660000 18.899000 0.000000
    endloop
  endfacet
  facet normal -1.000000 0.000000 0.000000
    outer loop
      vertex 134.660000 13.282000 0.500000
      vertex 134.660000 18.899000 0.500000
      vertex 134.660000 18.899000 9.000000
    endloop
  endfacet
  facet normal -1.000000 0.000000 0.000000
    outer loop
      vertex 134.660000 13.282000 0.500000
      vertex 134.660000 18.899000 9.000000
      vertex 134.660000 13.282000 9.000000
    endloop
  endfacet
  facet normal 1.000000 0.000000 0.000000
    outer loop
      vertex 137.060000 13.282000 0.500000
      vertex 137.060000 13.282000 9.000000
      vertex 137.060000 18.899000 9.000000
    endloop
  endfacet
  facet normal 1.000000 0.000000 0.000000
    outer loop
      vertex 137.060000 13.282000 0.500000
      vertex 137.060000 18.899000 9.000000
      vertex 137.060000 18.899000 0.500000
    endloop
  endfacet
  facet normal 0.000000 1.000000 0.000000
    outer loop
      vertex 134.660000 18.899000 0.500000
      vertex 137.060000 18.899000 0.500000
      vertex 137.060000 18.899000 9.000000
    endloop
  endfacet
  facet normal 0.000000 1.000000 0.000000
    outer loop
      vertex 134.660000 18.899000 0.500000
      vertex 137.060000 18.899000 9.000000
      vertex 134.660000 18.899000 9.000000
    endloop
  endfacet
  facet normal -1.000000 0.000000 0.000000
    outer loop
      vertex 134.660000 13.282000 9.000000
      vertex 134.660000 18.899000 9.000000
      vertex 134.660000 18.899000 10.000000
    endloop
  endfacet
  facet normal -1.000000 0.000000 0.000000
    outer loop
      vertex 134.660000 13.282000 9.000000
      vertex 134.660000 18.899000 10.000000
      vertex 134.660000 13.282000 10.000000
    endloop
  endfacet
  facet normal 1.000000 0.000000 0.000000
    outer loop
      vertex 137.060000 13.282000 9.000000
      vertex 137.060000 13.282000 10.000000
      vertex 137.060000 18.899000 10.000000
    endloop
  endfacet
  facet normal 1.000000 0.000000 0.000000
    outer loop
      vertex 137.060000 13.282000 9.000000
      vertex 137.060000 18.899000 10.000000
      vertex 137.060000 18.899000 9.000000
    endloop
  endfacet
  facet normal 0.000000 1.000000 0.000000
    outer loop
      vertex 134.660000 18.899000 9.000000
      vertex 137.060000 18.899000 9.000000
      vertex 137.060000 18.899000 10.000000
    endloop
  endfacet
  facet normal 0.000000 1.000000 0.000000
    outer loop
      vertex 134.660000 18.899000 9.000000
      vertex 137.060000 18.899000 10.000000
      vertex 134.660000 18.899000 10.000000
    endloop
  endfacet
  facet normal -1.000000 0.000000 0.000000
    outer loop
      vertex 134.660000 13.282000 10.000000
      vertex 134.660000 18.899000 10.000000
      vertex 134.660000 18.899000 10.200000
    endloop
  endfacet
  facet normal -1.000000 0.000000 0.000000
    outer loop
      vertex 134.660000 13.282000 10.000000
      vertex 134.660000 18.899000 10.200000
      vertex 134.660000 13.282000 10.200000
    endloop
  endfacet
  facet normal 1.000000 0.000000 0.000000
    outer loop
      vertex 137.060000 13.282000 10.000000
      vertex 137.060000 13.282000 10.200000
      vertex 137.060000 18.899000 10.200000
    endloop
  endfacet
  facet normal 1.000000 0.000000 0.000000
    outer loop
      vertex 137.060000 13.282000 10.000000
      vertex 137.060000 18.899000 10.200000
      vertex 137.060000 18.899000 10.000000
    endloop
  endfacet
  facet normal -1.000000 0.000000 0.000000
    outer loop
      vertex 134.660000 13.282000 10.200000
      vertex 134.660000 18.899000 10.200000
      vertex 134.660000 18.899000 25.500000
    endloop
  endfacet
  facet normal -1.000000 0.000000 0.000000
    outer loop
      vertex 134.660000 13.282000 10.200000
      vertex 134.660000 18.899000 25.500000
      vertex 134.660000 13.282000 25.500000
    endloop
  endfacet
  facet normal 1.000000 0.000000 0.000000
    outer loop
      vertex 137.060000 13.282000 10.200000
      vertex 137.060000 13.282000 25.500000
      vertex 137.060000 18.899000 25.500000
    endloop
  endfacet
  facet normal 1.000000 0.000000 0.000000
    outer loop
      vertex 137.060000 13.282000 10.200000
      vertex 137.060000 18.899000 25.500000
      vertex 137.060000 18.899000 10.200000
    endloop
  endfacet
  facet normal -1.000000 0.000000 0.000000
    outer loop
      vertex 134.660000 13.282000 25.500000
      vertex 134.660000 18.899000 25.500000
      vertex 134.660000 18.899000 25.600000
    endloop
  endfacet
  facet normal -1.000000 0.000000 0.000000
    outer loop
      vertex 134.660000 13.282000 25.500000
      vertex 134.660000 18.899000 25.600000
      vertex 134.660000 13.282000 25.600000
    endloop
  endfacet
  facet normal 1.000000 0.000000 0.000000
    outer loop
      vertex 137.060000 13.282000 25.500000
      vertex 137.060000 13.282000 25.600000
      vertex 137.060000 18.899000 25.600000
    endloop
  endfacet
  facet normal 1.000000 0.000000 0.000000
    outer loop
      vertex 137.060000 13.282000 25.500000
      vertex 137.060000 18.899000 25.600000
      vertex 137.060000 18.899000 25.500000
    endloop
  endfacet
  facet normal 1.000000 0.000000 0.000000
    outer loop
      vertex 137.060000 13.282000 25.600000
      vertex 137.060000 13.282000 28.000000
      vertex 137.060000 18.899000 28.000000
    endloop
  endfacet
  facet normal 1.000000 0.000000 0.000000
    outer loop
      vertex 137.060000 13.282000 25.600000
      vertex 137.060000 18.899000 28.000000
      vertex 137.060000 18.899000 25.600000
    endloop
  endfacet
  facet normal 0.000000 0.000000 1.000000
    outer loop
      vertex 134.660000 13.282000 28.000000
      vertex 134.660000 18.899000 28.000000
      vertex 137.060000 18.899000 28.000000
    endloop
  endfacet
  facet normal 0.000000 0.000000 1.000000
    outer loop
      vertex 134.660000 13.282000 28.000000
      vertex 137.060000 18.899000 28.000000
      vertex 137.060000 13.282000 28.000000
    endloop
  endfacet
  facet normal -1.000000 0.000000 0.000000
    outer loop
      vertex 134.660000 18.899000 0.000000
      vertex 134.660000 22.889000 0.000000
      vertex 134.660000 22.889000 0.500000
    endloop
  endfacet
  facet normal -1.000000 0.000000 0.000000
    outer loop
      vertex 134.660000 18.899000 0.000000
      vertex 134.660000 22.889000 0.500000
      vertex 134.660000 18.899000 0.500000
    endloop
  endfacet
  facet normal 1.000000 0.000000 0.000000
    outer loop
      vertex 137.060000 18.899000 0.000000
      vertex 137.060000 18.899000 0.500000
      vertex 137.060000 22.889000 0.500000
    endloop
  endfacet
  facet normal 1.000000 0.000000 0.000000
    outer loop
      vertex 137.060000 18.899000 0.000000
      vertex 137.060000 22.889000 0.500000
      vertex 137.060000 22.889000 0.000000
    endloop
  endfacet
  facet normal 0.000000 0.000000 -1.000000
    outer loop
      vertex 134.660000 18.899000 0.000000
      vertex 137.060000 18.899000 0.000000
      vertex 137.060000 22.889000 0.000000
    endloop
  endfacet
  facet normal 0.000000 0.000000 -1.000000
    outer loop
      vertex 134.660000 18.899000 0.000000
      vertex 137.060000 22.889000 0.000000
      vertex 134.660000 22.889000 0.000000
    endloop
  endfacet
  facet normal 0.000000 0.000000 1.000000
    outer loop
      vertex 134.660000 18.899000 0.500000
      vertex 134.660000 22.889000 0.500000
      vertex 137.060000 22.889000 0.500000
    endloop
  endfacet
  facet normal 0.000000 0.000000 1.000000
    outer loop
      vertex 134.660000 18.899000 0.500000
      vertex 137.060000 22.889000 0.500000
      vertex 137.060000 18.899000 0.500000
    endloop
  endfacet
  facet normal -1.000000 0.000000 0.000000
    outer loop
      vertex 134.660000 18.899000 10.000000
      vertex 134.660000 22.889000 10.000000
      vertex 134.660000 22.889000 10.200000
    endloop
  endfacet
  facet normal -1.000000 0.000000 0.000000
    outer loop
      vertex 134.660000 18.899000 10.000000
      vertex 134.660000 22.889000 10.200000
      vertex 134.660000 18.899000 10.200000
    endloop
  endfacet
  facet normal 1.000000 0.000000 0.000000
    outer loop
      vertex 137.060000 18.899000 10.000000
      vertex 137.060000 18.899000 10.200000
      vertex 137.060000 22.889000 10.200000
    endloop
  endfacet
  facet normal 1.000000 0.000000 0.000000
    outer loop
      vertex 137.060000 18.899000 10.000000
      vertex 137.060000 22.889000 10.200000
      vertex 137.060000 22.889000 10.000000
    endloop
  endfacet
  facet normal 0.000000 0.000000 -1.000000
    outer loop
      vertex 134.660000 18.899000 10.000000
      vertex 137.060000 18.899000 10.000000
      vertex 137.060000 22.889000 10.000000
    endloop
  endfacet
  facet normal 0.000000 0.000000 -1.000000
    outer loop
      vertex 134.660000 18.899000 10.000000
      vertex 137.060000 22.889000 10.000000
      vertex 134.660000 22.889000 10.000000
    endloop
  endfacet
  facet normal -1.000000 0.000000 0.000000
    outer loop
      vertex 134.660000 18.899000 10.200000
      vertex 134.660000 22.889000 10.200000
      vertex 134.660000 22.889000 25.500000
    endloop
  endfacet
  facet normal -1.000000 0.000000 0.000000
    outer loop
      vertex 134.660000 18.899000 10.200000
      vertex 134.660000 22.889000 25.500000
      vertex 134.660000 18.899000 25.500000
    endloop
  endfacet
  facet normal 1.000000 0.000000 0.000000
    outer loop
      vertex 137.060000 18.899000 10.200000
      vertex 137.060000 18.899000 25.500000
      vertex 137.060000 22.889000 25.500000
    endloop
  endfacet
  facet normal 1.000000 0.000000 0.000000
    outer loop
      vertex 137.060000 18.899000 10.200000
      vertex 137.060000 22.889000 25.500000
      vertex 137.060000 22.889000 10.200000
    endloop
  endfacet
  facet normal -1.000000 0.000000 0.000000
    outer loop
      vertex 134.660000 18.899000 25.500000
      vertex 134.660000 22.889000 25.500000
      vertex 134.660000 22.889000 25.600000
    endloop
  endfacet
  facet normal -1.000000 0.000000 0.000000
    outer loop
      vertex 134.660000 18.899000 25.500000
      vertex 134.660000 22.889000 25.600000
      vertex 134.660000 18.899000 25.600000
    endloop
  endfacet
  facet normal 1.000000 0.000000 0.000000
    outer loop
      vertex 137.060000 18.899000 25.500000
      vertex 137.060000 18.899000 25.600000
      vertex 137.060000 22.889000 25.600000
    endloop
  endfacet
  facet normal 1.000000 0.000000 0.000000
    outer loop
      vertex 137.060000 18.899000 25.500000
      vertex 137.060000 22.889000 25.600000
      vertex 137.060000 22.889000 25.500000
    endloop
  endfacet
  facet normal 1.000000 0.000000 0.000000
    outer loop
      vertex 137.060000 18.899000 25.600000
      vertex 137.060000 18.899000 28.000000
      vertex 137.060000 22.889000 28.000000
    endloop
  endfacet
  facet normal 1.000000 0.000000 0.000000
    outer loop
      vertex 137.060000 18.899000 25.600000
      vertex 137.060000 22.889000 28.000000
      vertex 137.060000 22.889000 25.600000
    endloop
  endfacet
  facet normal 0.000000 0.000000 1.000000
    outer loop
      vertex 134.660000 18.899000 28.000000
      vertex 134.660000 22.889000 28.000000
      vertex 137.060000 22.889000 28.000000
    endloop
  endfacet
  facet normal 0.000000 0.000000 1.000000
    outer loop
      vertex 134.660000 18.899000 28.000000
      vertex 137.060000 22.889000 28.000000
      vertex 137.060000 18.899000 28.000000
    endloop
  endfacet
  facet normal -1.000000 0.000000 0.000000
    outer loop
      vertex 134.660000 22.889000 0.000000
      vertex 134.660000 24.125000 0.000000
      vertex 134.660000 24.125000 0.500000
    endloop
  endfacet
  facet normal -1.000000 0.000000 0.000000
    outer loop
      vertex 134.660000 22.889000 0.000000
      vertex 134.660000 24.125000 0.500000
      vertex 134.660000 22.889000 0.500000
    endloop
  endfacet
  facet normal 1.000000 0.000000 0.000000
    outer loop
      vertex 137.060000 22.889000 0.000000
      vertex 137.060000 22.889000 0.500000
      vertex 137.060000 24.125000 0.500000
    endloop
  endfacet
  facet normal 1.000000 0.000000 0.000000
    outer loop
      vertex 137.060000 22.889000 0.000000
      vertex 137.060000 24.125000 0.500000
      vertex 137.060000 24.125000 0.000000
    endloop
  endfacet
  facet normal 0.000000 0.000000 -1.000000
    outer loop
      vertex 134.660000 22.889000 0.000000
      vertex 137.060000 22.889000 0.000000
      vertex 137.060000 24.125000 0.000000
    endloop
  endfacet
  facet normal 0.000000 0.000000 -1.000000
    outer loop
      vertex 134.660000 22.889000 0.000000
      vertex 137.060000 24.125000 0.000000
      vertex 134.660000 24.125000 0.000000
    endloop
  endfacet
  facet normal 0.000000 0.000000 1.000000
    outer loop
      vertex 134.660000 22.889000 0.500000
      vertex 134.660000 24.125000 0.500000
      vertex 137.060000 24.125000 0.500000
    endloop
  endfacet
  facet normal 0.000000 0.000000 1.000000
    outer loop
      vertex 134.660000 22.889000 0.500000
      vertex 137.060000 24.125000 0.500000
      vertex 137.060000 22.889000 0.500000
    endloop
  endfacet
  facet normal -1.000000 0.000000 0.000000
    outer loop
      vertex 134.660000 22.889000 10.000000
      vertex 134.660000 24.125000 10.000000
      vertex 134.660000 24.125000 10.200000
    endloop
  endfacet
  facet normal -1.000000 0.000000 0.000000
    outer loop
      vertex 134.660000 22.889000 10.000000
      vertex 134.660000 24.125000 10.200000
      vertex 134.660000 22.889000 10.200000
    endloop
  endfacet
  facet normal 1.000000 0.000000 0.000000
    outer loop
      vertex 137.060000 22.889000 10.000000
      vertex 137.060000 22.889000 10.200000
      vertex 137.060000 24.125000 10.200000
    endloop
  endfacet
  facet normal 1.000000 0.000000 0.000000
    outer loop
      vertex 137.060000 22.889000 10.000000
      vertex 137.060000 24.125000 10.200000
      vertex 137.060000 24.125000 10.000000
    endloop
  endfacet
  facet normal 0.000000 0.000000 -1.000000
    outer loop
      vertex 134.660000 22.889000 10.000000
      vertex 137.060000 22.889000 10.000000
      vertex 137.060000 24.125000 10.000000
    endloop
  endfacet
  facet normal 0.000000 0.000000 -1.000000
    outer loop
      vertex 134.660000 22.889000 10.000000
      vertex 137.060000 24.125000 10.000000
      vertex 134.660000 24.125000 10.000000
    endloop
  endfacet
  facet normal -1.000000 0.000000 0.000000
    outer loop
      vertex 134.660000 22.889000 10.200000
      vertex 134.660000 24.125000 10.200000
      vertex 134.660000 24.125000 25.500000
    endloop
  endfacet
  facet normal -1.000000 0.000000 0.000000
    outer loop
      vertex 134.660000 22.889000 10.200000
      vertex 134.660000 24.125000 25.500000
      vertex 134.660000 22.889000 25.500000
    endloop
  endfacet
  facet normal 1.000000 0.000000 0.000000
    outer loop
      vertex 137.060000 22.889000 10.200000
      vertex 137.060000 22.889000 25.500000
      vertex 137.060000 24.125000 25.500000
    endloop
  endfacet
  facet normal 1.000000 0.000000 0.000000
    outer loop
      vertex 137.060000 22.889000 10.200000
      vertex 137.060000 24.125000 25.500000
      vertex 137.060000 24.125000 10.200000
    endloop
  endfacet
  facet normal -1.000000 0.000000 0.000000
    outer loop
      vertex 134.660000 22.889000 25.500000
      vertex 134.660000 24.125000 25.500000
      vertex 134.660000 24.125000 25.600000
    endloop
  endfacet
  facet normal -1.000000 0.000000 0.000000
    outer loop
      vertex 134.660000 22.889000 25.500000
      vertex 134.660000 24.125000 25.600000
      vertex 134.660000 22.889000 25.600000
    endloop
  endfacet
  facet normal 1.000000 0.000000 0.000000
    outer loop
      vertex 137.060000 22.889000 25.500000
      vertex 137.060000 22.889000 25.600000
      vertex 137.060000 24.125000 25.600000
    endloop
  endfacet
  facet normal 1.000000 0.000000 0.000000
    outer loop
      vertex 137.060000 22.889000 25.500000
      vertex 137.060000 24.125000 25.600000
      vertex 137.060000 24.125000 25.500000
    endloop
  endfacet
  facet normal 1.000000 0.000000 0.000000
    outer loop
      vertex 137.060000 22.889000 25.600000
      vertex 137.060000 22.889000 28.000000
      vertex 137.060000 24.125000 28.000000
    endloop
  endfacet
  facet normal 1.000000 0.000000 0.000000
    outer loop
      vertex 137.060000 22.889000 25.600000
      vertex 137.060000 24.125000 28.000000
      vertex 137.060000 24.125000 25.600000
    endloop
  endfacet
  facet normal 0.000000 0.000000 1.000000
    outer loop
      vertex 134.660000 22.889000 28.000000
      vertex 134.660000 24.125000 28.000000
      vertex 137.060000 24.125000 28.000000
    endloop
  endfacet
  facet normal 0.000000 0.000000 1.000000
    outer loop
      vertex 134.660000 22.889000 28.000000
      vertex 137.060000 24.125000 28.000000
      vertex 137.060000 22.889000 28.000000
    endloop
  endfacet
  facet normal -1.000000 0.000000 0.000000
    outer loop
      vertex 134.660000 24.125000 0.000000
      vertex 134.660000 33.833000 0.000000
      vertex 134.660000 33.833000 0.500000
    endloop
  endfacet
  facet normal -1.000000 0.000000 0.000000
    outer loop
      vertex 134.660000 24.125000 0.000000
      vertex 134.660000 33.833000 0.500000
      vertex 134.660000 24.125000 0.500000
    endloop
  endfacet
  facet normal 1.000000 0.000000 0.000000
    outer loop
      vertex 137.060000 24.125000 0.000000
      vertex 137.060000 24.125000 0.500000
      vertex 137.060000 33.833000 0.500000
    endloop
  endfacet
  facet normal 1.000000 0.000000 0.000000
    outer loop
      vertex 137.060000 24.125000 0.000000
      vertex 137.060000 33.833000 0.500000
      vertex 137.060000 33.833000 0.000000
    endloop
  endfacet
  facet normal 0.000000 0.000000 -1.000000
    outer loop
      vertex 134.660000 24.125000 0.000000
      vertex 137.060000 24.125000 0.000000
      vertex 137.060000 33.833000 0.000000
    endloop
  endfacet
  facet normal 0.000000 0.000000 -1.000000
    outer loop
      vertex 134.660000 24.125000 0.000000
      vertex 137.060000 33.833000 0.000000
      vertex 134.660000 33.833000 0.000000
    endloop
  endfacet
  facet normal 0.000000 0.000000 1.000000
    outer loop
      vertex 134.660000 24.125000 0.500000
      vertex 134.660000 33.833000 0.500000
      vertex 137.060000 33.833000 0.500000
    endloop
  endfacet
  facet normal 0.000000 0.000000 1.000000
    outer loop
      vertex 134.660000 24.125000 0.500000
      vertex 137.060000 33.833000 0.500000
      vertex 137.060000 24.125000 0.500000
    endloop
  endfacet
  facet normal -1.000000 0.000000 0.000000
    outer loop
      vertex 134.660000 24.125000 10.000000
      vertex 134.660000 33.833000 10.000000
      vertex 134.660000 33.833000 10.200000
    endloop
  endfacet
  facet normal -1.000000 0.000000 0.000000
    outer loop
      vertex 134.660000 24.125000 10.000000
      vertex 134.660000 33.833000 10.200000
      vertex 134.660000 24.125000 10.200000
    endloop
  endfacet
  facet normal 1.000000 0.000000 0.000000
    outer loop
      vertex 137.060000 24.125000 10.000000
      vertex 137.060000 24.125000 10.200000
      vertex 137.060000 33.833000 10.200000
    endloop
  endfacet
  facet normal 1.000000 0.000000 0.000000
    outer loop
      vertex 137.060000 24.125000 10.000000
      vertex 137.060000 33.833000 10.200000
      vertex 137.060000 33.833000 10.000000
    endloop
  endfacet
  facet normal 0.000000 0.000000 -1.000000
    outer loop
      vertex 134.660000 24.125000 10.000000
      vertex 137.060000 24.125000 10.000000
      vertex 137.060000 33.833000 10.000000
    endloop
  endfacet
  facet normal 0.000000 0.000000 -1.000000
    outer loop
      vertex 134.660000 24.125000 10.000000
      vertex 137.060000 33.833000 10.000000
      vertex 134.660000 33.833000 10.000000
    endloop
  endfacet
  facet normal -1.000000 0.000000 0.000000
    outer loop
      vertex 134.660000 24.125000 10.200000
      vertex 134.660000 33.833000 10.200000
      vertex 134.660000 33.833000 25.500000
    endloop
  endfacet
  facet normal -1.000000 0.000000 0.000000
    outer loop
      vertex 134.660000 24.125000 10.200000
      vertex 134.660000 33.833000 25.500000
      vertex 134.660000 24.125000 25.500000
    endloop
  endfacet
  facet normal 1.000000 0.000000 0.000000
    outer loop
      vertex 137.060000 24.125000 10.200000
      vertex 137.060000 24.125000 25.500000
      vertex 137.060000 33.833000 25.500000
    endloop
  endfacet
  facet normal 1.000000 0.000000 0.000000
    outer loop
      vertex 137.060000 24.125000 10.200000
      vertex 137.060000 33.833000 25.500000
      vertex 137.060000 33.833000 10.200000
    endloop
  endfacet
  facet normal -1.000000 0.000000 0.000000
    outer loop
      vertex 134.660000 24.125000 25.500000
      vertex 134.660000 33.833000 25.500000
      vertex 134.660000 33.833000 25.600000
    endloop
  endfacet
  facet normal -1.000000 0.000000 0.000000
    outer loop
      vertex 134.660000 24.125000 25.500000
      vertex 134.660000 33.833000 25.600000
      vertex 134.660000 24.125000 25.600000
    endloop
  endfacet
  facet normal 1.000000 0.000000 0.000000
    outer loop
      vertex 137.060000 24.125000 25.500000
      vertex 137.060000 24.125000 25.600000
      vertex 137.060000 33.833000 25.600000
    endloop
  endfacet
  facet normal 1.000000 0.000000 0.000000
    outer loop
      vertex 137.060000 24.125000 25.500000
      vertex 137.060000 33.833000 25.600000
      vertex 137.060000 33.833000 25.500000
    endloop
  endfacet
  facet normal 1.000000 0.000000 0.000000
    outer loop
      vertex 137.060000 24.125000 25.600000
      vertex 137.060000 24.125000 28.000000
      vertex 137.060000 33.833000 28.000000
    endloop
  endfacet
  facet normal 1.000000 0.000000 0.000000
    outer loop
      vertex 137.060000 24.125000 25.600000
      vertex 137.060000 33.833000 28.000000
      vertex 137.060000 33.833000 25.600000
    endloop
  endfacet
  facet normal 0.000000 0.000000 1.000000
    outer loop
      vertex 134.660000 24.125000 28.000000
      vertex 134.660000 33.833000 28.000000
      vertex 137.060000 33.833000 28.000000
    endloop
  endfacet
  facet normal 0.000000 0.000000 1.000000
    outer loop
      vertex 134.660000 24.125000 28.000000
      vertex 137.060000 33.833000 28.000000
      vertex 137.060000 24.125000 28.000000
    endloop
  endfacet
  facet normal -1.000000 0.000000 0.000000
    outer loop
      vertex 134.660000 33.833000 0.000000
      vertex 134.660000 33.923000 0.000000
      vertex 134.660000 33.923000 0.500000
    endloop
  endfacet
  facet normal -1.000000 0.000000 0.000000
    outer loop
      vertex 134.660000 33.833000 0.000000
      vertex 134.660000 33.923000 0.500000
      vertex 134.660000 33.833000 0.500000
    endloop
  endfacet
  facet normal 1.000000 0.000000 0.000000
    outer loop
      vertex 137.060000 33.833000 0.000000
      vertex 137.060000 33.833000 0.500000
      vertex 137.060000 33.923000 0.500000
    endloop
  endfacet
  facet normal 1.000000 0.000000 0.000000
    outer loop
      vertex 137.060000 33.833000 0.000000
      vertex 137.060000 33.923000 0.500000
      vertex 137.060000 33.923000 0.000000
    endloop
  endfacet
  facet normal 0.000000 0.000000 -1.000000
    outer loop
      vertex 134.660000 33.833000 0.000000
      vertex 137.060000 33.833000 0.000000
      vertex 137.060000 33.923000 0.000000
    endloop
  endfacet
  facet normal 0.000000 0.000000 -1.000000
    outer loop
      vertex 134.660000 33.833000 0.000000
      vertex 137.060000 33.923000 0.000000
      vertex 134.660000 33.923000 0.000000
    endloop
  endfacet
  facet normal -1.000000 0.000000 0.000000
    outer loop
      vertex 134.660000 33.833000 0.500000
      vertex 134.660000 33.923000 0.500000
      vertex 134.660000 33.923000 9.000000
    endloop
  endfacet
  facet normal -1.000000 0.000000 0.000000
    outer loop
      vertex 134.660000 33.833000 0.500000
      vertex 134.660000 33.923000 9.000000
      vertex 134.660000 33.833000 9.000000
    endloop
  endfacet
  facet normal 1.000000 0.000000 0.000000
    outer loop
      vertex 137.060000 33.833000 0.500000
      vertex 137.060000 33.833000 9.000000
      vertex 137.060000 33.923000 9.000000
    endloop
  endfacet
  facet normal 1.000000 0.000000 0.000000
    outer loop
      vertex 137.060000 33.833000 0.500000
      vertex 137.060000 33.923000 9.000000
      vertex 137.060000 33.923000 0.500000
    endloop
  endfacet
  facet normal 0.000000 -1.000000 0.000000
    outer loop
      vertex 134.660000 33.833000 0.500000
      vertex 134.660000 33.833000 9.000000
      vertex 137.060000 33.833000 9.000000
    endloop
  endfacet
  facet normal 0.000000 -1.000000 0.000000
    outer loop
      vertex 134.660000 33.833000 0.500000
      vertex 137.060000 33.833000 9.000000
      vertex 137.060000 33.833000 0.500000
    endloop
  endfacet
  facet normal -1.000000 0.000000 0.000000
    outer loop
      vertex 134.660000 33.833000 9.000000
      vertex 134.660000 33.923000 9.000000
      vertex 134.660000 33.923000 10.000000
    endloop
  endfacet
  facet normal -1.000000 0.000000 0.000000
    outer loop
      vertex 134.660000 33.833000 9.000000
      vertex 134.660000 33.923000 10.000000
      vertex 134.660000 33.833000 10.000000
    endloop
  endfacet
  facet normal 1.000000 0.000000 0.000000
    outer loop
      vertex 137.060000 33.833000 9.000000
      vertex 137.060000 33.833000 10.000000
      vertex 137.060000 33.923000 10.000000
    endloop
  endfacet
  facet normal 1.000000 0.000000 0.000000
    outer loop
      vertex 137.060000 33.833000 9.000000
      vertex 137.060000 33.923000 10.000000
      vertex 137.060000 33.923000 9.000000
    endloop
  endfacet
  facet normal 0.000000 -1.000000 0.000000
    outer loop
      vertex 134.660000 33.833000 9.000000
      vertex 134.660000 33.833000 10.000000
      vertex 137.060000 33.833000 10.000000
    endloop
  endfacet
  facet normal 0.000000 -1.000000 0.000000
    outer loop
      vertex 134.660000 33.833000 9.000000
      vertex 137.060000 33.833000 10.000000
      vertex 137.060000 33.833000 9.000000
    endloop
  endfacet
  facet normal -1.000000 0.000000 0.000000
    outer loop
      vertex 134.660000 33.833000 10.000000
      vertex 134.660000 33.923000 10.000000
      vertex 134.660000 33.923000 10.200000
    endloop
  endfacet
  facet normal -1.000000 0.000000 0.000000
    outer loop
      vertex 134.660000 33.833000 10.000000
      vertex 134.660000 33.923000 10.200000
      vertex 134.660000 33.833000 10.200000
    endloop
  endfacet
  facet normal 1.000000 0.000000 0.000000
    outer loop
      vertex 137.060000 33.833000 10.000000
      vertex 137.060000 33.833000 10.200000
      vertex 137.060000 33.923000 10.200000
    endloop
  endfacet
  facet normal 1.000000 0.000000 0.000000
    outer loop
      vertex 137.060000 33.833000 10.000000
      vertex 137.060000 33.923000 10.200000
      vertex 137.060000 33.923000 10.000000
    endloop
  endfacet
  facet normal -1.000000 0.000000 0.000000
    outer loop
      vertex 134.660000 33.833000 10.200000
      vertex 134.660000 33.923000 10.200000
      vertex 134.660000 33.923000 25.500000
    endloop
  endfacet
  facet normal -1.000000 0.000000 0.000000
    outer loop
      vertex 134.660000 33.833000 10.200000
      vertex 134.660000 33.923000 25.500000
      vertex 134.660000 33.833000 25.500000
    endloop
  endfacet
  facet normal 1.000000 0.000000 0.000000
    outer loop
      vertex 137.060000 33.833000 10.200000
      vertex 137.060000 33.833000 25.500000
      vertex 137.060000 33.923000 25.500000
    endloop
  endfacet
  facet normal 1.000000 0.000000 0.000000
    outer loop
      vertex 137.060000 33.833000 10.200000
      vertex 137.060000 33.923000 25.500000
      vertex 137.060000 33.923000 10.200000
    endloop
  endfacet
  facet normal -1.000000 0.000000 0.000000
    outer loop
      vertex 134.660000 33.833000 25.500000
      vertex 134.660000 33.923000 25.500000
      vertex 134.660000 33.923000 25.600000
    endloop
  endfacet
  facet normal -1.000000 0.000000 0.000000
    outer loop
      vertex 134.660000 33.833000 25.500000
      vertex 134.660000 33.923000 25.600000
      vertex 134.660000 33.833000 25.600000
    endloop
  endfacet
  facet normal 1.000000 0.000000 0.000000
    outer loop
      vertex 137.060000 33.833000 25.500000
      vertex 137.060000 33.833000 25.600000
      vertex 137.060000 33.923000 25.600000
    endloop
  endfacet
  facet normal 1.000000 0.000000 0.000000
    outer loop
      vertex 137.060000 33.833000 25.500000
      vertex 137.060000 33.923000 25.600000
      vertex 137.060000 33.923000 25.500000
    endloop
  endfacet
  facet normal 1.000000 0.000000 0.000000
    outer loop
      vertex 137.060000 33.833000 25.600000
      vertex 137.060000 33.833000 28.000000
      vertex 137.060000 33.923000 28.000000
    endloop
  endfacet
  facet normal 1.000000 0.000000 0.000000
    outer loop
      vertex 137.060000 33.833000 25.600000
      vertex 137.060000 33.923000 28.000000
      vertex 137.060000 33.923000 25.600000
    endloop
  endfacet
  facet normal 0.000000 0.000000 1.000000
    outer loop
      vertex 134.660000 33.833000 28.000000
      vertex 134.660000 33.923000 28.000000
      vertex 137.060000 33.923000 28.000000
    endloop
  endfacet
  facet normal 0.000000 0.000000 1.000000
    outer loop
      vertex 134.660000 33.833000 28.000000
      vertex 137.060000 33.923000 28.000000
      vertex 137.060000 33.833000 28.000000
    endloop
  endfacet
  facet normal -1.000000 0.000000 0.000000
    outer loop
      vertex 134.660000 33.923000 0.000000
      vertex 134.660000 36.125000 0.000000
      vertex 134.660000 36.125000 0.500000
    endloop
  endfacet
  facet normal -1.000000 0.000000 0.000000
    outer loop
      vertex 134.660000 33.923000 0.000000
      vertex 134.660000 36.125000 0.500000
      vertex 134.660000 33.923000 0.500000
    endloop
  endfacet
  facet normal 1.000000 0.000000 0.000000
    outer loop
      vertex 137.060000 33.923000 0.000000
      vertex 137.060000 33.923000 0.500000
      vertex 137.060000 36.125000 0.500000
    endloop
  endfacet
  facet normal 1.000000 0.000000 0.000000
    outer loop
      vertex 137.060000 33.923000 0.000000
      vertex 137.060000 36.125000 0.500000
      vertex 137.060000 36.125000 0.000000
    endloop
  endfacet
  facet normal 0.000000 0.000000 -1.000000
    outer loop
      vertex 134.660000 33.923000 0.000000
      vertex 137.060000 33.923000 0.000000
      vertex 137.060000 36.125000 0.000000
    endloop
  endfacet
  facet normal 0.000000 0.000000 -1.000000
    outer loop
      vertex 134.660000 33.923000 0.000000
      vertex 137.060000 36.125000 0.000000
      vertex 134.660000 36.125000 0.000000
    endloop
  endfacet
  facet normal -1.000000 0.000000 0.000000
    outer loop
      vertex 134.660000 33.923000 0.500000
      vertex 134.660000 36.125000 0.500000
      vertex 134.660000 36.125000 9.000000
    endloop
  endfacet
  facet normal -1.000000 0.000000 0.000000
    outer loop
      vertex 134.660000 33.923000 0.500000
      vertex 134.660000 36.125000 9.000000
      vertex 134.660000 33.923000 9.000000
    endloop
  endfacet
  facet normal 1.000000 0.000000 0.000000
    outer loop
      vertex 137.060000 33.923000 0.500000
      vertex 137.060000 33.923000 9.000000
      vertex 137.060000 36.125000 9.000000
    endloop
  endfacet
  facet normal 1.000000 0.000000 0.000000
    outer loop
      vertex 137.060000 33.923000 0.500000
      vertex 137.060000 36.125000 9.000000
      vertex 137.060000 36.125000 0.500000
    endloop
  endfacet
  facet normal -1.000000 0.000000 0.000000
    outer loop
      vertex 134.660000 33.923000 9.000000
      vertex 134.660000 36.125000 9.000000
      vertex 134.660000 36.125000 10.000000
    endloop
  endfacet
  facet normal -1.000000 0.000000 0.000000
    outer loop
      vertex 134.660000 33.923000 9.000000
      vertex 134.660000 36.125000 10.000000
      vertex 134.660000 33.923000 10.000000
    endloop
  endfacet
  facet normal 1.000000 0.000000 0.000000
    outer loop
      vertex 137.060000 33.923000 9.000000
      vertex 137.060000 33.923000 10.000000
      vertex 137.060000 36.125000 10.000000
    endloop
  endfacet
  facet normal 1.000000 0.000000 0.000000
    outer loop
      vertex 137.060000 33.923000 9.000000
      vertex 137.060000 36.125000 10.000000
      vertex 137.060000 36.125000 9.000000
    endloop
  endfacet
  facet normal -1.000000 0.000000 0.000000
    outer loop
      vertex 134.660000 33.923000 10.000000
      vertex 134.660000 36.125000 10.000000
      vertex 134.660000 36.125000 10.200000
    endloop
  endfacet
  facet normal -1.000000 0.000000 0.000000
    outer loop
      vertex 134.660000 33.923000 10.000000
      vertex 134.660000 36.125000 10.200000
      vertex 134.660000 33.923000 10.200000
    endloop
  endfacet
  facet normal 1.000000 0.000000 0.000000
    outer loop
      vertex 137.060000 33.923000 10.000000
      vertex 137.060000 33.923000 10.200000
      vertex 137.060000 36.125000 10.200000
    endloop
  endfacet
  facet normal 1.000000 0.000000 0.000000
    outer loop
      vertex 137.060000 33.923000 10.000000
      vertex 137.060000 36.125000 10.200000
      vertex 137.060000 36.125000 10.000000
    endloop
  endfacet
  facet normal -1.000000 0.000000 0.000000
    outer loop
      vertex 134.660000 33.923000 10.200000
      vertex 134.660000 36.125000 10.200000
      vertex 134.660000 36.125000 25.500000
    endloop
  endfacet
  facet normal -1.000000 0.000000 0.000000
    outer loop
      vertex 134.660000 33.923000 10.200000
      vertex 134.660000 36.125000 25.500000
      vertex 134.660000 33.923000 25.500000
    endloop
  endfacet
  facet normal 1.000000 0.000000 0.000000
    outer loop
      vertex 137.060000 33.923000 10.200000
      vertex 137.060000 33.923000 25.500000
      vertex 137.060000 36.125000 25.500000
    endloop
  endfacet
  facet normal 1.000000 0.000000 0.000000
    outer loop
      vertex 137.060000 33.923000 10.200000
      vertex 137.060000 36.125000 25.500000
      vertex 137.060000 36.125000 10.200000
    endloop
  endfacet
  facet normal -1.000000 0.000000 0.000000
    outer loop
      vertex 134.660000 33.923000 25.500000
      vertex 134.660000 36.125000 25.500000
      vertex 134.660000 36.125000 25.600000
    endloop
  endfacet
  facet normal -1.000000 0.000000 0.000000
    outer loop
      vertex 134.660000 33.923000 25.500000
      vertex 134.660000 36.125000 25.600000
      vertex 134.660000 33.923000 25.600000
    endloop
  endfacet
  facet normal 1.000000 0.000000 0.000000
    outer loop
      vertex 137.060000 33.923000 25.500000
      vertex 137.060000 33.923000 25.600000
      vertex 137.060000 36.125000 25.600000
    endloop
  endfacet
  facet normal 1.000000 0.000000 0.000000
    outer loop
      vertex 137.060000 33.923000 25.500000
      vertex 137.060000 36.125000 25.600000
      vertex 137.060000 36.125000 25.500000
    endloop
  endfacet
  facet normal 1.000000 0.000000 0.000000
    outer loop
      vertex 137.060000 33.923000 25.600000
      vertex 137.060000 33.923000 28.000000
      vertex 137.060000 36.125000 28.000000
    endloop
  endfacet
  facet normal 1.000000 0.000000 0.000000
    outer loop
      vertex 137.060000 33.923000 25.600000
      vertex 137.060000 36.125000 28.000000
      vertex 137.060000 36.125000 25.600000
    endloop
  endfacet
  facet normal 0.000000 0.000000 1.000000
    outer loop
      vertex 134.660000 33.923000 28.000000
      vertex 134.660000 36.125000 28.000000
      vertex 137.060000 36.125000 28.000000
    endloop
  endfacet
  facet normal 0.000000 0.000000 1.000000
    outer loop
      vertex 134.660000 33.923000 28.000000
      vertex 137.060000 36.125000 28.000000
      vertex 137.060000 33.923000 28.000000
    endloop
  endfacet
  facet normal -1.000000 0.000000 0.000000
    outer loop
      vertex 134.660000 36.125000 0.000000
      vertex 134.660000 42.105000 0.000000
      vertex 134.660000 42.105000 0.500000
    endloop
  endfacet
  facet normal -1.000000 0.000000 0.000000
    outer loop
      vertex 134.660000 36.125000 0.000000
      vertex 134.660000 42.105000 0.500000
      vertex 134.660000 36.125000 0.500000
    endloop
  endfacet
  facet normal 1.000000 0.000000 0.000000
    outer loop
      vertex 137.060000 36.125000 0.000000
      vertex 137.060000 36.125000 0.500000
      vertex 137.060000 42.105000 0.500000
    endloop
  endfacet
  facet normal 1.000000 0.000000 0.000000
    outer loop
      vertex 137.060000 36.125000 0.000000
      vertex 137.060000 42.105000 0.500000
      vertex 137.060000 42.105000 0.000000
    endloop
  endfacet
  facet normal 0.000000 0.000000 -1.000000
    outer loop
      vertex 134.660000 36.125000 0.000000
      vertex 137.060000 36.125000 0.000000
      vertex 137.060000 42.105000 0.000000
    endloop
  endfacet
  facet normal 0.000000 0.000000 -1.000000
    outer loop
      vertex 134.660000 36.125000 0.000000
      vertex 137.060000 42.105000 0.000000
      vertex 134.660000 42.105000 0.000000
    endloop
  endfacet
  facet normal -1.000000 0.000000 0.000000
    outer loop
      vertex 134.660000 36.125000 0.500000
      vertex 134.660000 42.105000 0.500000
      vertex 134.660000 42.105000 9.000000
    endloop
  endfacet
  facet normal -1.000000 0.000000 0.000000
    outer loop
      vertex 134.660000 36.125000 0.500000
      vertex 134.660000 42.105000 9.000000
      vertex 134.660000 36.125000 9.000000
    endloop
  endfacet
  facet normal 1.000000 0.000000 0.000000
    outer loop
      vertex 137.060000 36.125000 0.500000
      vertex 137.060000 36.125000 9.000000
      vertex 137.060000 42.105000 9.000000
    endloop
  endfacet
  facet normal 1.000000 0.000000 0.000000
    outer loop
      vertex 137.060000 36.125000 0.500000
      vertex 137.060000 42.105000 9.000000
      vertex 137.060000 42.105000 0.500000
    endloop
  endfacet
  facet normal -1.000000 0.000000 0.000000
    outer loop
      vertex 134.660000 36.125000 9.000000
      vertex 134.660000 42.105000 9.000000
      vertex 134.660000 42.105000 10.000000
    endloop
  endfacet
  facet normal -1.000000 0.000000 0.000000
    outer loop
      vertex 134.660000 36.125000 9.000000
      vertex 134.660000 42.105000 10.000000
      vertex 134.660000 36.125000 10.000000
    endloop
  endfacet
  facet normal 1.000000 0.000000 0.000000
    outer loop
      vertex 137.060000 36.125000 9.000000
      vertex 137.060000 36.125000 10.000000
      vertex 137.060000 42.105000 10.000000
    endloop
  endfacet
  facet normal 1.000000 0.000000 0.000000
    outer loop
      vertex 137.060000 36.125000 9.000000
      vertex 137.060000 42.105000 10.000000
      vertex 137.060000 42.105000 9.000000
    endloop
  endfacet
  facet normal -1.000000 0.000000 0.000000
    outer loop
      vertex 134.660000 36.125000 10.000000
      vertex 134.660000 42.105000 10.000000
      vertex 134.660000 42.105000 10.200000
    endloop
  endfacet
  facet normal -1.000000 0.000000 0.000000
    outer loop
      vertex 134.660000 36.125000 10.000000
      vertex 134.660000 42.105000 10.200000
      vertex 134.660000 36.125000 10.200000
    endloop
  endfacet
  facet normal 1.000000 0.000000 0.000000
    outer loop
      vertex 137.060000 36.125000 10.000000
      vertex 137.060000 36.125000 10.200000
      vertex 137.060000 42.105000 10.200000
    endloop
  endfacet
  facet normal 1.000000 0.000000 0.000000
    outer loop
      vertex 137.060000 36.125000 10.000000
      vertex 137.060000 42.105000 10.200000
      vertex 137.060000 42.105000 10.000000
    endloop
  endfacet
  facet normal -1.000000 0.000000 0.000000
    outer loop
      vertex 134.660000 36.125000 10.200000
      vertex 134.660000 42.105000 10.200000
      vertex 134.660000 42.105000 25.500000
    endloop
  endfacet
  facet normal -1.000000 0.000000 0.000000
    outer loop
      vertex 134.660000 36.125000 10.200000
      vertex 134.660000 42.105000 25.500000
      vertex 134.660000 36.125000 25.500000
    endloop
  endfacet
  facet normal 1.000000 0.000000 0.000000
    outer loop
      vertex 137.060000 36.125000 10.200000
      vertex 137.060000 36.125000 25.500000
      vertex 137.060000 42.105000 25.500000
    endloop
  endfacet
  facet normal 1.000000 0.000000 0.000000
    outer loop
      vertex 137.060000 36.125000 10.200000
      vertex 137.060000 42.105000 25.500000
      vertex 137.060000 42.105000 10.200000
    endloop
  endfacet
  facet normal -1.000000 0.000000 0.000000
    outer loop
      vertex 134.660000 36.125000 25.500000
      vertex 134.660000 42.105000 25.500000
      vertex 134.660000 42.105000 25.600000
    endloop
  endfacet
  facet normal -1.000000 0.000000 0.000000
    outer loop
      vertex 134.660000 36.125000 25.500000
      vertex 134.660000 42.105000 25.600000
      vertex 134.660000 36.125000 25.600000
    endloop
  endfacet
  facet normal 1.000000 0.000000 0.000000
    outer loop
      vertex 137.060000 36.125000 25.500000
      vertex 137.060000 36.125000 25.600000
      vertex 137.060000 42.105000 25.600000
    endloop
  endfacet
  facet normal 1.000000 0.000000 0.000000
    outer loop
      vertex 137.060000 36.125000 25.500000
      vertex 137.060000 42.105000 25.600000
      vertex 137.060000 42.105000 25.500000
    endloop
  endfacet
  facet normal 1.000000 0.000000 0.000000
    outer loop
      vertex 137.060000 36.125000 25.600000
      vertex 137.060000 36.125000 28.000000
      vertex 137.060000 42.105000 28.000000
    endloop
  endfacet
  facet normal 1.000000 0.000000 0.000000
    outer loop
      vertex 137.060000 36.125000 25.600000
      vertex 137.060000 42.105000 28.000000
      vertex 137.060000 42.105000 25.600000
    endloop
  endfacet
  facet normal 0.000000 0.000000 1.000000
    outer loop
      vertex 134.660000 36.125000 28.000000
      vertex 134.660000 42.105000 28.000000
      vertex 137.060000 42.105000 28.000000
    endloop
  endfacet
  facet normal 0.000000 0.000000 1.000000
    outer loop
      vertex 134.660000 36.125000 28.000000
      vertex 137.060000 42.105000 28.000000
      vertex 137.060000 36.125000 28.000000
    endloop
  endfacet
  facet normal -1.000000 0.000000 0.000000
    outer loop
      vertex 134.660000 42.105000 0.000000
      vertex 134.660000 43.151000 0.000000
      vertex 134.660000 43.151000 0.500000
    endloop
  endfacet
  facet normal -1.000000 0.000000 0.000000
    outer loop
      vertex 134.660000 42.105000 0.000000
      vertex 134.660000 43.151000 0.500000
      vertex 134.660000 42.105000 0.500000
    endloop
  endfacet
  facet normal 1.000000 0.000000 0.000000
    outer loop
      vertex 137.060000 42.105000 0.000000
      vertex 137.060000 42.105000 0.500000
      vertex 137.060000 43.151000 0.500000
    endloop
  endfacet
  facet normal 1.000000 0.000000 0.000000
    outer loop
      vertex 137.060000 42.105000 0.000000
      vertex 137.060000 43.151000 0.500000
      vertex 137.060000 43.151000 0.000000
    endloop
  endfacet
  facet normal 0.000000 0.000000 -1.000000
    outer loop
      vertex 134.660000 42.105000 0.000000
      vertex 137.060000 42.105000 0.000000
      vertex 137.060000 43.151000 0.000000
    endloop
  endfacet
  facet normal 0.000000 0.000000 -1.000000
    outer loop
      vertex 134.660000 42.105000 0.000000
      vertex 137.060000 43.151000 0.000000
      vertex 134.660000 43.151000 0.000000
    endloop
  endfacet
  facet normal -1.000000 0.000000 0.000000
    outer loop
      vertex 134.660000 42.105000 0.500000
      vertex 134.660000 43.151000 0.500000
      vertex 134.660000 43.151000 9.000000
    endloop
  endfacet
  facet normal -1.000000 0.000000 0.000000
    outer loop
      vertex 134.660000 42.105000 0.500000
      vertex 134.660000 43.151000 9.000000
      vertex 134.660000 42.105000 9.000000
    endloop
  endfacet
  facet normal 1.000000 0.000000 0.000000
    outer loop
      vertex 137.060000 42.105000 0.500000
      vertex 137.060000 42.105000 9.000000
      vertex 137.060000 43.151000 9.000000
    endloop
  endfacet
  facet normal 1.000000 0.000000 0.000000
    outer loop
      vertex 137.060000 42.105000 0.500000
      vertex 137.060000 43.151000 9.000000
      vertex 137.060000 43.151000 0.500000
    endloop
  endfacet
  facet normal 0.000000 1.000000 0.000000
    outer loop
      vertex 134.660000 43.151000 0.500000
      vertex 137.060000 43.151000 0.500000
      vertex 137.060000 43.151000 9.000000
    endloop
  endfacet
  facet normal 0.000000 1.000000 0.000000
    outer loop
      vertex 134.660000 43.151000 0.500000
      vertex 137.060000 43.151000 9.000000
      vertex 134.660000 43.151000 9.000000
    endloop
  endfacet
  facet normal -1.000000 0.000000 0.000000
    outer loop
      vertex 134.660000 42.105000 9.000000
      vertex 134.660000 43.151000 9.000000
      vertex 134.660000 43.151000 10.000000
    endloop
  endfacet
  facet normal -1.000000 0.000000 0.000000
    outer loop
      vertex 134.660000 42.105000 9.000000
      vertex 134.660000 43.151000 10.000000
      vertex 134.660000 42.105000 10.000000
    endloop
  endfacet
  facet normal 1.000000 0.000000 0.000000
    outer loop
      vertex 137.060000 42.105000 9.000000
      vertex 137.060000 42.105000 10.000000
      vertex 137.060000 43.151000 10.000000
    endloop
  endfacet
  facet normal 1.000000 0.000000 0.000000
    outer loop
      vertex 137.060000 42.105000 9.000000
      vertex 137.060000 43.151000 10.000000
      vertex 137.060000 43.151000 9.000000
    endloop
  endfacet
  facet normal 0.000000 1.000000 0.000000
    outer loop
      vertex 134.660000 43.151000 9.000000
      vertex 137.060000 43.151000 9.000000
      vertex 137.060000 43.151000 10.000000
    endloop
  endfacet
  facet normal 0.000000 1.000000 0.000000
    outer loop
      vertex 134.660000 43.151000 9.000000
      vertex 137.060000 43.151000 10.000000
      vertex 134.660000 43.151000 10.000000
    endloop
  endfacet
  facet normal -1.000000 0.000000 0.000000
    outer loop
      vertex 134.660000 42.105000 10.000000
      vertex 134.660000 43.151000 10.000000
      vertex 134.660000 43.151000 10.200000
    endloop
  endfacet
  facet normal -1.000000 0.000000 0.000000
    outer loop
      vertex 134.660000 42.105000 10.000000
      vertex 134.660000 43.151000 10.200000
      vertex 134.660000 42.105000 10.200000
    endloop
  endfacet
  facet normal 1.000000 0.000000 0.000000
    outer loop
      vertex 137.060000 42.105000 10.000000
      vertex 137.060000 42.105000 10.200000
      vertex 137.060000 43.151000 10.200000
    endloop
  endfacet
  facet normal 1.000000 0.000000 0.000000
    outer loop
      vertex 137.060000 42.105000 10.000000
      vertex 137.060000 43.151000 10.200000
      vertex 137.060000 43.151000 10.000000
    endloop
  endfacet
  facet normal -1.000000 0.000000 0.000000
    outer loop
      vertex 134.660000 42.105000 10.200000
      vertex 134.660000 43.151000 10.200000
      vertex 134.660000 43.151000 25.500000
    endloop
  endfacet
  facet normal -1.000000 0.000000 0.000000
    outer loop
      vertex 134.660000 42.105000 10.200000
      vertex 134.660000 43.151000 25.500000
      vertex 134.660000 42.105000 25.500000
    endloop
  endfacet
  facet normal 1.000000 0.000000 0.000000
    outer loop
      vertex 137.060000 42.105000 10.200000
      vertex 137.060000 42.105000 25.500000
      vertex 137.060000 43.151000 25.500000
    endloop
  endfacet
  facet normal 1.000000 0.000000 0.000000
    outer loop
      vertex 137.060000 42.105000 10.200000
      vertex 137.060000 43.151000 25.500000
      vertex 137.060000 43.151000 10.200000
    endloop
  endfacet
  facet normal -1.000000 0.000000 0.000000
    outer loop
      vertex 134.660000 42.105000 25.500000
      vertex 134.660000 43.151000 25.500000
      vertex 134.660000 43.151000 25.600000
    endloop
  endfacet
  facet normal -1.000000 0.000000 0.000000
    outer loop
      vertex 134.660000 42.105000 25.500000
      vertex 134.660000 43.151000 25.600000
      vertex 134.660000 42.105000 25.600000
    endloop
  endfacet
  facet normal 1.000000 0.000000 0.000000
    outer loop
      vertex 137.060000 42.105000 25.500000
      vertex 137.060000 42.105000 25.600000
      vertex 137.060000 43.151000 25.600000
    endloop
  endfacet
  facet normal 1.000000 0.000000 0.000000
    outer loop
      vertex 137.060000 42.105000 25.500000
      vertex 137.060000 43.151000 25.600000
      vertex 137.060000 43.151000 25.500000
    endloop
  endfacet
  facet normal 1.000000 0.000000 0.000000
    outer loop
      vertex 137.060000 42.105000 25.600000
      vertex 137.060000 42.105000 28.000000
      vertex 137.060000 43.151000 28.000000
    endloop
  endfacet
  facet normal 1.000000 0.000000 0.000000
    outer loop
      vertex 137.060000 42.105000 25.600000
      vertex 137.060000 43.151000 28.000000
      vertex 137.060000 43.151000 25.600000
    endloop
  endfacet
  facet normal 0.000000 0.000000 1.000000
    outer loop
      vertex 134.660000 42.105000 28.000000
      vertex 134.660000 43.151000 28.000000
      vertex 137.060000 43.151000 28.000000
    endloop
  endfacet
  facet normal 0.000000 0.000000 1.000000
    outer loop
      vertex 134.660000 42.105000 28.000000
      vertex 137.060000 43.151000 28.000000
      vertex 137.060000 42.105000 28.000000
    endloop
  endfacet
  facet normal -1.000000 0.000000 0.000000
    outer loop
      vertex 134.660000 43.151000 0.000000
      vertex 134.660000 43.244000 0.000000
      vertex 134.660000 43.244000 0.500000
    endloop
  endfacet
  facet normal -1.000000 0.000000 0.000000
    outer loop
      vertex 134.660000 43.151000 0.000000
      vertex 134.660000 43.244000 0.500000
      vertex 134.660000 43.151000 0.500000
    endloop
  endfacet
  facet normal 1.000000 0.000000 0.000000
    outer loop
      vertex 137.060000 43.151000 0.000000
      vertex 137.060000 43.151000 0.500000
      vertex 137.060000 43.244000 0.500000
    endloop
  endfacet
  facet normal 1.000000 0.000000 0.000000
    outer loop
      vertex 137.060000 43.151000 0.000000
      vertex 137.060000 43.244000 0.500000
      vertex 137.060000 43.244000 0.000000
    endloop
  endfacet
  facet normal 0.000000 0.000000 -1.000000
    outer loop
      vertex 134.660000 43.151000 0.000000
      vertex 137.060000 43.151000 0.000000
      vertex 137.060000 43.244000 0.000000
    endloop
  endfacet
  facet normal 0.000000 0.000000 -1.000000
    outer loop
      vertex 134.660000 43.151000 0.000000
      vertex 137.060000 43.244000 0.000000
      vertex 134.660000 43.244000 0.000000
    endloop
  endfacet
  facet normal 0.000000 0.000000 1.000000
    outer loop
      vertex 134.660000 43.151000 0.500000
      vertex 134.660000 43.244000 0.500000
      vertex 137.060000 43.244000 0.500000
    endloop
  endfacet
  facet normal 0.000000 0.000000 1.000000
    outer loop
      vertex 134.660000 43.151000 0.500000
      vertex 137.060000 43.244000 0.500000
      vertex 137.060000 43.151000 0.500000
    endloop
  endfacet
  facet normal -1.000000 0.000000 0.000000
    outer loop
      vertex 134.660000 43.151000 10.000000
      vertex 134.660000 43.244000 10.000000
      vertex 134.660000 43.244000 10.200000
    endloop
  endfacet
  facet normal -1.000000 0.000000 0.000000
    outer loop
      vertex 134.660000 43.151000 10.000000
      vertex 134.660000 43.244000 10.200000
      vertex 134.660000 43.151000 10.200000
    endloop
  endfacet
  facet normal 1.000000 0.000000 0.000000
    outer loop
      vertex 137.060000 43.151000 10.000000
      vertex 137.060000 43.151000 10.200000
      vertex 137.060000 43.244000 10.200000
    endloop
  endfacet
  facet normal 1.000000 0.000000 0.000000
    outer loop
      vertex 137.060000 43.151000 10.000000
      vertex 137.060000 43.244000 10.200000
      vertex 137.060000 43.244000 10.000000
    endloop
  endfacet
  facet normal 0.000000 0.000000 -1.000000
    outer loop
      vertex 134.660000 43.151000 10.000000
      vertex 137.060000 43.151000 10.000000
      vertex 137.060000 43.244000 10.000000
    endloop
  endfacet
  facet normal 0.000000 0.000000 -1.000000
    outer loop
      vertex 134.660000 43.151000 10.000000
      vertex 137.060000 43.244000 10.000000
      vertex 134.660000 43.244000 10.000000
    endloop
  endfacet
  facet normal -1.000000 0.000000 0.000000
    outer loop
      vertex 134.660000 43.151000 10.200000
      vertex 134.660000 43.244000 10.200000
      vertex 134.660000 43.244000 25.500000
    endloop
  endfacet
  facet normal -1.000000 0.000000 0.000000
    outer loop
      vertex 134.660000 43.151000 10.200000
      vertex 134.660000 43.244000 25.500000
      vertex 134.660000 43.151000 25.500000
    endloop
  endfacet
  facet normal 1.000000 0.000000 0.000000
    outer loop
      vertex 137.060000 43.151000 10.200000
      vertex 137.060000 43.151000 25.500000
      vertex 137.060000 43.244000 25.500000
    endloop
  endfacet
  facet normal 1.000000 0.000000 0.000000
    outer loop
      vertex 137.060000 43.151000 10.200000
      vertex 137.060000 43.244000 25.500000
      vertex 137.060000 43.244000 10.200000
    endloop
  endfacet
  facet normal -1.000000 0.000000 0.000000
    outer loop
      vertex 134.660000 43.151000 25.500000
      vertex 134.660000 43.244000 25.500000
      vertex 134.660000 43.244000 25.600000
    endloop
  endfacet
  facet normal -1.000000 0.000000 0.000000
    outer loop
      vertex 134.660000 43.151000 25.500000
      vertex 134.660000 43.244000 25.600000
      vertex 134.660000 43.151000 25.600000
    endloop
  endfacet
  facet normal 1.000000 0.000000 0.000000
    outer loop
      vertex 137.060000 43.151000 25.500000
      vertex 137.060000 43.151000 25.600000
      vertex 137.060000 43.244000 25.600000
    endloop
  endfacet
  facet normal 1.000000 0.000000 0.000000
    outer loop
      vertex 137.060000 43.151000 25.500000
      vertex 137.060000 43.244000 25.600000
      vertex 137.060000 43.244000 25.500000
    endloop
  endfacet
  facet normal 1.000000 0.000000 0.000000
    outer loop
      vertex 137.060000 43.151000 25.600000
      vertex 137.060000 43.151000 28.000000
      vertex 137.060000 43.244000 28.000000
    endloop
  endfacet
  facet normal 1.000000 0.000000 0.000000
    outer loop
      vertex 137.060000 43.151000 25.600000
      vertex 137.060000 43.244000 28.000000
      vertex 137.060000 43.244000 25.600000
    endloop
  endfacet
  facet normal 0.000000 0.000000 1.000000
    outer loop
      vertex 134.660000 43.151000 28.000000
      vertex 134.660000 43.244000 28.000000
      vertex 137.060000 43.244000 28.000000
    endloop
  endfacet
  facet normal 0.000000 0.000000 1.000000
    outer loop
      vertex 134.660000 43.151000 28.000000
      vertex 137.060000 43.244000 28.000000
      vertex 137.060000 43.151000 28.000000
    endloop
  endfacet
  facet normal -1.000000 0.000000 0.000000
    outer loop
      vertex 134.660000 43.244000 0.000000
      vertex 134.660000 54.437000 0.000000
      vertex 134.660000 54.437000 0.500000
    endloop
  endfacet
  facet normal -1.000000 0.000000 0.000000
    outer loop
      vertex 134.660000 43.244000 0.000000
      vertex 134.660000 54.437000 0.500000
      vertex 134.660000 43.244000 0.500000
    endloop
  endfacet
  facet normal 1.000000 0.000000 0.000000
    outer loop
      vertex 137.060000 43.244000 0.000000
      vertex 137.060000 43.244000 0.500000
      vertex 137.060000 54.437000 0.500000
    endloop
  endfacet
  facet normal 1.000000 0.000000 0.000000
    outer loop
      vertex 137.060000 43.244000 0.000000
      vertex 137.060000 54.437000 0.500000
      vertex 137.060000 54.437000 0.000000
    endloop
  endfacet
  facet normal 0.000000 0.000000 -1.000000
    outer loop
      vertex 134.660000 43.244000 0.000000
      vertex 137.060000 43.244000 0.000000
      vertex 137.060000 54.437000 0.000000
    endloop
  endfacet
  facet normal 0.000000 0.000000 -1.000000
    outer loop
      vertex 134.660000 43.244000 0.000000
      vertex 137.060000 54.437000 0.000000
      vertex 134.660000 54.437000 0.000000
    endloop
  endfacet
  facet normal 0.000000 0.000000 1.000000
    outer loop
      vertex 134.660000 43.244000 0.500000
      vertex 134.660000 54.437000 0.500000
      vertex 137.060000 54.437000 0.500000
    endloop
  endfacet
  facet normal 0.000000 0.000000 1.000000
    outer loop
      vertex 134.660000 43.244000 0.500000
      vertex 137.060000 54.437000 0.500000
      vertex 137.060000 43.244000 0.500000
    endloop
  endfacet
  facet normal -1.000000 0.000000 0.000000
    outer loop
      vertex 134.660000 43.244000 10.000000
      vertex 134.660000 54.437000 10.000000
      vertex 134.660000 54.437000 10.200000
    endloop
  endfacet
  facet normal -1.000000 0.000000 0.000000
    outer loop
      vertex 134.660000 43.244000 10.000000
      vertex 134.660000 54.437000 10.200000
      vertex 134.660000 43.244000 10.200000
    endloop
  endfacet
  facet normal 1.000000 0.000000 0.000000
    outer loop
      vertex 137.060000 43.244000 10.000000
      vertex 137.060000 43.244000 10.200000
      vertex 137.060000 54.437000 10.200000
    endloop
  endfacet
  facet normal 1.000000 0.000000 0.000000
    outer loop
      vertex 137.060000 43.244000 10.000000
      vertex 137.060000 54.437000 10.200000
      vertex 137.060000 54.437000 10.000000
    endloop
  endfacet
  facet normal 0.000000 0.000000 -1.000000
    outer loop
      vertex 134.660000 43.244000 10.000000
      vertex 137.060000 43.244000 10.000000
      vertex 137.060000 54.437000 10.000000
    endloop
  endfacet
  facet normal 0.000000 0.000000 -1.000000
    outer loop
      vertex 134.660000 43.244000 10.000000
      vertex 137.060000 54.437000 10.000000
      vertex 134.660000 54.437000 10.000000
    endloop
  endfacet
  facet normal -1.000000 0.000000 0.000000
    outer loop
      vertex 134.660000 43.244000 10.200000
      vertex 134.660000 54.437000 10.200000
      vertex 134.660000 54.437000 25.500000
    endloop
  endfacet
  facet normal -1.000000 0.000000 0.000000
    outer loop
      vertex 134.660000 43.244000 10.200000
      vertex 134.660000 54.437000 25.500000
      vertex 134.660000 43.244000 25.500000
    endloop
  endfacet
  facet normal 1.000000 0.000000 0.000000
    outer loop
      vertex 137.060000 43.244000 10.200000
      vertex 137.060000 43.244000 25.500000
      vertex 137.060000 54.437000 25.500000
    endloop
  endfacet
  facet normal 1.000000 0.000000 0.000000
    outer loop
      vertex 137.060000 43.244000 10.200000
      vertex 137.060000 54.437000 25.500000
      vertex 137.060000 54.437000 10.200000
    endloop
  endfacet
  facet normal -1.000000 0.000000 0.000000
    outer loop
      vertex 134.660000 43.244000 25.500000
      vertex 134.660000 54.437000 25.500000
      vertex 134.660000 54.437000 25.600000
    endloop
  endfacet
  facet normal -1.000000 0.000000 0.000000
    outer loop
      vertex 134.660000 43.244000 25.500000
      vertex 134.660000 54.437000 25.600000
      vertex 134.660000 43.244000 25.600000
    endloop
  endfacet
  facet normal 1.000000 0.000000 0.000000
    outer loop
      vertex 137.060000 43.244000 25.500000
      vertex 137.060000 43.244000 25.600000
      vertex 137.060000 54.437000 25.600000
    endloop
  endfacet
  facet normal 1.000000 0.000000 0.000000
    outer loop
      vertex 137.060000 43.244000 25.500000
      vertex 137.060000 54.437000 25.600000
      vertex 137.060000 54.437000 25.500000
    endloop
  endfacet
  facet normal 1.000000 0.000000 0.000000
    outer loop
      vertex 137.060000 43.244000 25.600000
      vertex 137.060000 43.244000 28.000000
      vertex 137.060000 54.437000 28.000000
    endloop
  endfacet
  facet normal 1.000000 0.000000 0.000000
    outer loop
      vertex 137.060000 43.244000 25.600000
      vertex 137.060000 54.437000 28.000000
      vertex 137.060000 54.437000 25.600000
    endloop
  endfacet
  facet normal 0.000000 0.000000 1.000000
    outer loop
      vertex 134.660000 43.244000 28.000000
      vertex 134.660000 54.437000 28.000000
      vertex 137.060000 54.437000 28.000000
    endloop
  endfacet
  facet normal 0.000000 0.000000 1.000000
    outer loop
      vertex 134.660000 43.244000 28.000000
      vertex 137.060000 54.437000 28.000000
      vertex 137.060000 43.244000 28.000000
    endloop
  endfacet
  facet normal -1.000000 0.000000 0.000000
    outer loop
      vertex 134.660000 54.437000 0.000000
      vertex 134.660000 61.935000 0.000000
      vertex 134.660000 61.935000 0.500000
    endloop
  endfacet
  facet normal -1.000000 0.000000 0.000000
    outer loop
      vertex 134.660000 54.437000 0.000000
      vertex 134.660000 61.935000 0.500000
      vertex 134.660000 54.437000 0.500000
    endloop
  endfacet
  facet normal 1.000000 0.000000 0.000000
    outer loop
      vertex 137.060000 54.437000 0.000000
      vertex 137.060000 54.437000 0.500000
      vertex 137.060000 61.935000 0.500000
    endloop
  endfacet
  facet normal 1.000000 0.000000 0.000000
    outer loop
      vertex 137.060000 54.437000 0.000000
      vertex 137.060000 61.935000 0.500000
      vertex 137.060000 61.935000 0.000000
    endloop
  endfacet
  facet normal 0.000000 0.000000 -1.000000
    outer loop
      vertex 134.660000 54.437000 0.000000
      vertex 137.060000 54.437000 0.000000
      vertex 137.060000 61.935000 0.000000
    endloop
  endfacet
  facet normal 0.000000 0.000000 -1.000000
    outer loop
      vertex 134.660000 54.437000 0.000000
      vertex 137.060000 61.935000 0.000000
      vertex 134.660000 61.935000 0.000000
    endloop
  endfacet
  facet normal -1.000000 0.000000 0.000000
    outer loop
      vertex 134.660000 54.437000 0.500000
      vertex 134.660000 61.935000 0.500000
      vertex 134.660000 61.935000 9.000000
    endloop
  endfacet
  facet normal -1.000000 0.000000 0.000000
    outer loop
      vertex 134.660000 54.437000 0.500000
      vertex 134.660000 61.935000 9.000000
      vertex 134.660000 54.437000 9.000000
    endloop
  endfacet
  facet normal 1.000000 0.000000 0.000000
    outer loop
      vertex 137.060000 54.437000 0.500000
      vertex 137.060000 54.437000 9.000000
      vertex 137.060000 61.935000 9.000000
    endloop
  endfacet
  facet normal 1.000000 0.000000 0.000000
    outer loop
      vertex 137.060000 54.437000 0.500000
      vertex 137.060000 61.935000 9.000000
      vertex 137.060000 61.935000 0.500000
    endloop
  endfacet
  facet normal 0.000000 -1.000000 0.000000
    outer loop
      vertex 134.660000 54.437000 0.500000
      vertex 134.660000 54.437000 9.000000
      vertex 137.060000 54.437000 9.000000
    endloop
  endfacet
  facet normal 0.000000 -1.000000 0.000000
    outer loop
      vertex 134.660000 54.437000 0.500000
      vertex 137.060000 54.437000 9.000000
      vertex 137.060000 54.437000 0.500000
    endloop
  endfacet
  facet normal -1.000000 0.000000 0.000000
    outer loop
      vertex 134.660000 54.437000 9.000000
      vertex 134.660000 61.935000 9.000000
      vertex 134.660000 61.935000 10.000000
    endloop
  endfacet
  facet normal -1.000000 0.000000 0.000000
    outer loop
      vertex 134.660000 54.437000 9.000000
      vertex 134.660000 61.935000 10.000000
      vertex 134.660000 54.437000 10.000000
    endloop
  endfacet
  facet normal 1.000000 0.000000 0.000000
    outer loop
      vertex 137.060000 54.437000 9.000000
      vertex 137.060000 54.437000 10.000000
      vertex 137.060000 61.935000 10.000000
    endloop
  endfacet
  facet normal 1.000000 0.000000 0.000000
    outer loop
      vertex 137.060000 54.437000 9.000000
      vertex 137.060000 61.935000 10.000000
      vertex 137.060000 61.935000 9.000000
    endloop
  endfacet
  facet normal 0.000000 -1.000000 0.000000
    outer loop
      vertex 134.660000 54.437000 9.000000
      vertex 134.660000 54.437000 10.000000
      vertex 137.060000 54.437000 10.000000
    endloop
  endfacet
  facet normal 0.000000 -1.000000 0.000000
    outer loop
      vertex 134.660000 54.437000 9.000000
      vertex 137.060000 54.437000 10.000000
      vertex 137.060000 54.437000 9.000000
    endloop
  endfacet
  facet normal -1.000000 0.000000 0.000000
    outer loop
      vertex 134.660000 54.437000 10.000000
      vertex 134.660000 61.935000 10.000000
      vertex 134.660000 61.935000 10.200000
    endloop
  endfacet
  facet normal -1.000000 0.000000 0.000000
    outer loop
      vertex 134.660000 54.437000 10.000000
      vertex 134.660000 61.935000 10.200000
      vertex 134.660000 54.437000 10.200000
    endloop
  endfacet
  facet normal 1.000000 0.000000 0.000000
    outer loop
      vertex 137.060000 54.437000 10.000000
      vertex 137.060000 54.437000 10.200000
      vertex 137.060000 61.935000 10.200000
    endloop
  endfacet
  facet normal 1.000000 0.000000 0.000000
    outer loop
      vertex 137.060000 54.437000 10.000000
      vertex 137.060000 61.935000 10.200000
      vertex 137.060000 61.935000 10.000000
    endloop
  endfacet
  facet normal -1.000000 0.000000 0.000000
    outer loop
      vertex 134.660000 54.437000 10.200000
      vertex 134.660000 61.935000 10.200000
      vertex 134.660000 61.935000 25.500000
    endloop
  endfacet
  facet normal -1.000000 0.000000 0.000000
    outer loop
      vertex 134.660000 54.437000 10.200000
      vertex 134.660000 61.935000 25.500000
      vertex 134.660000 54.437000 25.500000
    endloop
  endfacet
  facet normal 1.000000 0.000000 0.000000
    outer loop
      vertex 137.060000 54.437000 10.200000
      vertex 137.060000 54.437000 25.500000
      vertex 137.060000 61.935000 25.500000
    endloop
  endfacet
  facet normal 1.000000 0.000000 0.000000
    outer loop
      vertex 137.060000 54.437000 10.200000
      vertex 137.060000 61.935000 25.500000
      vertex 137.060000 61.935000 10.200000
    endloop
  endfacet
  facet normal -1.000000 0.000000 0.000000
    outer loop
      vertex 134.660000 54.437000 25.500000
      vertex 134.660000 61.935000 25.500000
      vertex 134.660000 61.935000 25.600000
    endloop
  endfacet
  facet normal -1.000000 0.000000 0.000000
    outer loop
      vertex 134.660000 54.437000 25.500000
      vertex 134.660000 61.935000 25.600000
      vertex 134.660000 54.437000 25.600000
    endloop
  endfacet
  facet normal 1.000000 0.000000 0.000000
    outer loop
      vertex 137.060000 54.437000 25.500000
      vertex 137.060000 54.437000 25.600000
      vertex 137.060000 61.935000 25.600000
    endloop
  endfacet
  facet normal 1.000000 0.000000 0.000000
    outer loop
      vertex 137.060000 54.437000 25.500000
      vertex 137.060000 61.935000 25.600000
      vertex 137.060000 61.935000 25.500000
    endloop
  endfacet
  facet normal 1.000000 0.000000 0.000000
    outer loop
      vertex 137.060000 54.437000 25.600000
      vertex 137.060000 54.437000 28.000000
      vertex 137.060000 61.935000 28.000000
    endloop
  endfacet
  facet normal 1.000000 0.000000 0.000000
    outer loop
      vertex 137.060000 54.437000 25.600000
      vertex 137.060000 61.935000 28.000000
      vertex 137.060000 61.935000 25.600000
    endloop
  endfacet
  facet normal 0.000000 0.000000 1.000000
    outer loop
      vertex 134.660000 54.437000 28.000000
      vertex 134.660000 61.935000 28.000000
      vertex 137.060000 61.935000 28.000000
    endloop
  endfacet
  facet normal 0.000000 0.000000 1.000000
    outer loop
      vertex 134.660000 54.437000 28.000000
      vertex 137.060000 61.935000 28.000000
      vertex 137.060000 54.437000 28.000000
    endloop
  endfacet
  facet normal -1.000000 0.000000 0.000000
    outer loop
      vertex 134.660000 61.935000 0.000000
      vertex 134.660000 64.480000 0.000000
      vertex 134.660000 64.480000 0.500000
    endloop
  endfacet
  facet normal -1.000000 0.000000 0.000000
    outer loop
      vertex 134.660000 61.935000 0.000000
      vertex 134.660000 64.480000 0.500000
      vertex 134.660000 61.935000 0.500000
    endloop
  endfacet
  facet normal 1.000000 0.000000 0.000000
    outer loop
      vertex 137.060000 61.935000 0.000000
      vertex 137.060000 61.935000 0.500000
      vertex 137.060000 64.480000 0.500000
    endloop
  endfacet
  facet normal 1.000000 0.000000 0.000000
    outer loop
      vertex 137.060000 61.935000 0.000000
      vertex 137.060000 64.480000 0.500000
      vertex 137.060000 64.480000 0.000000
    endloop
  endfacet
  facet normal 0.000000 0.000000 -1.000000
    outer loop
      vertex 134.660000 61.935000 0.000000
      vertex 137.060000 61.935000 0.000000
      vertex 137.060000 64.480000 0.000000
    endloop
  endfacet
  facet normal 0.000000 0.000000 -1.000000
    outer loop
      vertex 134.660000 61.935000 0.000000
      vertex 137.060000 64.480000 0.000000
      vertex 134.660000 64.480000 0.000000
    endloop
  endfacet
  facet normal -1.000000 0.000000 0.000000
    outer loop
      vertex 134.660000 61.935000 0.500000
      vertex 134.660000 64.480000 0.500000
      vertex 134.660000 64.480000 9.000000
    endloop
  endfacet
  facet normal -1.000000 0.000000 0.000000
    outer loop
      vertex 134.660000 61.935000 0.500000
      vertex 134.660000 64.480000 9.000000
      vertex 134.660000 61.935000 9.000000
    endloop
  endfacet
  facet normal 1.000000 0.000000 0.000000
    outer loop
      vertex 137.060000 61.935000 0.500000
      vertex 137.060000 61.935000 9.000000
      vertex 137.060000 64.480000 9.000000
    endloop
  endfacet
  facet normal 1.000000 0.000000 0.000000
    outer loop
      vertex 137.060000 61.935000 0.500000
      vertex 137.060000 64.480000 9.000000
      vertex 137.060000 64.480000 0.500000
    endloop
  endfacet
  facet normal -1.000000 0.000000 0.000000
    outer loop
      vertex 134.660000 61.935000 9.000000
      vertex 134.660000 64.480000 9.000000
      vertex 134.660000 64.480000 10.000000
    endloop
  endfacet
  facet normal -1.000000 0.000000 0.000000
    outer loop
      vertex 134.660000 61.935000 9.000000
      vertex 134.660000 64.480000 10.000000
      vertex 134.660000 61.935000 10.000000
    endloop
  endfacet
  facet normal 1.000000 0.000000 0.000000
    outer loop
      vertex 137.060000 61.935000 9.000000
      vertex 137.060000 61.935000 10.000000
      vertex 137.060000 64.480000 10.000000
    endloop
  endfacet
  facet normal 1.000000 0.000000 0.000000
    outer loop
      vertex 137.060000 61.935000 9.000000
      vertex 137.060000 64.480000 10.000000
      vertex 137.060000 64.480000 9.000000
    endloop
  endfacet
  facet normal -1.000000 0.000000 0.000000
    outer loop
      vertex 134.660000 61.935000 10.000000
      vertex 134.660000 64.480000 10.000000
      vertex 134.660000 64.480000 10.200000
    endloop
  endfacet
  facet normal -1.000000 0.000000 0.000000
    outer loop
      vertex 134.660000 61.935000 10.000000
      vertex 134.660000 64.480000 10.200000
      vertex 134.660000 61.935000 10.200000
    endloop
  endfacet
  facet normal 1.000000 0.000000 0.000000
    outer loop
      vertex 137.060000 61.935000 10.000000
      vertex 137.060000 61.935000 10.200000
      vertex 137.060000 64.480000 10.200000
    endloop
  endfacet
  facet normal 1.000000 0.000000 0.000000
    outer loop
      vertex 137.060000 61.935000 10.000000
      vertex 137.060000 64.480000 10.200000
      vertex 137.060000 64.480000 10.000000
    endloop
  endfacet
  facet normal -1.000000 0.000000 0.000000
    outer loop
      vertex 134.660000 61.935000 10.200000
      vertex 134.660000 64.480000 10.200000
      vertex 134.660000 64.480000 25.500000
    endloop
  endfacet
  facet normal -1.000000 0.000000 0.000000
    outer loop
      vertex 134.660000 61.935000 10.200000
      vertex 134.660000 64.480000 25.500000
      vertex 134.660000 61.935000 25.500000
    endloop
  endfacet
  facet normal 1.000000 0.000000 0.000000
    outer loop
      vertex 137.060000 61.935000 10.200000
      vertex 137.060000 61.935000 25.500000
      vertex 137.060000 64.480000 25.500000
    endloop
  endfacet
  facet normal 1.000000 0.000000 0.000000
    outer loop
      vertex 137.060000 61.935000 10.200000
      vertex 137.060000 64.480000 25.500000
      vertex 137.060000 64.480000 10.200000
    endloop
  endfacet
  facet normal -1.000000 0.000000 0.000000
    outer loop
      vertex 134.660000 61.935000 25.500000
      vertex 134.660000 64.480000 25.500000
      vertex 134.660000 64.480000 25.600000
    endloop
  endfacet
  facet normal -1.000000 0.000000 0.000000
    outer loop
      vertex 134.660000 61.935000 25.500000
      vertex 134.660000 64.480000 25.600000
      vertex 134.660000 61.935000 25.600000
    endloop
  endfacet
  facet normal 1.000000 0.000000 0.000000
    outer loop
      vertex 137.060000 61.935000 25.500000
      vertex 137.060000 61.935000 25.600000
      vertex 137.060000 64.480000 25.600000
    endloop
  endfacet
  facet normal 1.000000 0.000000 0.000000
    outer loop
      vertex 137.060000 61.935000 25.500000
      vertex 137.060000 64.480000 25.600000
      vertex 137.060000 64.480000 25.500000
    endloop
  endfacet
  facet normal 1.000000 0.000000 0.000000
    outer loop
      vertex 137.060000 61.935000 25.600000
      vertex 137.060000 61.935000 28.000000
      vertex 137.060000 64.480000 28.000000
    endloop
  endfacet
  facet normal 1.000000 0.000000 0.000000
    outer loop
      vertex 137.060000 61.935000 25.600000
      vertex 137.060000 64.480000 28.000000
      vertex 137.060000 64.480000 25.600000
    endloop
  endfacet
  facet normal 0.000000 0.000000 1.000000
    outer loop
      vertex 134.660000 61.935000 28.000000
      vertex 134.660000 64.480000 28.000000
      vertex 137.060000 64.480000 28.000000
    endloop
  endfacet
  facet normal 0.000000 0.000000 1.000000
    outer loop
      vertex 134.660000 61.935000 28.000000
      vertex 137.060000 64.480000 28.000000
      vertex 137.060000 61.935000 28.000000
    endloop
  endfacet
  facet normal -1.000000 0.000000 0.000000
    outer loop
      vertex 134.660000 64.480000 0.000000
      vertex 134.660000 66.080000 0.000000
      vertex 134.660000 66.080000 0.500000
    endloop
  endfacet
  facet normal -1.000000 0.000000 0.000000
    outer loop
      vertex 134.660000 64.480000 0.000000
      vertex 134.660000 66.080000 0.500000
      vertex 134.660000 64.480000 0.500000
    endloop
  endfacet
  facet normal 1.000000 0.000000 0.000000
    outer loop
      vertex 137.060000 64.480000 0.000000
      vertex 137.060000 64.480000 0.500000
      vertex 137.060000 66.080000 0.500000
    endloop
  endfacet
  facet normal 1.000000 0.000000 0.000000
    outer loop
      vertex 137.060000 64.480000 0.000000
      vertex 137.060000 66.080000 0.500000
      vertex 137.060000 66.080000 0.000000
    endloop
  endfacet
  facet normal 0.000000 0.000000 -1.000000
    outer loop
      vertex 134.660000 64.480000 0.000000
      vertex 137.060000 64.480000 0.000000
      vertex 137.060000 66.080000 0.000000
    endloop
  endfacet
  facet normal 0.000000 0.000000 -1.000000
    outer loop
      vertex 134.660000 64.480000 0.000000
      vertex 137.060000 66.080000 0.000000
      vertex 134.660000 66.080000 0.000000
    endloop
  endfacet
  facet normal -1.000000 0.000000 0.000000
    outer loop
      vertex 134.660000 64.480000 0.500000
      vertex 134.660000 66.080000 0.500000
      vertex 134.660000 66.080000 9.000000
    endloop
  endfacet
  facet normal -1.000000 0.000000 0.000000
    outer loop
      vertex 134.660000 64.480000 0.500000
      vertex 134.660000 66.080000 9.000000
      vertex 134.660000 64.480000 9.000000
    endloop
  endfacet
  facet normal 1.000000 0.000000 0.000000
    outer loop
      vertex 137.060000 64.480000 0.500000
      vertex 137.060000 64.480000 9.000000
      vertex 137.060000 66.080000 9.000000
    endloop
  endfacet
  facet normal 1.000000 0.000000 0.000000
    outer loop
      vertex 137.060000 64.480000 0.500000
      vertex 137.060000 66.080000 9.000000
      vertex 137.060000 66.080000 0.500000
    endloop
  endfacet
  facet normal -1.000000 0.000000 0.000000
    outer loop
      vertex 134.660000 64.480000 9.000000
      vertex 134.660000 66.080000 9.000000
      vertex 134.660000 66.080000 10.000000
    endloop
  endfacet
  facet normal -1.000000 0.000000 0.000000
    outer loop
      vertex 134.660000 64.480000 9.000000
      vertex 134.660000 66.080000 10.000000
      vertex 134.660000 64.480000 10.000000
    endloop
  endfacet
  facet normal 1.000000 0.000000 0.000000
    outer loop
      vertex 137.060000 64.480000 9.000000
      vertex 137.060000 64.480000 10.000000
      vertex 137.060000 66.080000 10.000000
    endloop
  endfacet
  facet normal 1.000000 0.000000 0.000000
    outer loop
      vertex 137.060000 64.480000 9.000000
      vertex 137.060000 66.080000 10.000000
      vertex 137.060000 66.080000 9.000000
    endloop
  endfacet
  facet normal -1.000000 0.000000 0.000000
    outer loop
      vertex 134.660000 64.480000 10.000000
      vertex 134.660000 66.080000 10.000000
      vertex 134.660000 66.080000 10.200000
    endloop
  endfacet
  facet normal -1.000000 0.000000 0.000000
    outer loop
      vertex 134.660000 64.480000 10.000000
      vertex 134.660000 66.080000 10.200000
      vertex 134.660000 64.480000 10.200000
    endloop
  endfacet
  facet normal 1.000000 0.000000 0.000000
    outer loop
      vertex 137.060000 64.480000 10.000000
      vertex 137.060000 64.480000 10.200000
      vertex 137.060000 66.080000 10.200000
    endloop
  endfacet
  facet normal 1.000000 0.000000 0.000000
    outer loop
      vertex 137.060000 64.480000 10.000000
      vertex 137.060000 66.080000 10.200000
      vertex 137.060000 66.080000 10.000000
    endloop
  endfacet
  facet normal -1.000000 0.000000 0.000000
    outer loop
      vertex 134.660000 64.480000 10.200000
      vertex 134.660000 66.080000 10.200000
      vertex 134.660000 66.080000 25.500000
    endloop
  endfacet
  facet normal -1.000000 0.000000 0.000000
    outer loop
      vertex 134.660000 64.480000 10.200000
      vertex 134.660000 66.080000 25.500000
      vertex 134.660000 64.480000 25.500000
    endloop
  endfacet
  facet normal 1.000000 0.000000 0.000000
    outer loop
      vertex 137.060000 64.480000 10.200000
      vertex 137.060000 64.480000 25.500000
      vertex 137.060000 66.080000 25.500000
    endloop
  endfacet
  facet normal 1.000000 0.000000 0.000000
    outer loop
      vertex 137.060000 64.480000 10.200000
      vertex 137.060000 66.080000 25.500000
      vertex 137.060000 66.080000 10.200000
    endloop
  endfacet
  facet normal -1.000000 0.000000 0.000000
    outer loop
      vertex 134.660000 64.480000 25.500000
      vertex 134.660000 66.080000 25.500000
      vertex 134.660000 66.080000 25.600000
    endloop
  endfacet
  facet normal -1.000000 0.000000 0.000000
    outer loop
      vertex 134.660000 64.480000 25.500000
      vertex 134.660000 66.080000 25.600000
      vertex 134.660000 64.480000 25.600000
    endloop
  endfacet
  facet normal 1.000000 0.000000 0.000000
    outer loop
      vertex 137.060000 64.480000 25.500000
      vertex 137.060000 64.480000 25.600000
      vertex 137.060000 66.080000 25.600000
    endloop
  endfacet
  facet normal 1.000000 0.000000 0.000000
    outer loop
      vertex 137.060000 64.480000 25.500000
      vertex 137.060000 66.080000 25.600000
      vertex 137.060000 66.080000 25.500000
    endloop
  endfacet
  facet normal 1.000000 0.000000 0.000000
    outer loop
      vertex 137.060000 64.480000 25.600000
      vertex 137.060000 64.480000 28.000000
      vertex 137.060000 66.080000 28.000000
    endloop
  endfacet
  facet normal 1.000000 0.000000 0.000000
    outer loop
      vertex 137.060000 64.480000 25.600000
      vertex 137.060000 66.080000 28.000000
      vertex 137.060000 66.080000 25.600000
    endloop
  endfacet
  facet normal 0.000000 0.000000 1.000000
    outer loop
      vertex 134.660000 64.480000 28.000000
      vertex 134.660000 66.080000 28.000000
      vertex 137.060000 66.080000 28.000000
    endloop
  endfacet
  facet normal 0.000000 0.000000 1.000000
    outer loop
      vertex 134.660000 64.480000 28.000000
      vertex 137.060000 66.080000 28.000000
      vertex 137.060000 64.480000 28.000000
    endloop
  endfacet
  facet normal 1.000000 0.000000 0.000000
    outer loop
      vertex 137.060000 66.080000 0.000000
      vertex 137.060000 66.080000 0.500000
      vertex 137.060000 68.480000 0.500000
    endloop
  endfacet
  facet normal 1.000000 0.000000 0.000000
    outer loop
      vertex 137.060000 66.080000 0.000000
      vertex 137.060000 68.480000 0.500000
      vertex 137.060000 68.480000 0.000000
    endloop
  endfacet
  facet normal 0.000000 1.000000 0.000000
    outer loop
      vertex 134.660000 68.480000 0.000000
      vertex 137.060000 68.480000 0.000000
      vertex 137.060000 68.480000 0.500000
    endloop
  endfacet
  facet normal 0.000000 1.000000 0.000000
    outer loop
      vertex 134.660000 68.480000 0.000000
      vertex 137.060000 68.480000 0.500000
      vertex 134.660000 68.480000 0.500000
    endloop
  endfacet
  facet normal 0.000000 0.000000 -1.000000
    outer loop
      vertex 134.660000 66.080000 0.000000
      vertex 137.060000 66.080000 0.000000
      vertex 137.060000 68.480000 0.000000
    endloop
  endfacet
  facet normal 0.000000 0.000000 -1.000000
    outer loop
      vertex 134.660000 66.080000 0.000000
      vertex 137.060000 68.480000 0.000000
      vertex 134.660000 68.480000 0.000000
    endloop
  endfacet
  facet normal 1.000000 0.000000 0.000000
    outer loop
      vertex 137.060000 66.080000 0.500000
      vertex 137.060000 66.080000 9.000000
      vertex 137.060000 68.480000 9.000000
    endloop
  endfacet
  facet normal 1.000000 0.000000 0.000000
    outer loop
      vertex 137.060000 66.080000 0.500000
      vertex 137.060000 68.480000 9.000000
      vertex 137.060000 68.480000 0.500000
    endloop
  endfacet
  facet normal 0.000000 1.000000 0.000000
    outer loop
      vertex 134.660000 68.480000 0.500000
      vertex 137.060000 68.480000 0.500000
      vertex 137.060000 68.480000 9.000000
    endloop
  endfacet
  facet normal 0.000000 1.000000 0.000000
    outer loop
      vertex 134.660000 68.480000 0.500000
      vertex 137.060000 68.480000 9.000000
      vertex 134.660000 68.480000 9.000000
    endloop
  endfacet
  facet normal 1.000000 0.000000 0.000000
    outer loop
      vertex 137.060000 66.080000 9.000000
      vertex 137.060000 66.080000 10.000000
      vertex 137.060000 68.480000 10.000000
    endloop
  endfacet
  facet normal 1.000000 0.000000 0.000000
    outer loop
      vertex 137.060000 66.080000 9.000000
      vertex 137.060000 68.480000 10.000000
      vertex 137.060000 68.480000 9.000000
    endloop
  endfacet
  facet normal 0.000000 1.000000 0.000000
    outer loop
      vertex 134.660000 68.480000 9.000000
      vertex 137.060000 68.480000 9.000000
      vertex 137.060000 68.480000 10.000000
    endloop
  endfacet
  facet normal 0.000000 1.000000 0.000000
    outer loop
      vertex 134.660000 68.480000 9.000000
      vertex 137.060000 68.480000 10.000000
      vertex 134.660000 68.480000 10.000000
    endloop
  endfacet
  facet normal 1.000000 0.000000 0.000000
    outer loop
      vertex 137.060000 66.080000 10.000000
      vertex 137.060000 66.080000 10.200000
      vertex 137.060000 68.480000 10.200000
    endloop
  endfacet
  facet normal 1.000000 0.000000 0.000000
    outer loop
      vertex 137.060000 66.080000 10.000000
      vertex 137.060000 68.480000 10.200000
      vertex 137.060000 68.480000 10.000000
    endloop
  endfacet
  facet normal 0.000000 1.000000 0.000000
    outer loop
      vertex 134.660000 68.480000 10.000000
      vertex 137.060000 68.480000 10.000000
      vertex 137.060000 68.480000 10.200000
    endloop
  endfacet
  facet normal 0.000000 1.000000 0.000000
    outer loop
      vertex 134.660000 68.480000 10.000000
      vertex 137.060000 68.480000 10.200000
      vertex 134.660000 68.480000 10.200000
    endloop
  endfacet
  facet normal 1.000000 0.000000 0.000000
    outer loop
      vertex 137.060000 66.080000 10.200000
      vertex 137.060000 66.080000 25.500000
      vertex 137.060000 68.480000 25.500000
    endloop
  endfacet
  facet normal 1.000000 0.000000 0.000000
    outer loop
      vertex 137.060000 66.080000 10.200000
      vertex 137.060000 68.480000 25.500000
      vertex 137.060000 68.480000 10.200000
    endloop
  endfacet
  facet normal 0.000000 1.000000 0.000000
    outer loop
      vertex 134.660000 68.480000 10.200000
      vertex 137.060000 68.480000 10.200000
      vertex 137.060000 68.480000 25.500000
    endloop
  endfacet
  facet normal 0.000000 1.000000 0.000000
    outer loop
      vertex 134.660000 68.480000 10.200000
      vertex 137.060000 68.480000 25.500000
      vertex 134.660000 68.480000 25.500000
    endloop
  endfacet
  facet normal 1.000000 0.000000 0.000000
    outer loop
      vertex 137.060000 66.080000 25.500000
      vertex 137.060000 66.080000 25.600000
      vertex 137.060000 68.480000 25.600000
    endloop
  endfacet
  facet normal 1.000000 0.000000 0.000000
    outer loop
      vertex 137.060000 66.080000 25.500000
      vertex 137.060000 68.480000 25.600000
      vertex 137.060000 68.480000 25.500000
    endloop
  endfacet
  facet normal 0.000000 1.000000 0.000000
    outer loop
      vertex 134.660000 68.480000 25.500000
      vertex 137.060000 68.480000 25.500000
      vertex 137.060000 68.480000 25.600000
    endloop
  endfacet
  facet normal 0.000000 1.000000 0.000000
    outer loop
      vertex 134.660000 68.480000 25.500000
      vertex 137.060000 68.480000 25.600000
      vertex 134.660000 68.480000 25.600000
    endloop
  endfacet
  facet normal 1.000000 0.000000 0.000000
    outer loop
      vertex 137.060000 66.080000 25.600000
      vertex 137.060000 66.080000 28.000000
      vertex 137.060000 68.480000 28.000000
    endloop
  endfacet
  facet normal 1.000000 0.000000 0.000000
    outer loop
      vertex 137.060000 66.080000 25.600000
      vertex 137.060000 68.480000 28.000000
      vertex 137.060000 68.480000 25.600000
    endloop
  endfacet
  facet normal 0.000000 1.000000 0.000000
    outer loop
      vertex 134.660000 68.480000 25.600000
      vertex 137.060000 68.480000 25.600000
      vertex 137.060000 68.480000 28.000000
    endloop
  endfacet
  facet normal 0.000000 1.000000 0.000000
    outer loop
      vertex 134.660000 68.480000 25.600000
      vertex 137.060000 68.480000 28.000000
      vertex 134.660000 68.480000 28.000000
    endloop
  endfacet
  facet normal 0.000000 0.000000 1.000000
    outer loop
      vertex 134.660000 66.080000 28.000000
      vertex 134.660000 68.480000 28.000000
      vertex 137.060000 68.480000 28.000000
    endloop
  endfacet
  facet normal 0.000000 0.000000 1.000000
    outer loop
      vertex 134.660000 66.080000 28.000000
      vertex 137.060000 68.480000 28.000000
      vertex 137.060000 66.080000 28.000000
    endloop
  endfacet
endsolid ek_tm4c129exl_case_lid_v1
